user_id,stay_lat,stay_lon,arrival_time,departure_time,dwell_time_minutes,lat,lon,cluster_label
1,18.16360572761714,92.23926688651588,2023-01-01 00:00:00.000000,2023-01-01 06:47:04.609533,407.07682555,18.16360572761714,92.23926688651588,0
1,18.936144818405754,75.01688181570216,2023-01-01 08:02:19.609533,2023-01-01 08:08:34.609533,6.25,18.936144818405754,75.01688181570216,1
1,18.932398303319914,75.00962728440665,2023-01-01 08:09:34.609533,2023-01-01 12:49:11.657768,279.61747058333333,18.932398303319914,75.00962728440665,1
1,18.1643006873746,92.23189701988683,2023-01-01 14:04:26.657768,2023-01-01 14:12:41.657768,8.25,18.1643006873746,92.23189701988683,0
1,18.163654444101915,92.239277225003,2023-01-01 14:13:41.657768,2023-01-01 17:34:41.657768,201.0,18.163654444101915,92.239277225003,0
1,18.163311037123126,92.23923458767919,2023-01-01 17:35:41.657768,2023-01-02 08:03:32.668672,867.8501817333333,18.163311037123126,92.23923458767919,0
1,15.639061872380864,90.30554620889123,2023-01-02 08:17:02.668672,2023-01-02 11:49:11.064148,212.1399246,15.639061872380864,90.30554620889123,2
1,15.665881005617553,86.17180757021862,2023-01-02 12:14:11.064148,2023-01-02 13:51:00.912202,96.8308009,15.665881005617553,86.17180757021862,3
1,15.63972889972084,90.30452192366718,2023-01-02 14:54:00.912202,2023-01-02 19:38:58.930376,284.9669695666667,15.63972889972084,90.30452192366718,2
1,19.07543709539862,79.74161112760886,2023-01-02 20:29:28.930376,2023-01-02 21:09:21.998070,39.884461566666666,19.07543709539862,79.74161112760886,4
1,18.163427886127153,92.23956555544525,2023-01-02 22:03:51.998070,2023-01-03 04:19:00.000000,375.1333655,18.163427886127153,92.23956555544525,0
1,18.162936652020786,92.23972813382629,2023-01-03 04:20:00.000000,2023-01-03 07:04:34.201157,164.57001928333332,18.162936652020786,92.23972813382629,0
1,15.638999062870887,90.30508949655461,2023-01-03 07:18:34.201157,2023-01-03 11:06:14.944973,227.6790636,15.638999062870887,90.30508949655461,2
1,18.926772797758744,75.01830058117888,2023-01-03 15:07:59.944973,2023-01-03 15:18:59.944973,11.0,18.926772797758744,75.01830058117888,1
1,18.930959885328786,75.01095480446203,2023-01-03 15:19:59.944973,2023-01-03 16:14:46.657700,54.77854545,18.930959885328786,75.01095480446203,1
1,15.63861762188134,90.30504286539696,2023-01-03 18:16:01.657700,2023-01-03 18:55:16.657700,39.25,15.63861762188134,90.30504286539696,2
1,15.640053310814562,90.30481078587223,2023-01-03 18:56:16.657700,2023-01-03 22:20:55.210050,204.6425391666667,15.640053310814562,90.30481078587223,2
1,18.163054366966815,92.23941200401664,2023-01-03 22:38:25.210050,2023-01-04 07:09:41.537800,511.2721291666667,18.163054366966815,92.23941200401664,0
1,15.639599380256552,90.30552819424074,2023-01-04 07:25:26.537800,2023-01-04 11:36:45.907564,251.3228294,15.639599380256552,90.30552819424074,2
1,24.243694279191082,73.00070528688764,2023-01-04 13:32:00.907564,2023-01-04 14:45:00.544303,72.99394564999999,24.243694279191082,73.00070528688764,5
1,15.639690512561256,90.30559642769107,2023-01-04 20:41:15.544303,2023-01-04 23:08:00.544303,146.75,15.639690512561256,90.30559642769107,2
1,15.638462112003074,90.30537993095105,2023-01-04 23:09:00.544303,2023-01-04 23:59:00.544303,50.0,15.638462112003074,90.30537993095105,2
1,18.161139541519127,92.2355174846602,2023-01-05 02:47:41.570346,2023-01-05 03:02:00.000000,14.3071609,18.161139541519127,92.2355174846602,0
1,18.16364102972453,92.23937289888882,2023-01-05 03:03:00.000000,2023-01-05 07:56:21.210052,293.35350086666665,18.16364102972453,92.23937289888882,0
1,15.639395986300556,90.30508409818862,2023-01-05 08:12:51.210052,2023-01-05 12:26:29.418907,253.63681425,15.639395986300556,90.30508409818862,2
1,18.92902135958466,75.01114767266705,2023-01-05 13:53:44.418907,2023-01-05 14:13:59.418907,20.25,18.92902135958466,75.01114767266705,1
1,18.9323180363718,75.00948783057314,2023-01-05 14:14:59.418907,2023-01-05 14:59:44.888929,44.7578337,18.9323180363718,75.00948783057314,1
1,15.640163302996166,90.30502027720416,2023-01-05 17:53:29.888929,2023-01-05 22:01:44.495580,248.2434441833333,15.640163302996166,90.30502027720416,2
1,19.07355530993305,79.74485688883382,2023-01-05 22:52:14.495580,2023-01-05 23:09:29.495580,17.25,19.07355530993305,79.74485688883382,4
1,19.07554975839455,79.7428520843413,2023-01-05 23:10:29.495580,2023-01-06 00:00:30.634939,50.01898931666666,19.07554975839455,79.7428520843413,4
1,18.163164748192365,92.2392777484207,2023-01-06 00:55:00.000000,2023-01-06 07:37:40.431008,402.6738501333333,18.163164748192365,92.2392777484207,0
1,15.638536097375296,90.3050626417007,2023-01-06 07:49:25.431008,2023-01-06 12:03:02.123223,253.6115369166667,15.638536097375296,90.3050626417007,2
1,19.07615969215508,79.75163144113276,2023-01-06 13:06:47.123223,2023-01-06 13:13:02.123223,6.25,19.07615969215508,79.75163144113276,4
1,19.07687279375184,79.7428001887996,2023-01-06 13:14:02.123223,2023-01-06 14:14:06.822512,60.07832148333333,19.07687279375184,79.7428001887996,4
1,15.639624650897842,90.30445901647116,2023-01-06 17:28:06.822512,2023-01-06 18:48:51.822512,80.75,15.639624650897842,90.30445901647116,2
1,15.639103206820659,90.30622822169236,2023-01-06 18:49:51.822512,2023-01-06 21:08:58.811942,139.1164905,15.639103206820659,90.30622822169236,2
1,18.158936884277413,92.23613226225525,2023-01-06 21:25:58.811942,2023-01-06 21:32:13.811942,6.25,18.158936884277413,92.23613226225525,0
1,18.163693178581525,92.23972557736467,2023-01-06 21:33:13.811942,2023-01-07 07:45:12.187165,611.9729203833334,18.163693178581525,92.23972557736467,0
1,19.077287941708736,79.7433990533012,2023-01-07 08:39:42.187165,2023-01-07 09:55:57.187165,76.25,19.077287941708736,79.7433990533012,4
1,19.076608264361397,79.74312795097134,2023-01-07 09:56:57.187165,2023-01-07 11:02:15.886305,65.31165233333334,19.076608264361397,79.74312795097134,4
1,18.16328458970095,92.23938363565837,2023-01-07 11:57:00.886305,2023-01-09 08:31:28.833315,2674.4657835000003,18.16328458970095,92.23938363565837,0
1,15.639160378803952,90.30421183203258,2023-01-09 08:46:13.833315,2023-01-09 13:04:14.191683,258.0059728,15.639160378803952,90.30421183203258,2
1,24.240503725496012,73.01008616431386,2023-01-09 17:55:29.191683,2023-01-09 18:04:14.191683,8.75,24.240503725496012,73.01008616431386,5
1,24.243122022788615,73.00079549663845,2023-01-09 18:05:14.191683,2023-01-09 18:51:25.272272,46.18467648333333,24.243122022788615,73.00079549663845,5
1,15.63813048228644,90.30562580097838,2023-01-09 21:21:25.272272,2023-01-09 23:59:40.272272,158.25,15.63813048228644,90.30562580097838,2
1,18.163447009692007,92.23925579513583,2023-01-10 01:30:00.000000,2023-01-10 07:29:37.773409,359.6295568166667,18.163447009692007,92.23925579513583,0
1,15.639890201917652,90.30543592094466,2023-01-10 07:40:37.773409,2023-01-10 12:28:00.737219,287.3827301666667,15.639890201917652,90.30543592094466,2
1,14.733148631247433,87.61077088749819,2023-01-10 12:59:30.737219,2023-01-10 13:18:00.737219,18.5,14.733148631247433,87.61077088749819,6
1,14.733886620136664,87.60604957962023,2023-01-10 13:19:00.737219,2023-01-10 14:09:35.135131,50.57329853333333,14.733886620136664,87.60604957962023,6
1,15.640321334049663,90.30490533220681,2023-01-10 14:24:50.135131,2023-01-10 18:38:42.343633,253.8701417,15.640321334049663,90.30490533220681,2
1,18.16346011678034,92.23968634211903,2023-01-10 18:55:57.343633,2023-01-11 08:08:56.411178,792.9844590833333,18.16346011678034,92.23968634211903,0
1,15.639184620468018,90.30440983813608,2023-01-11 08:20:11.411178,2023-01-11 12:23:08.115708,242.9450755,15.639184620468018,90.30440983813608,2
1,18.9310139389379,75.0094751693865,2023-01-11 13:44:53.115708,2023-01-11 14:34:16.323183,49.38679125,18.9310139389379,75.0094751693865,1
1,15.639120615788743,90.30631397867366,2023-01-11 16:46:16.323183,2023-01-11 20:50:14.249464,243.96543801666667,15.639120615788743,90.30631397867366,2
1,18.16332613846812,92.23923374244502,2023-01-11 21:07:29.249464,2023-01-12 08:21:10.725611,673.6912691166667,18.16332613846812,92.23923374244502,0
1,15.639020819016988,90.30535850889116,2023-01-12 08:33:55.725611,2023-01-12 12:29:29.745639,235.56700046666668,15.639020819016988,90.30535850889116,2
1,19.07556782476776,79.74754098967496,2023-01-12 14:07:14.745639,2023-01-12 14:51:33.787518,44.31736465,19.07556782476776,79.74754098967496,4
1,15.639668699996282,90.30542022054581,2023-01-12 17:11:18.787518,2023-01-12 21:19:24.328190,248.0923445333333,15.639668699996282,90.30542022054581,2
1,18.16122696280979,92.23929252049794,2023-01-12 21:36:39.328190,2023-01-12 22:25:54.328190,49.25,18.16122696280979,92.23929252049794,0
1,18.163844890288356,92.23964422071484,2023-01-12 22:26:54.328190,2023-01-13 08:22:39.423961,595.7515961833334,18.163844890288356,92.23964422071484,0
1,15.639394601375395,90.30489996837738,2023-01-13 08:37:09.423961,2023-01-13 12:52:05.160144,254.9289363833333,15.639394601375395,90.30489996837738,2
1,15.666012671604346,86.17093992472158,2023-01-13 13:13:35.160144,2023-01-13 14:14:11.486396,60.60543753333333,15.666012671604346,86.17093992472158,3
1,15.639437129641621,90.30524758516336,2023-01-13 14:53:56.486396,2023-01-13 19:32:16.746069,278.3376612166667,15.639437129641621,90.30524758516336,2
1,19.078475018288938,79.74473236196174,2023-01-13 20:23:01.746069,2023-01-13 20:43:22.734135,20.3498011,19.078475018288938,79.74473236196174,4
1,18.163492026073076,92.23928552267263,2023-01-13 21:38:07.734135,2023-01-15 08:07:58.019699,2069.8380927333333,18.163492026073076,92.23928552267263,0
1,18.93140332888674,75.0144454323691,2023-01-15 09:23:28.019699,2023-01-15 09:37:43.019699,14.25,18.93140332888674,75.0144454323691,1
1,18.932462563432292,75.00842784188907,2023-01-15 09:38:43.019699,2023-01-15 13:17:28.595947,218.7596041333333,18.932462563432292,75.00842784188907,1
1,18.16345144581765,92.24016344295102,2023-01-15 14:32:58.595947,2023-01-15 15:24:13.595947,51.25,18.16345144581765,92.24016344295102,0
1,18.163276335261223,92.2395931903038,2023-01-15 15:25:13.595947,2023-01-16 08:00:12.430197,994.9805708333332,18.163276335261223,92.2395931903038,0
1,15.63944782890227,90.30505742882056,2023-01-16 08:10:27.430197,2023-01-16 12:30:21.549057,259.90198100000003,15.63944782890227,90.30505742882056,2
1,14.735589135881678,87.61361271069323,2023-01-16 12:43:51.549057,2023-01-16 13:46:25.785627,62.5706095,14.735589135881678,87.61361271069323,6
1,15.641703037526085,90.29283176038169,2023-01-16 14:32:10.785627,2023-01-16 14:37:55.785627,5.75,15.641703037526085,90.29283176038169,2
1,15.639143631471068,90.30490374598881,2023-01-16 14:38:55.785627,2023-01-16 18:38:54.481551,239.9782654,15.639143631471068,90.30490374598881,2
1,19.7802875321297,81.73863957577109,2023-01-16 19:23:39.481551,2023-01-16 19:33:54.481551,10.25,19.7802875321297,81.73863957577109,7
1,19.784743518997008,81.73448656588998,2023-01-16 19:34:54.481551,2023-01-16 20:06:56.189651,32.028468333333336,19.784743518997008,81.73448656588998,7
1,18.16270475901413,92.23967937958274,2023-01-16 20:53:41.189651,2023-01-17 08:07:50.294114,674.15174105,18.16270475901413,92.23967937958274,0
1,15.639725927065923,90.30526722352965,2023-01-17 08:18:20.294114,2023-01-17 12:01:47.092249,223.4466355833333,15.639725927065923,90.30526722352965,2
1,15.665243247245545,86.17008344054452,2023-01-17 12:31:47.092249,2023-01-17 13:13:36.402851,41.82184336666667,15.665243247245545,86.17008344054452,3
1,15.63876912467632,90.30537050779506,2023-01-17 13:37:36.402851,2023-01-17 17:53:48.221622,256.19697951666666,15.63876912467632,90.30537050779506,2
1,18.154550951689867,92.23739331891868,2023-01-17 18:11:03.221622,2023-01-17 18:16:18.221622,5.25,18.154550951689867,92.23739331891868,0
1,18.16335160271041,92.23922541209646,2023-01-17 18:17:18.221622,2023-01-18 08:20:58.431947,843.6701720833333,18.16335160271041,92.23922541209646,0
1,15.638707369795195,90.30514647242202,2023-01-18 08:31:13.431947,2023-01-18 11:34:59.040762,183.76014691666663,15.638707369795195,90.30514647242202,2
1,18.92988712915062,75.0125622719099,2023-01-18 13:16:44.040762,2023-01-18 14:07:03.107282,50.31777533333333,18.92988712915062,75.0125622719099,1
1,15.640255130689726,90.30550536126078,2023-01-18 15:29:03.107282,2023-01-18 17:17:18.107282,108.25,15.640255130689726,90.30550536126078,2
1,15.639185879338173,90.30544931949191,2023-01-18 17:18:18.107282,2023-01-18 19:19:44.379437,121.43786925,15.639185879338173,90.30544931949191,2
1,18.163424250070932,92.23967929401594,2023-01-18 19:36:59.379437,2023-01-19 08:28:50.007038,771.84379335,18.163424250070932,92.23967929401594,0
1,15.638687765903112,90.30557584843123,2023-01-19 08:39:35.007038,2023-01-19 12:56:04.897049,256.49816685,15.638687765903112,90.30557584843123,2
1,24.244050794155626,73.00438660261166,2023-01-19 15:11:04.897049,2023-01-19 15:55:10.966816,44.10116278333333,24.244050794155626,73.00438660261166,5
1,15.63766085776273,90.30621966319173,2023-01-19 18:16:40.966816,2023-01-19 18:48:55.966816,32.25,15.63766085776273,90.30621966319173,2
1,15.63852896396595,90.30574910778367,2023-01-19 18:49:55.966816,2023-01-19 21:54:57.920803,185.03256645,15.63852896396595,90.30574910778367,2
1,14.734270979519806,87.60570245978911,2023-01-19 22:07:27.920803,2023-01-19 23:05:31.121506,58.05334505,14.734270979519806,87.60570245978911,6
1,18.163769243822692,92.23959781962037,2023-01-19 23:34:16.121506,2023-01-20 07:53:56.883751,499.67937075,18.163769243822692,92.23959781962037,0
1,15.639753677517415,90.30524674726115,2023-01-20 08:04:11.883751,2023-01-20 11:13:56.786014,189.74837105,15.639753677517415,90.30524674726115,2
1,18.931777162993477,75.01176795885601,2023-01-20 13:00:56.786014,2023-01-20 14:04:18.420840,63.36058043333333,18.931777162993477,75.01176795885601,1
1,15.639124689543584,90.30602376988993,2023-01-20 16:28:03.420840,2023-01-20 18:10:18.420840,102.25,15.639124689543584,90.30602376988993,2
1,15.639036047630778,90.30718193649078,2023-01-20 18:11:18.420840,2023-01-20 20:06:51.477222,115.5509397,15.639036047630778,90.30718193649078,2
1,18.16359551559532,92.23973703593947,2023-01-20 20:24:06.477222,2023-01-22 07:19:40.059515,2095.5597048833333,18.16359551559532,92.23973703593947,0
1,19.782681054442136,81.73629411179715,2023-01-22 08:06:10.059515,2023-01-22 08:16:25.059515,10.25,19.782681054442136,81.73629411179715,7
1,19.78242921402255,81.7327993444957,2023-01-22 08:17:25.059515,2023-01-22 09:49:52.514712,92.45758661666667,19.78242921402255,81.7327993444957,7
1,18.165895657763663,92.23388557311314,2023-01-22 10:36:22.514712,2023-01-22 10:42:37.514712,6.25,18.165895657763663,92.23388557311314,0
1,18.16331104420785,92.24001649142217,2023-01-22 10:43:37.514712,2023-01-23 07:54:31.444248,1270.8988256,18.16331104420785,92.24001649142217,0
1,15.638896836089982,90.30444631494552,2023-01-23 08:04:16.444248,2023-01-23 12:58:38.437869,294.36656035000004,15.638896836089982,90.30444631494552,2
1,15.665261870727363,86.17109264451669,2023-01-23 13:28:38.437869,2023-01-23 14:45:37.865931,76.9904677,15.665261870727363,86.17109264451669,3
1,15.639978570675012,90.29816284481967,2023-01-23 15:21:22.865931,2023-01-23 15:30:52.865931,9.5,15.639978570675012,90.29816284481967,2
1,15.640274443507149,90.3059841430376,2023-01-23 15:31:52.865931,2023-01-23 19:07:05.320022,215.2075681833333,15.640274443507149,90.3059841430376,2
1,18.163041132618872,92.23959778354028,2023-01-23 19:24:20.320022,2023-01-24 08:51:29.258191,807.1489694833333,18.163041132618872,92.23959778354028,0
1,15.639623075110274,90.30465633220575,2023-01-24 09:01:59.258191,2023-01-24 13:03:18.228370,241.31616965,15.639623075110274,90.30465633220575,2
1,18.92707639167193,75.01524539615568,2023-01-24 17:41:03.228370,2023-01-24 17:47:48.228370,6.75,18.92707639167193,75.01524539615568,1
1,18.932118123783194,75.01064497017173,2023-01-24 17:48:48.228370,2023-01-24 18:55:15.697719,66.45782248333333,18.932118123783194,75.01064497017173,1
1,15.639428699322089,90.30505956964018,2023-01-24 21:43:15.697719,2023-01-24 23:59:45.697719,136.5,15.639428699322089,90.30505956964018,2
1,18.161876947579174,92.2374140176931,2023-01-25 05:58:49.106260,2023-01-25 06:14:00.000000,15.181562333333334,18.161876947579174,92.2374140176931,0
1,18.16294609279047,92.23995933241336,2023-01-25 06:15:00.000000,2023-01-25 07:55:13.936583,100.23227638333331,18.16294609279047,92.23995933241336,0
1,15.639565952607443,90.30532411472251,2023-01-25 08:04:13.936583,2023-01-25 12:32:47.926974,268.56650651666666,15.639565952607443,90.30532411472251,2
1,15.66618781453785,86.16987830233275,2023-01-25 13:11:02.926974,2023-01-25 14:10:20.716685,59.29649518333333,15.66618781453785,86.16987830233275,3
1,15.639439959899589,90.30537055880802,2023-01-25 14:35:35.716685,2023-01-25 18:23:10.116021,227.57332226666668,15.639439959899589,90.30537055880802,2
1,18.157453804866876,92.24125957828133,2023-01-25 18:40:25.116021,2023-01-25 18:53:40.116021,13.25,18.157453804866876,92.24125957828133,0
1,18.163643203259532,92.23934487036033,2023-01-25 18:54:40.116021,2023-01-26 08:23:45.389588,809.0878927833332,18.163643203259532,92.23934487036033,0
1,15.63958471304426,90.30572516097895,2023-01-26 08:36:00.389588,2023-01-26 12:48:06.245987,252.09760665,15.63958471304426,90.30572516097895,2
1,19.07583370393705,79.74873320643717,2023-01-26 13:49:36.245987,2023-01-26 14:35:29.672694,45.89044511666667,19.07583370393705,79.74873320643717,4
1,15.639472965214551,90.30565051376274,2023-01-26 16:02:29.672694,2023-01-26 20:30:56.844478,268.4528630666667,15.639472965214551,90.30565051376274,2
1,18.16363752892116,92.23958347516498,2023-01-26 20:48:11.844478,2023-01-27 07:48:28.542649,660.2783028499999,18.16363752892116,92.23958347516498,0
1,15.639622045358967,90.30530678255715,2023-01-27 08:02:43.542649,2023-01-27 12:01:06.681114,238.38564108333333,15.639622045358967,90.30530678255715,2
1,14.735307243557964,87.6070843776927,2023-01-27 12:17:51.681114,2023-01-27 13:10:06.681114,52.25,14.735307243557964,87.6070843776927,6
1,14.731938405365632,87.60373939655831,2023-01-27 13:11:06.681114,2023-01-27 13:17:08.609273,6.032135983333333,14.731938405365632,87.60373939655831,6
1,15.639555256559568,90.30402324281474,2023-01-27 13:33:53.609273,2023-01-27 16:57:34.253187,203.67739856666668,15.639555256559568,90.30402324281474,2
1,16.102230074212112,79.1542232279399,2023-01-27 17:46:04.253187,2023-01-27 17:54:19.253187,8.25,16.102230074212112,79.1542232279399,-1
1,16.102739261914078,79.14834150243908,2023-01-27 17:55:19.253187,2023-01-27 18:32:49.549187,37.50493333333333,16.102739261914078,79.14834150243908,-1
1,18.163647476150015,92.2374981543795,2023-01-27 19:31:19.549187,2023-01-27 20:22:34.549187,51.25,18.163647476150015,92.2374981543795,0
1,18.163541175127065,92.2394422823723,2023-01-27 20:23:34.549187,2023-01-29 07:57:48.649604,2134.23500695,18.163541175127065,92.2394422823723,0
1,15.668116351212,86.1695797326761,2023-01-29 08:28:03.649604,2023-01-29 08:35:18.649604,7.25,15.668116351212,86.1695797326761,3
1,15.666031296476909,86.16736648533418,2023-01-29 08:36:18.649604,2023-01-29 10:20:31.291093,104.21069148333332,15.666031296476909,86.16736648533418,3
1,18.160984935547056,92.2406756536749,2023-01-29 10:50:31.291093,2023-01-29 11:22:46.291093,32.25,18.160984935547056,92.2406756536749,0
1,18.1635334060578,92.23946218365506,2023-01-29 11:23:46.291093,2023-01-30 06:51:29.203646,1167.7152092166666,18.1635334060578,92.23946218365506,0
1,15.639832907238436,90.3057617117191,2023-01-30 07:05:14.203646,2023-01-30 11:55:16.145903,290.03237095,15.639832907238436,90.3057617117191,2
1,19.074331555641244,79.7414747900333,2023-01-30 12:52:01.145903,2023-01-30 13:06:16.145903,14.25,19.074331555641244,79.7414747900333,4
1,19.07636240783671,79.74272087021653,2023-01-30 13:07:16.145903,2023-01-30 14:15:59.756446,68.72684238333333,19.07636240783671,79.74272087021653,4
1,15.639821429884147,90.30476182161902,2023-01-30 16:46:59.756446,2023-01-30 20:44:02.042122,237.0380946,15.639821429884147,90.30476182161902,2
1,18.16449054651366,92.23802750553308,2023-01-30 21:01:02.042122,2023-01-30 21:15:17.042122,14.25,18.16449054651366,92.23802750553308,0
1,18.16319280799586,92.23946289934952,2023-01-30 21:16:17.042122,2023-01-31 07:15:21.091889,599.0674961166666,18.16319280799586,92.23946289934952,0
1,15.639487200143748,90.30542605201865,2023-01-31 07:27:21.091889,2023-01-31 11:43:24.176118,256.05140381666666,15.639487200143748,90.30542605201865,2
1,18.930772388713784,75.01119343627556,2023-01-31 13:06:09.176118,2023-01-31 14:24:41.887949,78.54519718333333,18.930772388713784,75.01119343627556,1
1,15.639757285721558,90.30489986779797,2023-01-31 15:52:11.887949,2023-01-31 17:08:26.887949,76.25,15.639757285721558,90.30489986779797,2
1,15.638736339288103,90.30531686626978,2023-01-31 17:09:26.887949,2023-01-31 20:10:18.224037,180.85560146666663,15.638736339288103,90.30531686626978,2
1,18.162905530227132,92.23916984111975,2023-01-31 20:27:48.224037,2023-02-01 08:54:41.332019,746.8851330333333,18.162905530227132,92.23916984111975,0
1,15.639538727641646,90.30462736162426,2023-02-01 09:03:56.332019,2023-02-01 12:55:57.368771,232.0172792,15.639538727641646,90.30462736162426,2
1,19.07467513649856,79.74494178793667,2023-02-01 14:41:27.368771,2023-02-01 15:51:57.368771,70.5,19.07467513649856,79.74494178793667,4
1,19.081143320972533,79.74246709716726,2023-02-01 15:52:57.368771,2023-02-01 16:06:15.697270,13.305474983333331,19.081143320972533,79.74246709716726,4
1,15.639313827572067,90.30673524930477,2023-02-01 17:38:00.697270,2023-02-01 21:09:05.361856,211.0777431,15.639313827572067,90.30673524930477,2
1,18.163217348800607,92.2394278797792,2023-02-01 21:26:35.361856,2023-02-02 08:18:44.733636,652.1561963333334,18.163217348800607,92.2394278797792,0
1,15.63979918161341,90.30503635704898,2023-02-02 08:28:44.733636,2023-02-02 12:53:19.342709,264.5768178833333,15.63979918161341,90.30503635704898,2
1,19.07503032526681,79.74691656400034,2023-02-02 14:40:19.342709,2023-02-02 15:31:44.635793,51.4215514,19.07503032526681,79.74691656400034,4
1,15.638987610204165,90.30462107533648,2023-02-02 16:52:29.635793,2023-02-02 21:04:47.294388,252.2943099166667,15.638987610204165,90.30462107533648,2
1,14.731798752678653,87.60590276426572,2023-02-02 21:17:17.294388,2023-02-02 21:45:18.019801,28.012090216666664,14.731798752678653,87.60590276426572,6
1,18.16323910078098,92.23938749104329,2023-02-02 22:14:03.019801,2023-02-03 08:00:40.688330,586.6278088166667,18.16323910078098,92.23938749104329,0
1,15.646758475745898,90.30552229450228,2023-02-03 08:14:40.688330,2023-02-03 08:28:55.688330,14.25,15.646758475745898,90.30552229450228,2
1,15.63930863731108,90.30575039886433,2023-02-03 08:29:55.688330,2023-02-03 11:51:00.093546,201.07342026666663,15.63930863731108,90.30575039886433,2
1,15.666172678165278,86.1746476414533,2023-02-03 12:25:00.093546,2023-02-03 12:33:30.093546,8.5,15.666172678165278,86.1746476414533,3
1,15.665927468890708,86.16719511522331,2023-02-03 12:34:30.093546,2023-02-03 13:49:58.887218,75.47989453333334,15.665927468890708,86.16719511522331,3
1,15.638973703439389,90.3046666090808,2023-02-03 14:34:58.887218,2023-02-03 18:05:29.315391,210.50713621666668,15.638973703439389,90.3046666090808,2
1,18.163011122535952,92.23901686340142,2023-02-03 18:22:59.315391,2023-02-04 08:27:30.049874,844.5122413833334,18.163011122535952,92.23901686340142,0
1,24.23927731022492,73.0031138167903,2023-02-04 09:59:30.049874,2023-02-04 10:08:45.049874,9.25,24.23927731022492,73.0031138167903,5
1,24.244112527840798,73.00041382454327,2023-02-04 10:09:45.049874,2023-02-04 13:19:43.450241,189.97333945,24.244112527840798,73.00041382454327,5
1,18.16325832704733,92.23900200763643,2023-02-04 14:51:43.450241,2023-02-04 15:24:58.450241,33.25,18.16325832704733,92.23900200763643,0
1,18.16336813453124,92.23941580602357,2023-02-04 15:25:58.450241,2023-02-05 07:08:55.358583,942.9484723666668,18.16336813453124,92.23941580602357,0
1,15.669510707925411,86.17223406706242,2023-02-05 07:38:55.358583,2023-02-05 07:46:10.358583,7.25,15.669510707925411,86.17223406706242,3
1,15.664958683262562,86.16790847117043,2023-02-05 07:47:10.358583,2023-02-05 10:45:47.074672,178.61193481666666,15.664958683262562,86.16790847117043,3
1,18.163236706976047,92.23962200849117,2023-02-05 11:16:02.074672,2023-02-06 07:58:16.761139,1242.24477445,18.163236706976047,92.23962200849117,0
1,15.63923777614452,90.30487450701571,2023-02-06 08:14:31.761139,2023-02-06 10:50:37.002870,156.08736218333334,15.63923777614452,90.30487450701571,2
1,18.93164051968807,75.01244478773813,2023-02-06 12:30:52.002870,2023-02-06 13:43:16.520463,72.40862655,18.93164051968807,75.01244478773813,1
1,15.63858902340515,90.3056521734353,2023-02-06 15:09:01.520463,2023-02-06 19:18:50.513957,249.81655823333327,15.63858902340515,90.3056521734353,2
1,18.931567751239545,75.01719786466195,2023-02-06 20:28:35.513957,2023-02-06 20:34:50.513957,6.25,18.931567751239545,75.01719786466195,1
1,18.931463893663242,75.00907271460547,2023-02-06 20:35:50.513957,2023-02-06 21:38:11.903750,62.35649655,18.931463893663242,75.00907271460547,1
1,18.163205170123334,92.2393470078733,2023-02-06 22:53:41.903750,2023-02-07 01:00:00.000000,126.30160416666666,18.163205170123334,92.2393470078733,0
1,18.163587213570697,92.23934937902092,2023-02-07 01:01:00.000000,2023-02-07 08:34:12.965461,453.21609101666667,18.163587213570697,92.23934937902092,0
1,15.638175592167718,90.30508122846697,2023-02-07 08:43:27.965461,2023-02-07 13:11:00.966203,267.5500123666667,15.638175592167718,90.30508122846697,2
1,15.665687103415445,86.16908573306353,2023-02-07 13:30:15.966203,2023-02-07 14:45:19.496666,75.05884105,15.665687103415445,86.16908573306353,3
1,15.640123444515472,90.30502088308681,2023-02-07 15:06:49.496666,2023-02-07 16:56:04.496666,109.25,15.640123444515472,90.30502088308681,2
1,15.640004376977698,90.3067340979386,2023-02-07 16:57:04.496666,2023-02-07 18:39:42.260448,102.62939636666668,15.640004376977698,90.3067340979386,2
1,18.163389200639276,92.23946041023169,2023-02-07 18:56:57.260448,2023-02-08 07:28:52.078403,751.9136325833333,18.163389200639276,92.23946041023169,0
1,15.646444831438519,90.30867526917098,2023-02-08 07:44:22.078403,2023-02-08 07:50:37.078403,6.25,15.646444831438519,90.30867526917098,2
1,15.639474252468798,90.30613567168427,2023-02-08 07:51:37.078403,2023-02-08 12:10:15.223472,258.63575115,15.639474252468798,90.30613567168427,2
1,18.930195952982704,75.01073434026054,2023-02-08 13:36:45.223472,2023-02-08 14:44:50.289280,68.08443013333333,18.930195952982704,75.01073434026054,1
1,15.641444694917105,90.30313058367994,2023-02-08 16:00:35.289280,2023-02-08 16:25:50.289280,25.25,15.641444694917105,90.30313058367994,2
1,15.639635852342389,90.30585819924237,2023-02-08 16:26:50.289280,2023-02-08 19:19:52.380673,173.03485655,15.639635852342389,90.30585819924237,2
1,24.24403851207784,73.00225187624604,2023-02-08 20:52:37.380673,2023-02-08 21:40:19.756980,47.706271783333335,24.24403851207784,73.00225187624604,5
1,18.163175458902256,92.23968897608606,2023-02-08 23:12:19.756980,2023-02-09 08:09:05.513727,536.76261245,18.163175458902256,92.23968897608606,0
1,15.638797390813554,90.30623340689505,2023-02-09 08:20:05.513727,2023-02-09 11:48:27.876678,208.37271585,15.638797390813554,90.30623340689505,2
1,15.666377569595385,86.16981031672623,2023-02-09 12:25:27.876678,2023-02-09 13:15:57.876678,50.5,15.666377569595385,86.16981031672623,3
1,15.664035683687278,86.16723844092019,2023-02-09 13:16:57.876678,2023-02-09 13:30:22.320324,13.4073941,15.664035683687278,86.16723844092019,3
1,15.642414729669454,90.28780299668726,2023-02-09 14:02:07.320324,2023-02-09 14:07:37.320324,5.5,15.642414729669454,90.28780299668726,2
1,15.639998804120909,90.30548252507452,2023-02-09 14:08:37.320324,2023-02-09 17:15:25.314391,186.79990111666663,15.639998804120909,90.30548252507452,2
1,14.734663615155675,87.60225380670767,2023-02-09 17:27:55.314391,2023-02-09 17:42:41.955831,14.777357333333333,14.734663615155675,87.60225380670767,6
1,18.159697967382662,92.23711332523345,2023-02-09 18:11:26.955831,2023-02-09 18:18:41.955831,7.25,18.159697967382662,92.23711332523345,0
1,18.16307023563683,92.23973785296907,2023-02-09 18:19:41.955831,2023-02-10 08:07:40.375742,827.9736651833333,18.16307023563683,92.23973785296907,0
1,15.639297143488456,90.30458211543942,2023-02-10 08:20:10.375742,2023-02-10 12:00:26.084706,220.26181606666665,15.639297143488456,90.30458211543942,2
1,14.733901469973748,87.60938093635701,2023-02-10 12:36:26.084706,2023-02-10 13:37:11.084706,60.75,14.733901469973748,87.60938093635701,6
1,14.73043117428545,87.61034753857481,2023-02-10 13:38:11.084706,2023-02-10 13:46:45.505136,8.573673833333334,14.73043117428545,87.61034753857481,6
1,15.639564619128022,90.30517183933647,2023-02-10 14:09:15.505136,2023-02-10 18:42:00.005519,272.74167305000003,15.639564619128022,90.30517183933647,2
1,18.1634370074649,92.23969138996237,2023-02-10 18:59:30.005519,2023-02-11 07:38:15.493935,758.7581402666667,18.1634370074649,92.23969138996237,0
1,19.07583359047766,79.74353778349236,2023-02-11 08:33:00.493935,2023-02-11 11:16:45.076858,163.74304871666666,19.07583359047766,79.74353778349236,4
1,18.1614174277872,92.23585009171883,2023-02-11 12:11:15.076858,2023-02-11 12:19:30.076858,8.25,18.1614174277872,92.23585009171883,0
1,18.163169688721126,92.23951971738137,2023-02-11 12:20:30.076858,2023-02-12 09:08:09.796386,1247.6619921333331,18.163169688721126,92.23951971738137,0
1,19.077744037615073,79.74342471753545,2023-02-12 10:03:09.796386,2023-02-12 12:50:36.945548,167.45248603333332,19.077744037615073,79.74342471753545,4
1,18.163369614405955,92.23956942988542,2023-02-12 13:45:21.945548,2023-02-13 07:49:24.894421,1084.0491478833333,18.163369614405955,92.23956942988542,0
1,15.639482984037539,90.30472031850164,2023-02-13 08:02:09.894421,2023-02-13 12:37:36.299991,275.4400928333333,15.639482984037539,90.30472031850164,2
1,24.239224019035493,73.00686368798341,2023-02-13 15:48:36.299991,2023-02-13 16:28:54.932567,40.31054293333333,24.239224019035493,73.00686368798341,5
1,15.63979780259174,90.30494971416312,2023-02-13 20:24:24.932567,2023-02-13 23:59:54.932567,215.5,15.63979780259174,90.30494971416312,2
1,18.162870179642024,92.23943630187279,2023-02-14 00:37:35.252431,2023-02-14 08:17:10.486931,459.5872416666666,18.162870179642024,92.23943630187279,0
1,15.63992615299951,90.3052325363223,2023-02-14 08:29:25.486931,2023-02-14 11:59:15.178002,209.82818451666665,15.63992615299951,90.3052325363223,2
1,24.244566589647953,73.00207815007992,2023-02-14 13:33:15.178002,2023-02-14 14:44:43.364575,71.46977621666666,24.244566589647953,73.00207815007992,5
1,15.640453491747813,90.29883488355551,2023-02-14 20:23:43.364575,2023-02-14 20:34:28.364575,10.75,15.640453491747813,90.29883488355551,2
1,15.639410964951924,90.30638157380994,2023-02-14 20:35:28.364575,2023-02-14 23:59:28.364575,204.0,15.639410964951924,90.30638157380994,2
1,18.163010831141086,92.23939516208351,2023-02-15 00:38:00.000000,2023-02-15 08:35:26.524294,477.4420715666666,18.163010831141086,92.23939516208351,0
1,15.639922088151039,90.30639358116832,2023-02-15 08:47:56.524294,2023-02-15 13:03:51.639797,255.91859171666667,15.639922088151039,90.30639358116832,2
1,24.24357643243019,73.0,2023-02-15 15:38:21.639797,2023-02-15 16:41:52.077924,63.507302116666665,24.24357643243019,73.0,5
1,15.6390057101016,90.30495734229369,2023-02-15 18:53:37.077924,2023-02-15 20:11:52.077924,78.25,15.6390057101016,90.30495734229369,2
1,15.63911706632381,90.30456754017658,2023-02-15 20:12:52.077924,2023-02-15 22:38:32.252344,145.66957366666665,15.63911706632381,90.30456754017658,2
1,18.16169533908871,92.23763217923052,2023-02-15 22:55:47.252344,2023-02-15 23:19:02.252344,23.25,18.16169533908871,92.23763217923052,0
1,18.16327400930985,92.24108341553412,2023-02-15 23:20:02.252344,2023-02-15 23:58:02.252344,38.0,18.16327400930985,92.24108341553412,0
2,19.777231196784072,91.12495608336909,2023-01-01 00:00:00.000000,2023-01-01 08:12:58.149637,492.9691606166666,19.777231196784072,91.12495608336909,8
2,17.46685799764625,79.9810509671434,2023-01-01 09:03:28.149637,2023-01-01 12:38:46.908438,215.31264668333333,17.46685799764625,79.9810509671434,9
2,19.77514374660779,91.12186153713276,2023-01-01 13:29:01.908438,2023-01-01 13:41:16.908438,12.25,19.77514374660779,91.12186153713276,8
2,19.777330685702587,91.12555258045485,2023-01-01 13:42:16.908438,2023-01-02 07:31:29.534819,1069.210439683333,19.777330685702587,91.12555258045485,8
2,22.034958444649124,93.99802603630162,2023-01-02 07:44:59.534819,2023-01-02 11:20:00.245421,215.01184336666665,22.034958444649124,93.99802603630162,10
2,21.695902215893554,86.93967612446299,2023-01-02 12:04:45.245421,2023-01-02 13:06:42.998576,61.96255258333333,21.695902215893554,86.93967612446299,11
2,22.03451121230526,93.99932686175467,2023-01-02 14:20:42.998576,2023-01-02 18:06:13.565008,225.50944053333333,22.03451121230526,93.99932686175467,10
2,24.07848244100437,75.92279447047429,2023-01-02 19:26:13.565008,2023-01-02 19:51:02.989000,24.8237332,24.07848244100437,75.92279447047429,12
2,19.77715718581729,91.12552934075114,2023-01-02 21:02:32.989000,2023-01-03 08:20:48.505306,678.2586051,19.77715718581729,91.12552934075114,8
2,22.03615547965118,93.99879745392303,2023-01-03 08:31:33.505306,2023-01-03 12:07:13.207844,215.66170896666665,22.03615547965118,93.99879745392303,10
2,24.079281583149214,75.92709572926402,2023-01-03 13:45:43.207844,2023-01-03 14:52:28.648320,66.75734126666667,24.079281583149214,75.92709572926402,12
2,22.0357349630968,93.99838243536219,2023-01-03 19:48:58.648320,2023-01-03 21:44:43.648320,115.75,22.0357349630968,93.99838243536219,10
2,22.035330195792874,93.99920817243085,2023-01-03 21:45:43.648320,2023-01-03 23:59:43.648320,134.0,22.035330195792874,93.99920817243085,10
2,17.483174548983083,80.03459287482077,2023-01-04 01:23:47.972310,2023-01-04 01:47:44.958145,23.949763916666665,17.483174548983083,80.03459287482077,9
2,19.777045970735344,91.12546702284216,2023-01-04 02:37:59.958145,2023-01-04 08:29:25.520279,351.42603556666666,19.777045970735344,91.12546702284216,8
2,22.034897900800082,93.9980906869065,2023-01-04 08:39:40.520279,2023-01-04 11:57:36.444957,197.93207796666667,22.034897900800082,93.9980906869065,10
2,21.69602246817712,86.93857062305521,2023-01-04 12:47:36.444957,2023-01-04 14:09:26.928892,81.84139891666668,21.69602246817712,86.93857062305521,11
2,22.035617978688624,93.99883724711145,2023-01-04 15:04:41.928892,2023-01-04 19:21:08.874353,256.44909101666667,22.035617978688624,93.99883724711145,10
2,19.780180454527578,91.12566084275939,2023-01-04 19:39:08.874353,2023-01-04 20:18:23.874353,39.25,19.780180454527578,91.12566084275939,8
2,19.776968307489902,91.12543317675645,2023-01-04 20:19:23.874353,2023-01-05 07:51:42.498451,692.3104016333333,19.776968307489902,91.12543317675645,8
2,22.034390258755018,93.99829694954295,2023-01-05 08:04:27.498451,2023-01-05 12:36:09.366298,271.69779745,22.034390258755018,93.99829694954295,10
2,21.696912209846737,86.9454204649706,2023-01-05 13:55:24.366298,2023-01-05 14:34:07.021653,38.71092258333333,21.696912209846737,86.9454204649706,11
2,22.028198130533816,93.98660801838633,2023-01-05 16:12:22.021653,2023-01-05 16:19:07.021653,6.75,22.028198130533816,93.98660801838633,10
2,22.035584870793578,93.99879998290045,2023-01-05 16:20:07.021653,2023-01-05 20:05:57.047555,225.8337650333333,22.035584870793578,93.99879998290045,10
2,19.781388333522504,91.13072105034864,2023-01-05 20:24:12.047555,2023-01-05 20:35:27.047555,11.25,19.781388333522504,91.13072105034864,8
2,19.777278629625336,91.1258158468689,2023-01-05 20:36:27.047555,2023-01-06 08:37:29.637304,721.0431624833333,19.777278629625336,91.1258158468689,8
2,22.033635121291677,93.99656734268333,2023-01-06 08:54:44.637304,2023-01-06 09:03:59.637304,9.25,22.033635121291677,93.99656734268333,10
2,22.035316045353717,93.99820719921874,2023-01-06 09:04:59.637304,2023-01-06 12:51:10.672437,226.1839188833333,22.035316045353717,93.99820719921874,10
2,21.69709671185747,86.94041334589296,2023-01-06 14:49:10.672437,2023-01-06 15:44:55.049280,55.73961405,21.69709671185747,86.94041334589296,11
2,22.03511528573665,93.99883227987866,2023-01-06 16:58:40.049280,2023-01-06 19:45:10.049280,166.5,22.03511528573665,93.99883227987866,10
2,22.034551983495867,93.99927774136404,2023-01-06 19:46:10.049280,2023-01-06 20:56:48.438696,70.6398236,22.034551983495867,93.99927774136404,10
2,19.777165422623916,91.12585391913368,2023-01-06 21:15:03.438696,2023-01-09 07:05:08.969590,3470.0921815666666,19.777165422623916,91.12585391913368,8
2,22.03534554213175,93.99975651862621,2023-01-09 07:17:53.969590,2023-01-09 10:38:11.387119,200.29029215,22.03534554213175,93.99975651862621,10
2,24.079825424756656,75.92129060563637,2023-01-09 12:19:26.387119,2023-01-09 13:36:05.735481,76.65580603333333,24.079825424756656,75.92129060563637,12
2,22.036335455647936,93.99626531652943,2023-01-09 15:04:20.735481,2023-01-09 15:40:35.735481,36.25,22.036335455647936,93.99626531652943,10
2,22.035543770241997,93.99859583668727,2023-01-09 15:41:35.735481,2023-01-09 19:25:57.482276,224.3624465833333,22.035543770241997,93.99859583668727,10
2,19.777481823781148,91.12576997459738,2023-01-09 19:44:27.482276,2023-01-10 08:24:51.400311,760.3986339166667,19.777481823781148,91.12576997459738,8
2,22.034759906793134,93.9986947926112,2023-01-10 08:41:21.400311,2023-01-10 12:21:34.561664,220.2193558833333,22.034759906793134,93.9986947926112,10
2,24.079761607492987,75.92108106553235,2023-01-10 15:18:04.561664,2023-01-10 16:33:02.637191,74.96792545,24.079761607492987,75.92108106553235,12
2,22.0377061649983,93.9911453302089,2023-01-10 18:03:02.637191,2023-01-10 18:12:17.637191,9.25,22.0377061649983,93.9911453302089,10
2,22.035138802375677,93.99908358068366,2023-01-10 18:13:17.637191,2023-01-10 21:53:20.498974,220.0476963833333,22.035138802375677,93.99908358068366,10
2,19.777518002139146,91.125703379975,2023-01-10 22:11:50.498974,2023-01-11 07:17:49.642290,545.9857219333334,19.777518002139146,91.125703379975,8
2,22.035678002271773,93.99897537293636,2023-01-11 07:27:49.642290,2023-01-11 11:20:33.022688,232.7230066333333,22.035678002271773,93.99897537293636,10
2,23.146770087335106,85.95707629635014,2023-01-11 12:13:03.022688,2023-01-11 13:41:46.855775,88.73055145,23.146770087335106,85.95707629635014,13
2,22.035832176745554,93.99827507957167,2023-01-11 14:31:01.855775,2023-01-11 18:02:50.845233,211.81649096666663,22.035832176745554,93.99827507957167,10
2,19.776965566785883,91.12531262106279,2023-01-11 18:21:05.845233,2023-01-12 08:32:42.597734,851.6125416833333,19.776965566785883,91.12531262106279,8
2,22.034358016359967,93.99836807173807,2023-01-12 08:42:27.597734,2023-01-12 12:11:38.385063,209.17978881666667,22.034358016359967,93.99836807173807,10
2,23.14650383771673,85.95617219696307,2023-01-12 13:18:38.385063,2023-01-12 14:12:02.189815,53.39674586666667,23.14650383771673,85.95617219696307,13
2,22.035840643806296,93.99760063417963,2023-01-12 14:51:32.189815,2023-01-12 18:03:30.165006,191.9662531833333,22.035840643806296,93.99760063417963,10
2,21.69413620718845,86.93794466467054,2023-01-12 18:34:00.165006,2023-01-12 18:53:57.807220,19.960703566666663,21.69413620718845,86.93794466467054,11
2,19.776622234240936,91.1254016919733,2023-01-12 19:15:12.807220,2023-01-13 07:44:09.543581,748.9456060166667,19.776622234240936,91.1254016919733,8
2,22.035299611011908,93.99923055024229,2023-01-13 07:54:54.543581,2023-01-13 11:59:02.524053,244.13300786666665,22.035299611011908,93.99923055024229,10
2,17.466313848038872,79.98289084926338,2023-01-13 13:14:47.524053,2023-01-13 14:27:36.001489,72.80795726666666,17.466313848038872,79.98289084926338,9
2,22.03470763900875,93.9988366872954,2023-01-13 16:31:51.001489,2023-01-13 21:34:56.186905,303.0864236,22.03470763900875,93.9988366872954,10
2,19.777047011977636,91.1253603393891,2023-01-13 21:53:11.186905,2023-01-16 07:45:20.414609,3472.1537950666666,19.777047011977636,91.1253603393891,8
2,22.034314595065702,93.99969866618038,2023-01-16 07:58:05.414609,2023-01-16 11:17:31.071874,199.4276210833333,22.034314595065702,93.99969866618038,10
2,23.1478170142355,85.95586367387031,2023-01-16 11:54:46.071874,2023-01-16 12:52:27.218765,57.685781516666665,23.1478170142355,85.95586367387031,13
2,22.035172839767263,93.99555746828644,2023-01-16 13:31:42.218765,2023-01-16 13:45:57.218765,14.25,22.035172839767263,93.99555746828644,10
2,22.035047054472116,93.99917683910193,2023-01-16 13:46:57.218765,2023-01-16 18:01:29.689857,254.54118486666667,22.035047054472116,93.99917683910193,10
2,19.776653055937892,91.12562295401182,2023-01-16 18:19:59.689857,2023-01-17 08:38:10.961387,858.1878588333333,19.776653055937892,91.12562295401182,8
2,22.03490618999391,93.99918595848521,2023-01-17 08:47:25.961387,2023-01-17 12:37:20.059850,229.90164105,22.03490618999391,93.99918595848521,10
2,17.468250087600996,79.98458712039132,2023-01-17 14:54:20.059850,2023-01-17 15:15:50.059850,21.5,17.468250087600996,79.98458712039132,9
2,17.467177412489818,79.98078758893077,2023-01-17 15:16:50.059850,2023-01-17 15:51:41.816476,34.86261043333333,17.467177412489818,79.98078758893077,9
2,22.032957378212757,93.99251461287884,2023-01-17 18:18:56.816476,2023-01-17 18:30:26.816476,11.5,22.032957378212757,93.99251461287884,10
2,22.034477457159724,93.99891787204356,2023-01-17 18:31:26.816476,2023-01-17 21:34:44.208357,183.2898646833333,22.034477457159724,93.99891787204356,10
2,19.77723536127678,91.1258863486959,2023-01-17 21:52:59.208357,2023-01-18 07:02:10.302780,549.18490705,19.77723536127678,91.1258863486959,8
2,22.035060347290003,93.99916670319054,2023-01-18 07:17:55.302780,2023-01-18 11:26:36.196930,248.68156916666663,22.035060347290003,93.99916670319054,10
2,24.08226757191016,75.91923777397017,2023-01-18 13:06:36.196930,2023-01-18 13:59:10.857024,52.57766823333333,24.08226757191016,75.91923777397017,12
2,22.03604934437409,93.998849313818,2023-01-18 15:39:10.857024,2023-01-18 20:09:39.618896,270.4793645333333,22.03604934437409,93.998849313818,10
2,19.777291367766793,91.12567983047248,2023-01-18 20:27:54.618896,2023-01-19 07:43:37.408889,675.71316655,19.777291367766793,91.12567983047248,8
2,22.034930882276633,93.99928994806551,2023-01-19 07:54:22.408889,2023-01-19 12:01:08.580190,246.76952168333327,22.034930882276633,93.99928994806551,10
2,23.146503080863095,85.95915536668454,2023-01-19 13:15:38.580190,2023-01-19 14:14:45.069116,59.108148766666666,23.146503080863095,85.95915536668454,13
2,22.035728452314345,93.99877839078835,2023-01-19 16:29:30.069116,2023-01-19 19:02:15.069116,152.75,22.035728452314345,93.99877839078835,10
2,22.035905605797424,93.99833125046004,2023-01-19 19:03:15.069116,2023-01-19 20:48:45.172980,105.50173106666666,22.035905605797424,93.99833125046004,10
2,19.782946187003965,91.13226301434673,2023-01-19 21:06:45.172980,2023-01-19 21:13:00.172980,6.25,19.782946187003965,91.13226301434673,8
2,19.777284814323934,91.12615706892201,2023-01-19 21:14:00.172980,2023-01-20 07:17:40.276133,603.6683858833333,19.777284814323934,91.12615706892201,8
2,22.035235660228935,93.99859782956324,2023-01-20 07:29:25.276133,2023-01-20 11:38:01.709391,248.60722096666663,22.035235660228935,93.99859782956324,10
2,17.467268524951017,79.9836326607186,2023-01-20 13:43:01.709391,2023-01-20 14:55:58.770355,72.95101606666667,17.467268524951017,79.9836326607186,9
2,22.03514791533064,93.99876086315473,2023-01-20 16:11:28.770355,2023-01-20 19:44:45.215343,213.2740831333333,22.03514791533064,93.99876086315473,10
2,17.47059994254019,79.98332032667763,2023-01-20 20:51:45.215343,2023-01-20 21:12:00.215343,20.25,17.47059994254019,79.98332032667763,9
2,19.777032010067366,91.12599557341703,2023-01-20 22:07:28.006946,2023-01-21 07:50:42.066633,583.2343281166667,19.777032010067366,91.12599557341703,8
2,15.23329977064671,85.87952922442896,2023-01-21 08:26:27.066633,2023-01-21 11:01:41.817076,155.2458407166667,15.23329977064671,85.87952922442896,14
2,19.777097887027075,91.12568117317052,2023-01-21 11:37:26.817076,2023-01-23 07:49:21.485377,2651.91113835,19.777097887027075,91.12568117317052,8
2,22.03489934531629,93.99810748990188,2023-01-23 08:01:06.485377,2023-01-23 12:12:31.094539,251.4101527,22.03489934531629,93.99810748990188,10
2,23.14699224466185,85.95597192822531,2023-01-23 12:56:16.094539,2023-01-23 14:03:29.648236,67.22589495,23.14699224466185,85.95597192822531,13
2,22.035487651391094,93.99896346810388,2023-01-23 15:08:44.648236,2023-01-23 18:12:15.186930,183.50897823333327,22.035487651391094,93.99896346810388,10
2,19.776613572618196,91.12540320690195,2023-01-23 18:30:30.186930,2023-01-24 07:37:04.775401,786.5764745166667,19.776613572618196,91.12540320690195,8
2,22.03556014131921,93.99768524911515,2023-01-24 07:47:49.775401,2023-01-24 11:30:59.563682,223.16313801666664,22.03556014131921,93.99768524911515,10
2,24.07995572811044,75.92784556796447,2023-01-24 12:59:59.563682,2023-01-24 13:06:14.563682,6.25,24.07995572811044,75.92784556796447,12
2,24.080620530945005,75.92289297611356,2023-01-24 13:07:14.563682,2023-01-24 13:55:22.477340,48.1318943,24.080620530945005,75.92289297611356,12
2,22.036709975701314,93.99716190538527,2023-01-24 15:21:07.477340,2023-01-24 16:04:22.477340,43.25,22.036709975701314,93.99716190538527,10
2,22.0361124568741,93.99912536334355,2023-01-24 16:05:22.477340,2023-01-24 19:22:44.524554,197.36745356666668,22.0361124568741,93.99912536334355,10
2,19.77696825500158,91.12529354695151,2023-01-24 19:40:59.524554,2023-01-25 07:32:31.685182,711.5360104666667,19.77696825500158,91.12529354695151,8
2,22.034466343085526,93.99564831883475,2023-01-25 07:49:46.685182,2023-01-25 08:18:01.685182,28.25,22.034466343085526,93.99564831883475,10
2,22.03556511723061,93.99942995092846,2023-01-25 08:19:01.685182,2023-01-25 12:34:45.254597,255.72615691666667,22.03556511723061,93.99942995092846,10
2,23.146314698945957,85.95759971998666,2023-01-25 13:33:45.254597,2023-01-25 14:37:52.904195,64.1274933,23.146314698945957,85.95759971998666,13
2,22.03518625937249,93.99837350532074,2023-01-25 15:43:52.904195,2023-01-25 19:51:39.500359,247.77660273333333,22.03518625937249,93.99837350532074,10
2,19.775590642141697,91.11705448270736,2023-01-25 21:50:10.600278,2023-01-25 21:59:25.600278,9.25,19.775590642141697,91.11705448270736,8
2,19.77777231137587,91.12610479258163,2023-01-25 22:00:25.600278,2023-01-26 07:52:42.751457,592.2858529833334,19.77777231137587,91.12610479258163,8
2,22.034928685402676,93.99928313728523,2023-01-26 08:07:27.751457,2023-01-26 11:50:25.060272,222.95514691666668,22.034928685402676,93.99928313728523,10
2,24.08066529414705,75.92222634417105,2023-01-26 13:10:55.060272,2023-01-26 14:23:24.953799,72.49822545,24.08066529414705,75.92222634417105,12
2,22.03578873022903,93.99829313004652,2023-01-26 17:37:54.953799,2023-01-26 21:07:38.389787,209.72393313333333,22.03578873022903,93.99829313004652,10
2,21.695109075096696,86.93612956229711,2023-01-26 21:38:08.389787,2023-01-26 22:45:11.143155,67.04588946666667,21.695109075096696,86.93612956229711,11
2,19.778156584674843,91.12113868062455,2023-01-26 23:06:11.143155,2023-01-26 23:14:26.143155,8.25,19.778156584674843,91.12113868062455,8
2,19.77713868179985,91.12535742265683,2023-01-26 23:15:26.143155,2023-01-27 08:10:56.695400,535.5092040833333,19.77713868179985,91.12535742265683,8
2,22.03580122523195,93.99769234783318,2023-01-27 08:21:26.695400,2023-01-27 12:31:32.869659,250.10290431666667,22.03580122523195,93.99769234783318,10
2,24.079133362607813,75.9284980787897,2023-01-27 17:49:02.869659,2023-01-27 18:31:43.256032,42.67310621666666,24.079133362607813,75.9284980787897,12
2,22.034839070974037,93.99436789797025,2023-01-27 22:16:13.256032,2023-01-27 22:25:58.256032,9.75,22.034839070974037,93.99436789797025,10
2,22.035319687081703,93.99848970099069,2023-01-27 22:26:58.256032,2023-01-27 23:59:58.256032,93.0,22.035319687081703,93.99848970099069,10
2,19.776989279787486,91.12573926199924,2023-01-28 02:30:59.370930,2023-01-28 07:25:12.290192,294.21532103333334,19.776989279787486,91.12573926199924,8
2,17.467464628977233,79.98109255931185,2023-01-28 08:15:42.290192,2023-01-28 11:47:44.402681,212.03520815,17.467464628977233,79.98109255931185,9
2,19.777107892976755,91.12578385037816,2023-01-28 12:38:14.402681,2023-01-29 08:28:49.137098,1190.57890695,19.777107892976755,91.12578385037816,8
2,21.69603542680913,86.93679426689008,2023-01-29 08:49:49.137098,2023-01-29 09:57:04.137098,67.25,21.69603542680913,86.93679426689008,11
2,21.6965870272389,86.93511111558922,2023-01-29 09:58:04.137098,2023-01-29 13:53:11.384902,235.1207967333333,21.6965870272389,86.93511111558922,11
2,19.782580505927385,91.1209996174685,2023-01-29 14:14:26.384902,2023-01-29 14:20:41.384902,6.25,19.782580505927385,91.1209996174685,8
2,19.777157044569023,91.1257907063591,2023-01-29 14:21:41.384902,2023-01-30 08:15:19.785695,1073.6400132166666,19.777157044569023,91.1257907063591,8
2,22.034113236698072,93.99886737641413,2023-01-30 08:24:34.785695,2023-01-30 12:21:10.960218,236.60290871666663,22.034113236698072,93.99886737641413,10
2,17.46867976881768,79.98318563023747,2023-01-30 14:37:10.960218,2023-01-30 15:33:14.985694,56.067091266666665,17.46867976881768,79.98318563023747,9
2,22.034287309969947,93.99738845567782,2023-01-30 16:54:44.985694,2023-01-30 17:34:59.985694,40.25,22.034287309969947,93.99738845567782,10
2,22.035906287417852,93.99791112499548,2023-01-30 17:35:59.985694,2023-01-30 20:45:43.216306,189.7205102,22.035906287417852,93.99791112499548,10
2,15.234013581030368,85.87739281521974,2023-01-30 21:40:28.216306,2023-01-30 22:25:48.201233,45.33308211666667,15.234013581030368,85.87739281521974,14
2,19.77725049570131,91.12552547398752,2023-01-30 23:01:33.201233,2023-01-31 07:43:55.014764,522.36355885,19.77725049570131,91.12552547398752,8
2,22.03569916334813,93.99887145567662,2023-01-31 07:54:10.014764,2023-01-31 12:14:01.251046,259.8539380333333,22.03569916334813,93.99887145567662,10
2,21.696574279814563,86.93738019673305,2023-01-31 12:54:31.251046,2023-01-31 13:36:46.251046,42.25,21.696574279814563,86.93738019673305,11
2,21.69940545260458,86.93527603431141,2023-01-31 13:37:46.251046,2023-01-31 13:54:52.574430,17.105389733333332,21.69940545260458,86.93527603431141,11
2,22.034823548810508,93.99784227183406,2023-01-31 14:30:07.574430,2023-01-31 19:01:31.581961,271.40012551666666,22.034823548810508,93.99784227183406,10
2,19.783327567339583,91.13324058366373,2023-01-31 19:19:31.581961,2023-01-31 19:26:46.581961,7.25,19.783327567339583,91.13324058366373,8
2,19.77692749897398,91.12579657104537,2023-01-31 19:27:46.581961,2023-02-01 08:39:34.492006,791.7985007499999,19.77692749897398,91.12579657104537,8
2,22.03593269841404,93.99829554957725,2023-02-01 08:49:04.492006,2023-02-01 13:43:09.499056,294.08345083333336,22.03593269841404,93.99829554957725,10
2,17.46771615765592,79.9853437417275,2023-02-01 14:59:39.499056,2023-02-01 15:16:54.499056,17.25,17.46771615765592,79.9853437417275,9
2,17.466566322282947,79.98109965637614,2023-02-01 15:17:54.499056,2023-02-01 16:02:30.543379,44.60073871666667,17.466566322282947,79.98109965637614,9
2,22.035304356364307,93.99876833772262,2023-02-01 18:15:00.543379,2023-02-01 22:29:41.507403,254.6827337333333,22.035304356364307,93.99876833772262,10
2,19.7768425752894,91.12521509034131,2023-02-01 22:47:56.507403,2023-02-02 08:01:54.315294,553.9634648499999,19.7768425752894,91.12521509034131,8
2,22.036191039180693,93.99797425122303,2023-02-02 08:12:09.315294,2023-02-02 12:10:56.883709,238.79280691666665,22.036191039180693,93.99797425122303,10
2,21.695882380025296,86.9381264115492,2023-02-02 13:03:26.883709,2023-02-02 14:07:08.454000,63.692838183333336,21.695882380025296,86.9381264115492,11
2,22.034501706981352,93.99890966158705,2023-02-02 14:57:23.454000,2023-02-02 18:19:20.867059,201.95688431666667,22.034501706981352,93.99890966158705,10
2,19.778627182893324,91.1266588485766,2023-02-02 18:37:20.867059,2023-02-02 19:02:35.867059,25.25,19.778627182893324,91.1266588485766,8
2,19.77670573765602,91.12608866697697,2023-02-02 19:03:35.867059,2023-02-03 09:21:06.234922,857.50613105,19.77670573765602,91.12608866697697,8
2,22.035449222634753,93.99886075635555,2023-02-03 09:33:21.234922,2023-02-03 13:42:35.701261,249.24110565,22.035449222634753,93.99886075635555,10
2,23.148373262993292,85.95418587411234,2023-02-03 14:28:05.701261,2023-02-03 15:22:03.702111,53.966680833333335,23.148373262993292,85.95418587411234,13
2,22.035830423902308,93.99842433826443,2023-02-03 15:59:18.702111,2023-02-03 19:34:59.386681,215.67807616666667,22.035830423902308,93.99842433826443,10
2,19.779148942281154,91.1277169473999,2023-02-03 19:52:59.386681,2023-02-03 20:35:14.386681,42.25,19.779148942281154,91.1277169473999,8
2,19.77659239115367,91.12580342567685,2023-02-03 20:36:14.386681,2023-02-04 07:22:57.970057,646.7263896000001,19.77659239115367,91.12580342567685,8
2,24.079857993997386,75.92071578833799,2023-02-04 08:34:27.970057,2023-02-04 10:20:02.968586,105.58330881666669,24.079857993997386,75.92071578833799,12
2,19.77698348677376,91.12565999368573,2023-02-04 11:31:32.968586,2023-02-05 07:14:27.823561,1182.9142495833332,19.77698348677376,91.12565999368573,8
2,24.077030140359966,75.92672727644464,2023-02-05 08:25:42.823561,2023-02-05 08:36:57.823561,11.25,24.077030140359966,75.92672727644464,12
2,24.080551530067666,75.91957335750396,2023-02-05 08:37:57.823561,2023-02-05 11:30:09.479287,172.1942621,24.080551530067666,75.91957335750396,12
2,19.77720256538921,91.12521351238534,2023-02-05 12:41:54.479287,2023-02-06 08:10:23.185443,1168.4784359333332,19.77720256538921,91.12521351238534,8
2,22.035958353500355,93.99869788896115,2023-02-06 08:20:53.185443,2023-02-06 13:20:53.180741,299.9999216333334,22.035958353500355,93.99869788896115,10
2,23.146110859819768,85.95841394812216,2023-02-06 14:10:08.180741,2023-02-06 15:12:36.677540,62.47494665,23.146110859819768,85.95841394812216,13
2,22.03498762084462,93.99759699366028,2023-02-06 16:19:51.677540,2023-02-06 20:18:20.461431,238.47973151666665,22.03498762084462,93.99759699366028,10
2,15.23306812878256,85.88107725038496,2023-02-06 21:12:50.461431,2023-02-06 22:34:56.837447,82.10626693333333,15.23306812878256,85.88107725038496,14
2,19.77634640425466,91.12345603512966,2023-02-06 23:10:26.837447,2023-02-06 23:51:41.837447,41.25,19.77634640425466,91.12345603512966,8
2,19.776820351167316,91.12575755162497,2023-02-06 23:52:41.837447,2023-02-07 08:37:32.077989,524.8373423666667,19.776820351167316,91.12575755162497,8
2,22.03527061132475,93.99833764471595,2023-02-07 08:51:32.077989,2023-02-07 13:19:31.414729,267.98894566666667,22.03527061132475,93.99833764471595,10
2,17.468537986657577,79.98713470260917,2023-02-07 15:33:16.414729,2023-02-07 16:17:41.210986,44.41327095,17.468537986657577,79.98713470260917,9
2,22.033988696054223,93.99697008415546,2023-02-07 20:20:11.210986,2023-02-07 21:46:56.210986,86.75,22.033988696054223,93.99697008415546,10
2,22.03398590607504,94.0,2023-02-07 21:47:56.210986,2023-02-07 23:59:56.210986,132.0,22.03398590607504,94.0,10
2,19.77868353242158,91.12606552393177,2023-02-08 01:15:42.871341,2023-02-08 03:04:00.000000,108.28547765,19.77868353242158,91.12606552393177,8
2,19.777095249508697,91.12587715874693,2023-02-08 03:05:00.000000,2023-02-08 08:16:37.257431,311.62095718333336,19.777095249508697,91.12587715874693,8
2,22.035993766464898,93.99848989934287,2023-02-08 08:31:37.257431,2023-02-08 12:25:03.157750,233.43167198333333,22.035993766464898,93.99848989934287,10
2,24.08081536192089,75.92347467198664,2023-02-08 14:40:33.157750,2023-02-08 15:40:31.175295,59.966959083333336,24.08081536192089,75.92347467198664,12
2,22.03778578309911,93.97997446785988,2023-02-08 19:01:31.175295,2023-02-08 19:07:16.175295,5.75,22.03778578309911,93.97997446785988,10
2,22.035435715839192,93.99879942745595,2023-02-08 19:08:16.175295,2023-02-08 23:28:07.240176,259.85108135,22.035435715839192,93.99879942745595,10
2,18.35090773863891,85.39097557913261,2023-02-09 00:11:52.240176,2023-02-09 01:26:26.152056,74.565198,18.35090773863891,85.39097557913261,-1
2,19.77722064462577,91.12613011530193,2023-02-09 01:52:41.152056,2023-02-09 08:04:17.695500,371.6090574,19.77722064462577,91.12613011530193,8
2,22.03541301743202,93.99810032878233,2023-02-09 08:18:32.695500,2023-02-09 12:41:04.533115,262.5306269166667,22.03541301743202,93.99810032878233,10
2,24.079704040896633,75.93213532238912,2023-02-09 16:07:34.533115,2023-02-09 16:14:19.533115,6.75,24.079704040896633,75.93213532238912,12
2,24.081317701314973,75.92206112416045,2023-02-09 16:15:19.533115,2023-02-09 17:09:06.439871,53.78177926666667,24.081317701314973,75.92206112416045,12
2,22.035516474310604,93.9987581519915,2023-02-09 18:40:36.439871,2023-02-09 20:41:51.439871,121.25,22.035516474310604,93.9987581519915,10
2,22.03519518133329,93.99839045511756,2023-02-09 20:42:51.439871,2023-02-09 22:58:33.616235,135.7029394,22.03519518133329,93.99839045511756,10
2,19.776630853921436,91.12451330432431,2023-02-10 01:45:50.122888,2023-02-10 08:23:34.682052,397.7426527333333,19.776630853921436,91.12451330432431,8
2,22.035253935995833,93.9981790011783,2023-02-10 08:34:19.682052,2023-02-10 12:10:32.940998,216.2209824333333,22.035253935995833,93.9981790011783,10
2,23.148255259411677,85.95655974596201,2023-02-10 13:26:32.940998,2023-02-10 14:36:49.251385,70.27183978333333,23.148255259411677,85.95655974596201,13
2,22.034851174351076,93.9917453819923,2023-02-10 15:53:04.251385,2023-02-10 16:07:34.251385,14.5,22.034851174351076,93.9917453819923,10
2,22.035707278022258,93.99794979561274,2023-02-10 16:08:34.251385,2023-02-10 19:30:59.021512,202.41283545,22.035707278022258,93.99794979561274,10
2,17.467838896610342,79.98046721059995,2023-02-10 20:38:29.021512,2023-02-10 21:43:31.402613,65.03968501666667,17.467838896610342,79.98046721059995,9
2,19.777335933215515,91.1258023388873,2023-02-10 22:34:01.402613,2023-02-11 07:34:49.183259,540.7963440999999,19.777335933215515,91.1258023388873,8
2,21.696536391212824,86.93615633297317,2023-02-11 07:56:04.183259,2023-02-11 09:42:08.851862,106.07781005,21.696536391212824,86.93615633297317,11
2,19.77709991482979,91.12602114159226,2023-02-11 10:03:38.851862,2023-02-12 08:00:36.500557,1316.9608115833332,19.77709991482979,91.12602114159226,8
2,17.46588118610891,79.98089412618928,2023-02-12 08:51:06.500557,2023-02-12 09:50:10.681377,59.06968033333333,17.46588118610891,79.98089412618928,9
2,19.77744807072077,91.12592298853397,2023-02-12 10:40:40.681377,2023-02-13 08:33:15.834422,1312.5858840833332,19.77744807072077,91.12592298853397,8
2,22.03593996686022,93.99848350292258,2023-02-13 08:43:45.834422,2023-02-13 13:12:16.190033,268.50592685000004,22.03593996686022,93.99848350292258,10
2,21.69667701304008,86.9401696008363,2023-02-13 14:24:16.190033,2023-02-13 15:38:24.647810,74.14096294999999,21.69667701304008,86.9401696008363,11
2,22.03645372984021,93.9989898433584,2023-02-13 16:23:24.647810,2023-02-13 20:41:55.446423,258.5133102166667,22.03645372984021,93.9989898433584,10
2,21.691759161175383,86.93809111982347,2023-02-13 21:12:25.446423,2023-02-13 21:37:34.660052,25.153560483333333,21.691759161175383,86.93809111982347,11
2,19.777466568304618,91.12542742226601,2023-02-13 21:58:49.660052,2023-02-14 07:55:01.519451,596.19765665,19.777466568304618,91.12542742226601,8
2,22.035777324389205,93.99909308985215,2023-02-14 08:08:01.519451,2023-02-14 11:33:38.218807,205.6116559333333,22.035777324389205,93.99909308985215,10
2,21.69628438323876,86.93871896328045,2023-02-14 12:44:08.218807,2023-02-14 13:27:38.218807,43.5,21.69628438323876,86.93871896328045,11
2,21.697243183573885,86.93852715067698,2023-02-14 13:28:38.218807,2023-02-14 14:00:01.915776,31.39494948333333,21.697243183573885,86.93852715067698,11
2,22.036103403844177,93.99729374453672,2023-02-14 15:59:01.915776,2023-02-14 18:02:46.915776,123.75,22.036103403844177,93.99729374453672,10
2,22.035136038398967,93.99882953031879,2023-02-14 18:03:46.915776,2023-02-14 20:01:48.967964,118.03420313333332,22.035136038398967,93.99882953031879,10
2,24.08005063630668,75.92051126861615,2023-02-14 21:22:03.967964,2023-02-14 22:34:26.098298,72.3688389,24.08005063630668,75.92051126861615,12
2,19.77740490887787,91.125888063776,2023-02-14 23:45:56.098298,2023-02-15 07:08:26.299158,442.5033476666667,19.77740490887787,91.125888063776,8
2,22.036640346178302,93.9992291661033,2023-02-15 07:18:26.299158,2023-02-15 11:18:06.706199,239.67345068333333,22.036640346178302,93.9992291661033,10
2,21.697186688034886,86.93847919763958,2023-02-15 12:11:06.706199,2023-02-15 12:51:59.842778,40.88560965,21.697186688034886,86.93847919763958,11
2,22.03536373744909,93.99809013301538,2023-02-15 13:32:29.842778,2023-02-15 15:35:44.842778,123.25,22.03536373744909,93.99809013301538,10
2,22.035254531830084,93.99846138608278,2023-02-15 15:36:44.842778,2023-02-15 16:59:18.989948,82.5691195,22.035254531830084,93.99846138608278,10
2,19.776864743515045,91.12578857309103,2023-02-15 17:17:48.989948,2023-02-16 07:34:24.190877,856.58668215,19.776864743515045,91.12578857309103,8
2,22.034681396242306,93.99918268049794,2023-02-16 07:49:24.190877,2023-02-16 11:32:40.370846,223.26966615,22.034681396242306,93.99918268049794,10
2,21.697739635404556,86.93985158551523,2023-02-16 12:46:25.370846,2023-02-16 12:53:55.370846,7.5,21.697739635404556,86.93985158551523,11
2,21.694811625533234,86.9364687515555,2023-02-16 12:54:55.370846,2023-02-16 13:52:47.979917,57.87681785,21.694811625533234,86.9364687515555,11
2,22.03347146794421,93.99551855966877,2023-02-16 15:01:02.979917,2023-02-16 15:11:32.979917,10.5,22.03347146794421,93.99551855966877,10
2,22.036397456612256,93.99910898598733,2023-02-16 15:12:32.979917,2023-02-16 18:40:14.101566,207.68536081666667,22.036397456612256,93.99910898598733,10
2,19.776792447622274,91.12690673324144,2023-02-16 18:58:29.101566,2023-02-16 19:45:44.101566,47.25,19.776792447622274,91.12690673324144,8
2,19.777117333317843,91.12536556799071,2023-02-16 19:46:44.101566,2023-02-17 07:20:32.531801,693.8071705833333,19.777117333317843,91.12536556799071,8
2,22.03548607185912,93.99817598485507,2023-02-17 07:30:02.531801,2023-02-17 11:54:19.381082,264.28082135,22.03548607185912,93.99817598485507,10
2,24.0826750830041,75.92517740796002,2023-02-17 13:52:19.381082,2023-02-17 14:28:13.010327,35.89382075,24.0826750830041,75.92517740796002,12
2,22.03783982665356,93.99539122391904,2023-02-17 15:49:28.010327,2023-02-17 16:00:43.010327,11.25,22.03783982665356,93.99539122391904,10
2,22.035569473374746,93.99909287333203,2023-02-17 16:01:43.010327,2023-02-17 19:56:18.525151,234.5919137333333,22.035569473374746,93.99909287333203,10
2,19.779735112587133,91.1287536015235,2023-02-17 20:14:18.525151,2023-02-17 20:35:33.525151,21.25,19.779735112587133,91.1287536015235,8
2,19.77717596622363,91.12540083084168,2023-02-17 20:36:33.525151,2023-02-19 08:06:37.764069,2130.0706486333333,19.77717596622363,91.12540083084168,8
2,21.695956266811955,86.93642209112011,2023-02-19 08:28:07.764069,2023-02-19 12:25:09.180866,237.02361328333333,21.695956266811955,86.93642209112011,11
2,19.77984660401087,91.12350813998121,2023-02-19 12:46:09.180866,2023-02-19 12:53:24.180866,7.25,19.77984660401087,91.12350813998121,8
2,19.777203220725646,91.12546113410494,2023-02-19 12:54:24.180866,2023-02-20 08:03:47.740931,1149.39266775,19.777203220725646,91.12546113410494,8
2,22.035466483282484,93.99844211110954,2023-02-20 08:18:47.740931,2023-02-20 12:16:17.287963,237.4924505333333,22.035466483282484,93.99844211110954,10
2,23.14758534328365,85.9554786334918,2023-02-20 13:06:47.287963,2023-02-20 14:17:54.741724,71.12422935,23.14758534328365,85.9554786334918,13
2,22.034901188626606,93.9987750423875,2023-02-20 15:01:39.741724,2023-02-20 18:34:29.232344,212.82484366666668,22.034901188626606,93.9987750423875,10
2,19.77715607623079,91.12622799398778,2023-02-20 18:52:29.232344,2023-02-20 20:09:44.232344,77.25,19.77715607623079,91.12622799398778,8
2,19.777072509136687,91.12524676771369,2023-02-20 20:10:44.232344,2023-02-21 08:12:18.161004,721.5654776666667,19.777072509136687,91.12524676771369,8
2,22.03551104187438,93.99793351129838,2023-02-21 08:24:48.161004,2023-02-21 12:49:42.381108,264.9036684,22.03551104187438,93.99793351129838,10
2,24.083614277431693,75.92643593210668,2023-02-21 15:10:27.381108,2023-02-21 15:22:57.381108,12.5,24.083614277431693,75.92643593210668,12
2,24.080868432446643,75.91979099908325,2023-02-21 15:23:57.381108,2023-02-21 15:53:33.057253,29.594602416666664,24.080868432446643,75.91979099908325,12
2,22.034913339420008,93.99841599439745,2023-02-21 19:16:48.057253,2023-02-21 22:49:42.076486,212.90032055,22.034913339420008,93.99841599439745,10
2,17.469203419081957,79.98380663813136,2023-02-21 23:56:42.076486,2023-02-22 00:13:57.076486,17.25,17.469203419081957,79.98380663813136,9
2,17.46881713339798,79.98160785031469,2023-02-22 00:14:57.076486,2023-02-22 01:04:36.784489,49.66180005,17.46881713339798,79.98160785031469,9
3,16.748464210671465,90.5370946303596,2023-01-01 00:00:00.000000,2023-01-01 09:13:19.529125,553.3254854166667,16.748464210671465,90.5370946303596,15
3,19.748254261230326,84.00832935759549,2023-01-01 09:47:04.529125,2023-01-01 13:04:33.195800,197.47777791666667,19.748254261230326,84.00832935759549,16
3,16.754835362629997,90.53408959905553,2023-01-01 13:38:03.195800,2023-01-01 13:46:18.195800,8.25,16.754835362629997,90.53408959905553,15
3,16.749061873605044,90.53759274437074,2023-01-01 13:47:18.195800,2023-01-02 07:39:44.714963,1072.44198605,16.749061873605044,90.53759274437074,15
3,17.878497506315384,91.96800884959585,2023-01-02 07:44:44.714963,2023-01-02 10:53:57.145614,189.2071775166667,17.878497506315384,91.96800884959585,17
3,14.734178637478012,88.63564716902832,2023-01-02 11:26:57.145614,2023-01-02 12:01:12.145614,34.25,14.734178637478012,88.63564716902832,18
3,17.878211562974055,91.96804826344028,2023-01-02 12:41:51.047114,2023-01-02 17:02:06.047114,260.25,17.878211562974055,91.96804826344028,17
3,17.880962184193653,91.97540889453401,2023-01-02 17:03:06.047114,2023-01-02 17:08:39.666437,5.56032205,17.880962184193653,91.97540889453401,17
3,14.73398579449525,88.63225041407645,2023-01-02 17:32:39.666437,2023-01-02 18:31:57.837888,59.30285751666667,14.73398579449525,88.63225041407645,18
3,16.74906715076565,90.53705589460245,2023-01-02 18:46:27.837888,2023-01-03 08:05:58.599896,799.5127001333333,16.74906715076565,90.53705589460245,15
3,17.87859027884774,91.96849823313725,2023-01-03 08:12:13.599896,2023-01-03 12:12:11.464163,239.96440445,17.87859027884774,91.96849823313725,17
3,19.749521682465396,84.00721639569414,2023-01-03 13:11:41.464163,2023-01-03 14:09:15.731919,57.57112926666667,19.749521682465396,84.00721639569414,16
3,17.8774698384039,91.96360437668866,2023-01-03 14:46:45.731919,2023-01-03 14:57:00.731919,10.25,17.8774698384039,91.96360437668866,17
3,17.878429002630803,91.9683509075504,2023-01-03 14:58:00.731919,2023-01-03 19:07:03.953374,249.05369091666668,17.878429002630803,91.9683509075504,17
3,16.749062942534337,90.53725737775753,2023-01-03 19:16:03.953374,2023-01-04 07:52:28.374552,756.4070196333333,16.749062942534337,90.53725737775753,15
3,17.878182439691262,91.9689053759482,2023-01-04 08:00:28.374552,2023-01-04 12:00:18.886813,239.84187101666663,17.878182439691262,91.9689053759482,17
3,18.343481555372712,89.27375557027756,2023-01-04 12:14:48.886813,2023-01-04 13:22:08.246293,67.322658,18.343481555372712,89.27375557027756,19
3,17.877784044004,91.96786437308091,2023-01-04 13:35:38.246293,2023-01-04 17:34:28.326475,238.8346697,17.877784044004,91.96786437308091,17
3,16.749211065608208,90.53714041338847,2023-01-04 17:43:13.326475,2023-01-05 08:23:53.505665,880.6696531666668,16.749211065608208,90.53714041338847,15
3,17.879105701727685,91.96855283194445,2023-01-05 08:30:23.505665,2023-01-05 12:38:04.313082,247.68012361666663,17.879105701727685,91.96855283194445,17
3,22.190090632100564,74.68797846867396,2023-01-05 16:09:49.313082,2023-01-05 16:23:19.313082,13.5,22.190090632100564,74.68797846867396,20
3,22.188603189738856,74.6864571296602,2023-01-05 16:24:19.313082,2023-01-05 17:00:20.004897,36.01153025,22.188603189738856,74.6864571296602,20
3,17.877809030983222,91.96799244919524,2023-01-05 18:36:20.004897,2023-01-05 20:29:35.004897,113.25,17.877809030983222,91.96799244919524,17
3,17.878310179986943,91.9687005766082,2023-01-05 20:30:35.004897,2023-01-05 21:49:43.551324,79.14244045000001,17.878310179986943,91.9687005766082,17
3,15.896371351826291,75.6775848906217,2023-01-05 23:01:58.551324,2023-01-05 23:10:13.551324,8.25,15.896371351826291,75.6775848906217,21
3,15.896477382703953,75.6675918263955,2023-01-05 23:11:13.551324,2023-01-05 23:47:32.977975,36.323777516666674,15.896477382703953,75.6675918263955,21
3,16.74886805992656,90.53651421460872,2023-01-06 00:53:00.000000,2023-01-06 08:10:44.285774,437.73809623333335,16.74886805992656,90.53651421460872,15
3,17.87823282687563,91.9691133960259,2023-01-06 08:15:59.285774,2023-01-06 12:44:06.660387,268.12291021666664,17.87823282687563,91.9691133960259,17
3,22.18858271219611,74.68779625282544,2023-01-06 15:00:21.660387,2023-01-06 16:18:34.229979,78.2094932,22.18858271219611,74.68779625282544,20
3,17.879144488583005,91.96541776616445,2023-01-06 19:35:04.229979,2023-01-06 19:56:34.229979,21.5,17.879144488583005,91.96541776616445,17
3,17.878576636773275,91.96777845119277,2023-01-06 19:57:34.229979,2023-01-07 00:12:57.459812,255.38716388333333,17.878576636773275,91.96777845119277,17
3,16.748668199827044,90.53730701522893,2023-01-07 00:21:42.459812,2023-01-09 07:41:37.093264,3319.9105575333333,16.748668199827044,90.53730701522893,15
3,17.8775532914434,91.96898889206909,2023-01-09 07:47:07.093264,2023-01-09 12:06:01.766283,258.9112169833333,17.8775532914434,91.96898889206909,17
3,19.74827340617,84.00757681723393,2023-01-09 12:48:46.766283,2023-01-09 13:43:01.766283,54.25,19.74827340617,84.00757681723393,16
3,19.748368858125826,84.00992940040786,2023-01-09 13:44:01.766283,2023-01-09 14:06:14.921738,22.21925758333333,19.748368858125826,84.00992940040786,16
3,17.87789768959609,91.96867107798415,2023-01-09 15:15:59.921738,2023-01-09 19:46:36.477111,270.60925621666667,17.87789768959609,91.96867107798415,17
3,16.749006423902667,90.53790896506278,2023-01-09 20:28:20.852448,2023-01-10 08:07:51.760959,699.5151418500001,16.749006423902667,90.53790896506278,15
3,17.878419794363946,91.96825746331486,2023-01-10 08:14:21.760959,2023-01-10 12:25:22.883780,251.0187136833333,17.878419794363946,91.96825746331486,17
3,14.735106765522785,88.6362755972248,2023-01-10 12:51:07.883780,2023-01-10 13:02:22.883780,11.25,14.735106765522785,88.6362755972248,18
3,14.733611259665341,88.63311937507514,2023-01-10 13:03:22.883780,2023-01-10 13:48:56.057514,45.55289556666666,14.733611259665341,88.63311937507514,18
3,17.87826137718512,91.96858264617958,2023-01-10 14:30:41.057514,2023-01-10 18:37:45.950460,247.0815491,17.87826137718512,91.96858264617958,17
3,14.734578499365789,88.63219052054012,2023-01-10 19:01:30.950460,2023-01-10 19:48:05.505958,46.57592496666667,14.734578499365789,88.63219052054012,18
3,16.74941050025618,90.53630994114522,2023-01-10 20:02:20.505958,2023-01-10 23:24:35.505958,202.25,16.74941050025618,90.53630994114522,15
3,16.748676397942504,90.53718003776228,2023-01-10 23:25:35.505958,2023-01-11 07:31:38.664638,486.05264466666665,16.748676397942504,90.53718003776228,15
3,17.879372970776885,91.96782059635677,2023-01-11 07:37:23.664638,2023-01-11 11:23:03.144898,225.6580043333333,17.879372970776885,91.96782059635677,17
3,18.345096153705608,89.27441442765483,2023-01-11 11:56:48.144898,2023-01-11 12:56:18.144898,59.5,18.345096153705608,89.27441442765483,19
3,18.346561992830537,89.27048902621627,2023-01-11 12:57:18.144898,2023-01-11 13:12:26.616177,15.141187983333332,18.346561992830537,89.27048902621627,19
3,17.878314475984652,91.96891052019019,2023-01-11 13:33:56.616177,2023-01-11 17:33:36.792345,239.6696028,17.878314475984652,91.96891052019019,17
3,18.34271117319303,89.27740442496517,2023-01-11 17:44:51.792345,2023-01-11 17:54:06.792345,9.25,18.34271117319303,89.27740442496517,19
3,18.345654870455895,89.2735453571889,2023-01-11 17:55:06.792345,2023-01-11 18:38:55.125320,43.80554958333333,18.345654870455895,89.2735453571889,19
3,16.749072699556134,90.53726922028963,2023-01-11 18:49:40.125320,2023-01-12 08:12:48.019753,803.1315738833333,16.749072699556134,90.53726922028963,15
3,17.878278651963228,91.96820261502657,2023-01-12 08:19:48.019753,2023-01-12 12:02:08.993385,222.3495605333333,17.878278651963228,91.96820261502657,17
3,14.735300215920025,88.6369321120702,2023-01-12 12:27:08.993385,2023-01-12 13:14:32.983769,47.39983973333334,14.735300215920025,88.6369321120702,18
3,17.878872452462247,91.96763260667477,2023-01-12 13:58:47.983769,2023-01-12 16:59:59.053692,181.18449871666664,17.878872452462247,91.96763260667477,17
3,18.501323982437917,77.6495582503465,2023-01-12 18:02:44.053692,2023-01-12 19:05:48.714246,63.0776759,18.501323982437917,77.6495582503465,22
3,16.74895893402472,90.53753039659688,2023-01-12 20:03:18.714246,2023-01-13 08:01:37.045178,718.3055155333333,16.74895893402472,90.53753039659688,15
3,17.879073037758783,91.9680477474853,2023-01-13 08:06:52.045178,2023-01-13 11:57:57.023151,231.08296621666665,17.879073037758783,91.9680477474853,17
3,14.736195194414776,88.63485546478285,2023-01-13 13:08:27.023151,2023-01-13 14:08:05.816525,59.64655623333333,14.736195194414776,88.63485546478285,18
3,17.87561247387308,91.96652899852404,2023-01-13 14:42:50.816525,2023-01-13 14:58:05.816525,15.25,17.87561247387308,91.96652899852404,17
3,17.87838936128847,91.96859019620197,2023-01-13 14:59:05.816525,2023-01-13 18:36:48.758882,217.71570595,17.87838936128847,91.96859019620197,17
3,15.898316530927543,75.67604192973951,2023-01-13 19:49:03.758882,2023-01-13 20:23:09.820884,34.10103336666666,15.898316530927543,75.67604192973951,21
3,16.747479700053752,90.53651659636037,2023-01-13 21:27:54.820884,2023-01-13 22:22:09.820884,54.25,16.747479700053752,90.53651659636037,15
3,16.748999449189693,90.53720949661886,2023-01-13 22:23:09.820884,2023-01-16 08:12:50.108265,3469.67145635,16.748999449189693,90.53720949661886,15
3,17.878422811294463,91.96817390984252,2023-01-16 08:19:50.108265,2023-01-16 12:54:51.189515,275.0180208333333,17.878422811294463,91.96817390984252,17
3,22.18988336719394,74.68707253529415,2023-01-16 14:45:06.189515,2023-01-16 15:45:56.233788,60.834071216666665,22.18988336719394,74.68707253529415,20
3,17.87787134490644,91.96926503878439,2023-01-16 17:31:11.233788,2023-01-16 21:34:04.179119,242.8824221833333,17.87787134490644,91.96926503878439,17
3,16.751585336786324,90.53985172681563,2023-01-16 21:42:34.179119,2023-01-16 22:05:49.179119,23.25,16.751585336786324,90.53985172681563,15
3,16.748906220669124,90.537138953994,2023-01-16 22:06:49.179119,2023-01-17 07:58:20.149952,591.51618055,16.748906220669124,90.537138953994,15
3,17.878640531393998,91.96824719983161,2023-01-17 08:04:35.149952,2023-01-17 12:48:01.716856,283.44278173333333,17.878640531393998,91.96824719983161,17
3,14.734333368018206,88.63502736387454,2023-01-17 13:28:16.716856,2023-01-17 14:35:29.120180,67.20672206666667,14.734333368018206,88.63502736387454,18
3,17.874762037579643,91.96275418588218,2023-01-17 15:01:59.120180,2023-01-17 15:08:14.120180,6.25,17.874762037579643,91.96275418588218,17
3,17.878658297867766,91.96851516300717,2023-01-17 15:09:14.120180,2023-01-17 18:55:47.328216,226.55346726666667,17.878658297867766,91.96851516300717,17
3,16.87428793527174,84.9480199795194,2023-01-17 19:26:47.328216,2023-01-17 20:20:10.337693,53.383491283333335,16.87428793527174,84.9480199795194,23
3,16.749335300018224,90.53729807197496,2023-01-17 20:44:10.337693,2023-01-18 08:36:57.019671,712.7780329666667,16.749335300018224,90.53729807197496,15
3,17.87789289377044,91.96833658452351,2023-01-18 08:45:12.019671,2023-01-18 12:39:07.298735,233.92131773333327,17.87789289377044,91.96833658452351,17
3,19.74665711234998,84.01746431506938,2023-01-18 13:47:22.298735,2023-01-18 13:52:52.298735,5.5,19.74665711234998,84.01746431506938,16
3,19.74911885311186,84.00787735669583,2023-01-18 13:53:52.298735,2023-01-18 14:53:10.218817,59.298668033333335,19.74911885311186,84.00787735669583,16
3,17.877905734142285,91.96783967484947,2023-01-18 15:39:55.218817,2023-01-18 17:05:10.218817,85.25,17.877905734142285,91.96783967484947,17
3,17.878579941278034,91.96897617617967,2023-01-18 17:06:10.218817,2023-01-18 19:48:20.306655,162.16813063333333,17.878579941278034,91.96897617617967,17
3,16.749371643526104,90.53738188815078,2023-01-18 19:57:05.306655,2023-01-19 08:14:27.354446,737.3674631833333,16.749371643526104,90.53738188815078,15
3,17.878209145989505,91.96776828397823,2023-01-19 08:20:12.354446,2023-01-19 10:53:49.029534,153.61125146666666,17.878209145989505,91.96776828397823,17
3,22.189477160346172,74.69022294738221,2023-01-19 14:27:34.029534,2023-01-19 15:20:33.597675,52.992802350000005,22.189477160346172,74.69022294738221,20
3,17.878370666167704,91.96826799993212,2023-01-19 17:24:03.597675,2023-01-19 22:08:01.797650,283.96999958333333,17.878370666167704,91.96826799993212,17
3,16.748760694727984,90.53677347377328,2023-01-19 22:16:46.797650,2023-01-20 07:43:46.503551,566.99509835,16.748760694727984,90.53677347377328,15
3,17.878355183066105,91.96831560464167,2023-01-20 07:48:46.503551,2023-01-20 11:58:24.992992,249.64149068333333,17.878355183066105,91.96831560464167,17
3,18.343203409605778,89.27388086440968,2023-01-20 12:11:39.992992,2023-01-20 12:42:54.992992,31.25,18.343203409605778,89.27388086440968,19
3,18.3447045708532,89.27508245992323,2023-01-20 12:43:54.992992,2023-01-20 13:05:52.611415,21.96030705,18.3447045708532,89.27508245992323,19
3,17.87850040163201,91.96839291664041,2023-01-20 13:20:52.611415,2023-01-20 16:57:46.120392,216.89181628333333,17.87850040163201,91.96839291664041,17
3,16.748842588625592,90.53774720226733,2023-01-20 17:06:31.120392,2023-01-21 08:07:18.924394,900.7967333666668,16.748842588625592,90.53774720226733,15
3,22.185314396536356,74.69401811787172,2023-01-21 09:24:03.924394,2023-01-21 09:30:18.924394,6.25,22.185314396536356,74.69401811787172,20
3,22.189777029418288,74.6863384546163,2023-01-21 09:31:18.924394,2023-01-21 13:16:06.740291,224.79693161666668,22.189777029418288,74.6863384546163,20
3,16.74887613584326,90.53741629688139,2023-01-21 14:33:06.740291,2023-01-22 07:48:47.366299,1035.6771001333334,16.74887613584326,90.53741629688139,15
3,18.50194025179704,77.65103642950442,2023-01-22 08:46:02.366299,2023-01-22 11:30:48.426453,164.76766923333335,18.50194025179704,77.65103642950442,22
3,16.74883590387422,90.53749980651733,2023-01-22 12:28:03.426453,2023-01-23 08:31:26.728381,1203.3883654666668,16.74883590387422,90.53749980651733,15
3,17.878688301445855,91.96853856574032,2023-01-23 08:37:41.728381,2023-01-23 12:47:28.137802,249.77349035,17.878688301445855,91.96853856574032,17
3,22.190592510838947,74.68785487072297,2023-01-23 14:54:28.137802,2023-01-23 16:10:49.956525,76.36364538333333,22.190592510838947,74.68785487072297,20
3,17.87879707293446,91.96946247402452,2023-01-23 17:35:04.956525,2023-01-23 21:06:13.289308,211.13887971666665,17.87879707293446,91.96946247402452,17
3,22.184335727963933,74.69402693012138,2023-01-23 22:26:13.289308,2023-01-23 22:32:28.289308,6.25,22.184335727963933,74.69402693012138,20
3,22.190026355873762,74.6842364984971,2023-01-23 22:33:28.289308,2023-01-23 23:03:39.853745,30.192740616666665,22.190026355873762,74.6842364984971,20
3,16.748891394898727,90.53674519670035,2023-01-24 00:20:54.853745,2023-01-24 08:13:07.334949,472.2080200666667,16.748891394898727,90.53674519670035,15
3,17.878808884928507,91.96828810718111,2023-01-24 08:19:07.334949,2023-01-24 13:19:03.302002,299.9327842166667,17.878808884928507,91.96828810718111,17
3,18.340665655765864,89.27508901989515,2023-01-24 13:35:48.302002,2023-01-24 13:44:03.302002,8.25,18.340665655765864,89.27508901989515,19
3,18.345866067105735,89.27195054049876,2023-01-24 13:45:03.302002,2023-01-24 14:04:51.989892,19.81146483333333,18.345866067105735,89.27195054049876,19
3,17.880214871553147,91.9543236040666,2023-01-24 14:39:51.989892,2023-01-24 14:46:36.989892,6.75,17.880214871553147,91.9543236040666,17
3,17.87932328515834,91.96827699836008,2023-01-24 14:47:36.989892,2023-01-24 18:27:35.508760,219.97531446666665,17.87932328515834,91.96827699836008,17
3,16.749074803645744,90.53704057885165,2023-01-24 18:36:20.508760,2023-01-25 08:00:56.817725,804.6051494166666,16.749074803645744,90.53704057885165,15
3,17.877889573260802,91.96637315314238,2023-01-25 08:08:11.817725,2023-01-25 11:56:00.882422,227.81774495,17.877889573260802,91.96637315314238,17
3,18.344889958547554,89.27382057414923,2023-01-25 12:27:00.882422,2023-01-25 13:47:18.676878,80.29657426666667,18.344889958547554,89.27382057414923,19
3,17.878546989350724,91.96856376822404,2023-01-25 13:59:48.676878,2023-01-25 17:10:03.676878,190.25,17.878546989350724,91.96856376822404,17
3,17.878935720070498,91.96858428291631,2023-01-25 17:11:03.676878,2023-01-25 18:15:49.177832,64.75834923333333,17.878935720070498,91.96858428291631,17
3,16.74905407533853,90.53698636457165,2023-01-25 18:24:49.177832,2023-01-26 07:44:45.868913,799.9448513499999,16.74905407533853,90.53698636457165,15
3,17.877324871400674,91.96581275631556,2023-01-26 07:52:30.868913,2023-01-26 08:08:45.868913,16.25,17.877324871400674,91.96581275631556,17
3,17.878473435365713,91.96788966862539,2023-01-26 08:09:45.868913,2023-01-26 11:51:00.599179,221.2455044333333,17.878473435365713,91.96788966862539,17
3,19.752205937815337,84.01052254466943,2023-01-26 12:27:45.599179,2023-01-26 12:56:00.599179,28.25,19.752205937815337,84.01052254466943,16
3,19.74647751777813,84.00774258476663,2023-01-26 12:57:00.599179,2023-01-26 13:33:06.076312,36.09128555,19.74647751777813,84.00774258476663,16
3,17.878472086771545,91.96888267163298,2023-01-26 14:24:51.076312,2023-01-26 19:00:31.391155,275.67191405,17.878472086771545,91.96888267163298,17
3,16.749218663829023,90.53735382351422,2023-01-26 19:09:16.391155,2023-01-27 08:24:51.139571,795.5791402666667,16.749218663829023,90.53735382351422,15
3,17.878458607557267,91.96779380023182,2023-01-27 08:29:21.139571,2023-01-27 12:04:05.997335,214.7476294,17.878458607557267,91.96779380023182,17
3,22.189928828818744,74.69187191185311,2023-01-27 14:26:50.997335,2023-01-27 15:14:52.351529,48.0225699,22.189928828818744,74.69187191185311,20
3,17.87855198097361,91.96983862070732,2023-01-27 18:40:07.351529,2023-01-27 21:25:37.351529,165.5,17.87855198097361,91.96983862070732,17
3,17.879082213823217,91.96944853168449,2023-01-27 21:26:37.351529,2023-01-27 23:15:52.173991,109.24704103333332,17.879082213823217,91.96944853168449,17
3,16.749412675369605,90.53684660705505,2023-01-28 02:40:36.248497,2023-01-28 07:40:53.967511,300.2953169,16.749412675369605,90.53684660705505,15
3,18.343415593703494,89.2727439498609,2023-01-28 07:51:38.967511,2023-01-28 11:14:50.527910,203.19267331666663,18.343415593703494,89.2727439498609,19
3,16.74913587108224,90.53723342777036,2023-01-28 11:25:35.527910,2023-01-29 07:24:56.301824,1199.3462319,16.74913587108224,90.53723342777036,15
3,22.18924128595689,74.68736513679707,2023-01-29 08:41:41.301824,2023-01-29 09:40:56.301824,59.25,22.18924128595689,74.68736513679707,20
3,22.1909777834667,74.68726370916009,2023-01-29 09:41:56.301824,2023-01-29 11:45:03.401704,123.11833133333332,22.1909777834667,74.68726370916009,20
3,16.749773587724196,90.53400992491956,2023-01-29 13:02:03.401704,2023-01-29 13:20:18.401704,18.25,16.749773587724196,90.53400992491956,15
3,16.749276800605315,90.53730245906183,2023-01-29 13:21:18.401704,2023-01-30 07:41:54.601735,1100.60333385,16.749276800605315,90.53730245906183,15
3,17.878578632305775,91.96880740546881,2023-01-30 07:49:54.601735,2023-01-30 12:06:29.132376,256.57551068333333,17.878578632305775,91.96880740546881,17
3,22.189603081484023,74.68744194717007,2023-01-30 14:14:14.132376,2023-01-30 15:14:37.048489,60.38193521666667,22.189603081484023,74.68744194717007,20
3,17.87812448681522,91.96857131810417,2023-01-30 17:16:52.048489,2023-01-30 20:29:39.973702,192.79875355,17.87812448681522,91.96857131810417,17
3,16.74909396606876,90.53710789735652,2023-01-30 20:38:24.973702,2023-01-31 08:18:26.115663,700.0190326833333,16.74909396606876,90.53710789735652,15
3,17.87801903658161,91.96794576249353,2023-01-31 08:24:56.115663,2023-01-31 12:48:12.973578,263.28096525,17.87801903658161,91.96794576249353,17
3,16.878875609992463,84.95700013905477,2023-01-31 14:41:42.973578,2023-01-31 15:16:49.683543,35.11183275,16.878875609992463,84.95700013905477,23
3,17.878605823049867,91.96844339733207,2023-01-31 16:39:34.683543,2023-01-31 20:15:57.061195,216.37296086666663,17.878605823049867,91.96844339733207,17
3,15.896877646378375,75.66758911658746,2023-01-31 21:28:12.061195,2023-01-31 21:49:30.479617,21.3069737,15.896877646378375,75.66758911658746,21
3,16.748798841325225,90.53683383180348,2023-01-31 22:54:45.479617,2023-02-01 08:37:41.028424,582.92581345,16.748798841325225,90.53683383180348,15
3,17.878673382365232,91.96902651377125,2023-02-01 08:43:41.028424,2023-02-01 12:58:12.968965,254.53234235,17.878673382365232,91.96902651377125,17
3,16.873863129906645,84.95708119102733,2023-02-01 13:52:57.968965,2023-02-01 14:05:52.741715,12.912879166666666,16.873863129906645,84.95708119102733,23
3,17.8777399007772,91.96809140339144,2023-02-01 14:46:07.741715,2023-02-01 18:53:47.574071,247.6638726,17.8777399007772,91.96809140339144,17
3,14.73273800706384,88.63238440264178,2023-02-01 19:17:32.574071,2023-02-01 20:19:19.183449,61.77682296666667,14.73273800706384,88.63238440264178,18
3,16.74898765509188,90.53726596942063,2023-02-01 20:33:49.183449,2023-02-02 08:04:48.568524,690.9897512499999,16.74898765509188,90.53726596942063,15
3,17.878434283187268,91.9673424647439,2023-02-02 08:11:48.568524,2023-02-02 12:31:44.993890,259.94042276666664,17.878434283187268,91.9673424647439,17
3,19.747990453503537,84.00714011677968,2023-02-02 14:14:14.993890,2023-02-02 14:59:59.993890,45.75,19.747990453503537,84.00714011677968,16
3,19.75033094235853,84.00912360676188,2023-02-02 15:00:59.993890,2023-02-02 15:17:28.542857,16.475816116666667,19.75033094235853,84.00912360676188,16
3,17.87970418662527,91.96047458216827,2023-02-02 17:00:43.542857,2023-02-02 17:17:28.542857,16.75,17.87970418662527,91.96047458216827,17
3,17.878737699490163,91.96876790476651,2023-02-02 17:18:28.542857,2023-02-02 20:53:05.371008,214.61380251666665,17.878737699490163,91.96876790476651,17
3,16.749097772591945,90.53720914469987,2023-02-02 21:02:05.371008,2023-02-03 08:27:34.232023,685.4810169166667,16.749097772591945,90.53720914469987,15
3,17.87842413931623,91.96880102338187,2023-02-03 08:33:49.232023,2023-02-03 13:28:49.586640,295.0059102833333,17.87842413931623,91.96880102338187,17
3,16.875952988358364,84.95297765604951,2023-02-03 14:47:49.586640,2023-02-03 15:38:18.391658,50.48008363333334,16.875952988358364,84.95297765604951,23
3,17.875811411836175,91.96598658473208,2023-02-03 16:43:03.391658,2023-02-03 16:55:33.391658,12.5,17.875811411836175,91.96598658473208,17
3,17.88032855213413,91.96863398379003,2023-02-03 16:56:33.391658,2023-02-03 20:05:45.613454,189.2036966,17.88032855213413,91.96863398379003,17
3,16.748977369556233,90.53721484271044,2023-02-03 20:14:45.613454,2023-02-06 07:52:05.166385,3577.3258821833338,16.748977369556233,90.53721484271044,15
3,17.879519690340306,91.96877057263609,2023-02-06 07:59:05.166385,2023-02-06 11:55:56.891255,236.86208116666663,17.879519690340306,91.96877057263609,17
3,18.345374865834536,89.2736538843687,2023-02-06 12:07:56.891255,2023-02-06 13:17:46.065210,69.81956591666668,18.345374865834536,89.2736538843687,19
3,17.879828318803366,91.96460288137185,2023-02-06 13:31:46.065210,2023-02-06 13:42:01.065210,10.25,17.879828318803366,91.96460288137185,17
3,17.87858045881989,91.96905051997678,2023-02-06 13:43:01.065210,2023-02-06 17:30:57.177525,227.93520525,17.87858045881989,91.96905051997678,17
3,16.750735273469136,90.53952362258391,2023-02-06 17:39:27.177525,2023-02-06 18:10:42.177525,31.25,16.750735273469136,90.53952362258391,15
3,16.748838454616312,90.53714928204646,2023-02-06 18:11:42.177525,2023-02-07 07:37:53.672237,806.1915785333333,16.748838454616312,90.53714928204646,15
3,17.878046080943427,91.96757042208333,2023-02-07 07:45:53.672237,2023-02-07 11:14:54.702655,209.01717363333333,17.878046080943427,91.96757042208333,17
3,22.19057935388215,74.68815514188292,2023-02-07 14:43:39.702655,2023-02-07 15:39:20.193869,55.67485356666667,22.19057935388215,74.68815514188292,20
3,17.87931914563127,91.9671970704415,2023-02-07 17:01:50.193869,2023-02-07 18:16:05.193869,74.25,17.87931914563127,91.9671970704415,17
3,17.878616144043608,91.96835667123213,2023-02-07 18:17:05.193869,2023-02-07 21:41:27.532789,204.3723153333333,17.878616144043608,91.96835667123213,17
3,16.74891705599348,90.53725303677507,2023-02-07 21:50:12.532789,2023-02-08 07:39:50.102550,589.6261626833333,16.74891705599348,90.53725303677507,15
3,17.879018076605163,91.96889400157347,2023-02-08 07:47:35.102550,2023-02-08 12:03:13.653653,255.6425183833333,17.879018076605163,91.96889400157347,17
3,18.344986581613654,89.27420938204004,2023-02-08 12:15:28.653653,2023-02-08 12:51:18.189773,35.825602,18.344986581613654,89.27420938204004,19
3,17.878767121775365,91.96848826230293,2023-02-08 13:03:03.189773,2023-02-08 17:18:44.163205,255.6828905333333,17.878767121775365,91.96848826230293,17
3,16.748735482194302,90.53700480135898,2023-02-08 17:27:29.163205,2023-02-09 07:49:45.372358,862.27015255,16.748735482194302,90.53700480135898,15
3,17.87838388865734,91.96807074940651,2023-02-09 07:57:45.372358,2023-02-09 12:26:16.074834,268.5117079333333,17.87838388865734,91.96807074940651,17
3,22.18952997776337,74.689973002533,2023-02-09 14:04:31.074834,2023-02-09 15:06:49.385112,62.3051713,22.18952997776337,74.689973002533,20
3,17.87889237164506,91.96854741791782,2023-02-09 18:22:34.385112,2023-02-09 22:10:50.967144,228.2763672,17.87889237164506,91.96854741791782,17
3,16.87548778375012,84.94909711960813,2023-02-09 22:41:50.967144,2023-02-09 23:21:15.726647,39.41265838333334,16.87548778375012,84.94909711960813,23
3,16.74939133800131,90.53715941039728,2023-02-09 23:45:15.726647,2023-02-10 08:23:22.749825,518.1170529666666,16.74939133800131,90.53715941039728,15
3,17.879296199957757,91.96809940291234,2023-02-10 08:27:52.749825,2023-02-10 12:25:33.650512,237.68167811666663,17.879296199957757,91.96809940291234,17
3,18.34242243217994,89.28414548243704,2023-02-10 13:08:18.650512,2023-02-10 13:39:10.298428,30.8607986,18.34242243217994,89.28414548243704,19
3,17.878525263002444,91.96380721076025,2023-02-10 14:15:25.298428,2023-02-10 14:38:10.298428,22.75,17.878525263002444,91.96380721076025,17
3,17.87869144784945,91.96733267247136,2023-02-10 14:39:10.298428,2023-02-10 17:17:07.216845,157.94864028333333,17.87869144784945,91.96733267247136,17
3,16.749080601919488,90.53734665383331,2023-02-10 17:25:52.216845,2023-02-11 06:50:14.386351,804.3694917666667,16.749080601919488,90.53734665383331,15
3,19.74806076053219,84.0066083597133,2023-02-11 07:23:59.386351,2023-02-11 10:15:01.468714,171.03470604999998,19.74806076053219,84.0066083597133,16
3,16.748843783721732,90.53727363047189,2023-02-11 10:48:46.468714,2023-02-12 09:03:28.572172,1334.7017243,16.748843783721732,90.53727363047189,15
3,22.191716771827195,74.6872022270917,2023-02-12 10:20:28.572172,2023-02-12 13:26:13.479602,185.74845716666667,22.191716771827195,74.6872022270917,20
3,16.751215433282553,90.52919163464647,2023-02-12 14:42:58.479602,2023-02-12 14:51:13.479602,8.25,16.751215433282553,90.52919163464647,15
3,16.748893666499157,90.537023605994,2023-02-12 14:52:13.479602,2023-02-13 07:46:31.726778,1014.3041196,16.748893666499157,90.537023605994,15
3,17.87860983790348,91.96840120457685,2023-02-13 07:51:16.726778,2023-02-13 12:22:13.607721,270.94801571666665,17.87860983790348,91.96840120457685,17
3,16.874418699012733,84.95176362923819,2023-02-13 14:24:58.607721,2023-02-13 15:04:07.150961,39.14238733333333,16.874418699012733,84.95176362923819,23
3,17.87857503185166,91.96853416203481,2023-02-13 15:42:07.150961,2023-02-13 18:31:22.150961,169.25,17.87857503185166,91.96853416203481,17
3,17.878573340926692,91.96809047405094,2023-02-13 18:32:22.150961,2023-02-13 19:18:15.638782,45.891463683333335,17.878573340926692,91.96809047405094,17
3,16.749146277822327,90.53731733539763,2023-02-13 19:27:15.638782,2023-02-14 08:26:02.030450,778.7731944666666,16.749146277822327,90.53731733539763,15
3,17.878172545929345,91.96861368622967,2023-02-14 08:33:02.030450,2023-02-14 11:48:29.782445,195.46253325,17.878172545929345,91.96861368622967,17
3,22.189472824323236,74.68534916735642,2023-02-14 14:32:44.782445,2023-02-14 15:22:55.302830,50.17533975,22.189472824323236,74.68534916735642,20
3,17.878064600892976,91.96142260490326,2023-02-14 16:51:25.302830,2023-02-14 17:05:40.302830,14.25,17.878064600892976,91.96142260490326,17
3,17.877996894826104,91.96870985250226,2023-02-14 17:06:40.302830,2023-02-14 21:04:08.480985,237.46963591666665,17.877996894826104,91.96870985250226,17
3,18.501781210012638,77.65265127287408,2023-02-14 22:07:08.480985,2023-02-14 23:14:45.763539,67.6213759,18.501781210012638,77.65265127287408,22
3,16.748633677508536,90.53719955177866,2023-02-15 00:12:00.000000,2023-02-15 08:24:20.250159,492.33750265,16.748633677508536,90.53719955177866,15
3,17.878982418928643,91.9697527992333,2023-02-15 08:30:05.250159,2023-02-15 12:46:59.718451,256.90780486666665,17.878982418928643,91.9697527992333,17
3,22.187189056077948,74.69229557451348,2023-02-15 15:35:14.718451,2023-02-15 15:56:44.718451,21.5,22.187189056077948,74.69229557451348,20
3,17.881856552083747,91.96231695031739,2023-02-15 20:22:04.821217,2023-02-15 20:33:49.821217,11.75,17.881856552083747,91.96231695031739,17
3,17.878782408495617,91.968982723444,2023-02-15 20:34:49.821217,2023-02-15 23:51:45.255257,196.92390066666667,17.878782408495617,91.968982723444,17
3,15.89857418584063,75.72148736063195,2023-02-16 01:03:45.255257,2023-02-16 02:20:17.874161,76.5436484,15.89857418584063,75.72148736063195,21
3,16.748643354661432,90.53691323739162,2023-02-16 03:25:00.000000,2023-02-16 08:08:00.339260,283.0056543333333,16.748643354661432,90.53691323739162,15
3,17.87793897516902,91.96763704384125,2023-02-16 08:14:00.339260,2023-02-16 12:22:26.623563,248.43807171666668,17.87793897516902,91.96763704384125,17
3,18.34526969527499,89.27337414069827,2023-02-16 12:35:11.623563,2023-02-16 13:14:26.623563,39.25,18.34526969527499,89.27337414069827,19
3,18.346301460341934,89.27512966138752,2023-02-16 13:15:26.623563,2023-02-16 13:37:24.756642,21.96888465,18.346301460341934,89.27512966138752,19
3,17.879289805160713,91.95469756625374,2023-02-16 13:57:39.756642,2023-02-16 14:04:09.756642,6.5,17.879289805160713,91.95469756625374,17
3,17.87812600903818,91.9686756320699,2023-02-16 14:05:09.756642,2023-02-16 17:41:28.527304,216.31284436666667,17.87812600903818,91.9686756320699,17
3,16.748884161994145,90.53703000779238,2023-02-16 17:50:13.527304,2023-02-17 07:20:11.247645,809.9620056833334,16.748884161994145,90.53703000779238,15
3,17.87822258826417,91.96805084280814,2023-02-17 07:26:11.247645,2023-02-17 12:17:50.243985,291.649939,17.87822258826417,91.96805084280814,17
3,19.748160721822227,84.01158691214627,2023-02-17 13:01:20.243985,2023-02-17 14:04:26.163514,63.09865881666666,19.748160721822227,84.01158691214627,16
3,17.877596495493975,91.96805791540787,2023-02-17 15:07:26.163514,2023-02-17 18:03:58.833240,176.54449543333334,17.877596495493975,91.96805791540787,17
3,18.344256581643446,89.27462723184695,2023-02-17 18:15:28.833240,2023-02-17 19:00:38.157646,45.15540676666667,18.344256581643446,89.27462723184695,19
3,16.748956624161725,90.53709634295707,2023-02-17 19:11:23.157646,2023-02-18 23:58:41.729124,1727.3095246333332,16.748956624161725,90.53709634295707,15
4,14.71193886650778,84.8853168722453,2023-01-01 00:00:00.000000,2023-01-01 07:59:19.805088,479.3300848,14.71193886650778,84.8853168722453,24
4,16.299252116292003,80.37710302214344,2023-01-01 08:20:49.805088,2023-01-01 11:16:43.289917,175.89141381666667,16.299252116292003,80.37710302214344,25
4,14.713251096170003,84.88477453374584,2023-01-01 11:37:58.289917,2023-01-01 12:48:13.289917,70.25,14.713251096170003,84.88477453374584,24
4,14.712040430243203,84.88600243943733,2023-01-01 12:49:13.289917,2023-01-02 08:37:41.099619,1188.4634950333334,14.712040430243203,84.88600243943733,24
4,12.001567228172888,85.25144079585083,2023-01-02 08:49:11.099619,2023-01-02 12:57:39.650648,248.4758504833333,12.001567228172888,85.25144079585083,26
4,16.297734873871896,80.38055016992502,2023-01-02 14:40:24.650648,2023-01-02 15:38:43.357505,58.31178095,16.297734873871896,80.38055016992502,25
4,12.00217655850388,85.25200697247145,2023-01-02 16:17:13.357505,2023-01-02 17:23:28.357505,66.25,12.00217655850388,85.25200697247145,26
4,12.001116299032695,85.25059937993845,2023-01-02 17:24:28.357505,2023-01-02 20:08:21.997235,163.89399550000002,12.001116299032695,85.25059937993845,26
4,16.298908045796612,80.37816270754163,2023-01-02 20:42:06.997235,2023-01-02 21:40:40.945490,58.56580425,16.298908045796612,80.37816270754163,25
4,14.712911767705844,84.88153834993278,2023-01-02 22:01:55.945490,2023-01-02 22:13:10.945490,11.25,14.712911767705844,84.88153834993278,24
4,14.711869557869122,84.88616585236706,2023-01-02 22:14:10.945490,2023-01-03 08:54:28.387834,640.2907057333334,14.711869557869122,84.88616585236706,24
4,12.001463665192734,85.25168246270896,2023-01-03 09:05:58.387834,2023-01-03 13:14:43.296840,248.7484834333333,12.001463665192734,85.25168246270896,26
4,16.368576922000578,84.730320071373,2023-01-03 13:43:28.296840,2023-01-03 15:02:40.772284,79.20792406666666,16.368576922000578,84.730320071373,27
4,12.001405497572975,85.252101535488,2023-01-03 15:51:10.772284,2023-01-03 16:24:25.772284,33.25,12.001405497572975,85.252101535488,26
4,12.000834719746782,85.25097797768782,2023-01-03 16:25:25.772284,2023-01-03 20:16:25.716985,230.99907835,12.000834719746782,85.25097797768782,26
4,14.711424812459637,84.88632806711571,2023-01-03 20:32:55.716985,2023-01-04 07:55:01.407836,682.0948475166666,14.711424812459637,84.88632806711571,24
4,12.001076142645028,85.25160654298543,2023-01-04 08:07:16.407836,2023-01-04 12:28:05.329063,260.81535378333336,12.001076142645028,85.25160654298543,26
4,23.513004585231258,74.71754150967243,2023-01-04 14:11:20.329063,2023-01-04 15:06:30.948995,55.176998866666665,23.513004585231258,74.71754150967243,28
4,12.001930848571364,85.25094437268876,2023-01-04 17:12:30.948995,2023-01-04 20:55:07.645725,222.61161216666667,12.001930848571364,85.25094437268876,26
4,14.711550112998303,84.88575873055288,2023-01-04 21:11:22.645725,2023-01-05 07:40:19.758269,628.9518757333334,14.711550112998303,84.88575873055288,24
4,12.001637556497082,85.25154709559904,2023-01-05 07:50:49.758269,2023-01-05 12:10:10.327708,259.34282398333335,12.001637556497082,85.25154709559904,26
4,23.51393549370422,74.71727376503172,2023-01-05 17:42:25.327708,2023-01-05 18:27:10.327708,44.75,23.51393549370422,74.71727376503172,28
4,23.515855000344978,74.71440394515818,2023-01-05 18:28:10.327708,2023-01-05 19:01:10.444453,33.00194575,23.515855000344978,74.71440394515818,28
4,12.002100162427109,85.25240816013559,2023-01-05 20:49:55.444453,2023-01-06 01:11:50.403952,261.91599165,12.002100162427109,85.25240816013559,26
4,14.711865156201505,84.88592150190061,2023-01-06 01:28:00.000000,2023-01-06 07:40:11.389078,372.1898179666667,14.711865156201505,84.88592150190061,24
4,12.00267981045122,85.25114563569477,2023-01-06 07:48:11.389078,2023-01-06 11:51:39.287983,243.46498175,12.00267981045122,85.25114563569477,26
4,16.367154977954776,84.73040988506663,2023-01-06 12:34:09.287983,2023-01-06 13:33:49.097393,59.66349016666666,16.367154977954776,84.73040988506663,27
4,12.001707990262902,85.25120697001687,2023-01-06 14:06:49.097393,2023-01-06 16:12:04.097393,125.25,12.001707990262902,85.25120697001687,26
4,12.00106684022415,85.25016477668368,2023-01-06 16:13:04.097393,2023-01-06 17:59:22.912458,106.31358441666666,12.00106684022415,85.25016477668368,26
4,24.693116637594574,89.69144996107491,2023-01-06 19:19:52.912458,2023-01-06 20:13:43.847603,53.848919083333335,24.693116637594574,89.69144996107491,29
4,14.713530635845455,84.89015426005398,2023-01-06 21:18:13.847603,2023-01-06 21:30:28.847603,12.25,14.713530635845455,84.89015426005398,24
4,14.711865250095457,84.8860646923388,2023-01-06 21:31:28.847603,2023-01-08 07:29:10.668451,2037.6970141333327,14.711865250095457,84.8860646923388,24
4,16.298852929916627,80.37915266523525,2023-01-08 07:50:25.668451,2023-01-08 09:02:09.991654,71.73872005,16.298852929916627,80.37915266523525,25
4,14.712245897436917,84.87716719246197,2023-01-08 09:23:24.991654,2023-01-08 09:28:39.991654,5.25,14.712245897436917,84.87716719246197,24
4,14.711440893212146,84.88570962945596,2023-01-08 09:29:39.991654,2023-01-09 07:34:49.782085,1325.16317385,14.711440893212146,84.88570962945596,24
4,12.00115316400647,85.25087749914967,2023-01-09 07:44:04.782085,2023-01-09 12:24:12.322316,280.1256705166667,12.00115316400647,85.25087749914967,26
4,16.36614661475103,84.72724420248849,2023-01-09 13:09:57.322316,2023-01-09 14:11:41.518474,61.73660263333333,16.36614661475103,84.72724420248849,27
4,12.00416535287384,85.25464298765336,2023-01-09 14:44:41.518474,2023-01-09 14:53:56.518474,9.25,12.00416535287384,85.25464298765336,26
4,12.001710200332669,85.25091970848734,2023-01-09 14:54:56.518474,2023-01-09 17:53:40.839616,178.73868570000002,12.001710200332669,85.25091970848734,26
4,14.711849040876444,84.88627383882798,2023-01-09 18:10:10.839616,2023-01-10 08:54:51.446157,884.6767756833334,14.711849040876444,84.88627383882798,24
4,12.010544134665757,85.25230964175994,2023-01-10 09:10:06.446157,2023-01-10 09:15:21.446157,5.25,12.010544134665757,85.25230964175994,26
4,12.00161744875688,85.25202588897412,2023-01-10 09:16:21.446157,2023-01-10 13:41:23.482037,265.0339313333333,12.00161744875688,85.25202588897412,26
4,23.51402601542457,74.71851802199649,2023-01-10 16:59:08.482037,2023-01-10 18:21:38.482037,82.5,23.51402601542457,74.71851802199649,28
4,23.514198876267876,74.71749043456646,2023-01-10 18:22:38.482037,2023-01-10 18:50:38.006618,27.99207635,23.514198876267876,74.71749043456646,28
4,12.00182783241611,85.25213888167546,2023-01-10 21:12:53.006618,2023-01-11 00:45:47.677335,212.9111786166667,12.00182783241611,85.25213888167546,26
4,24.67004827343101,89.68077352229018,2023-01-11 02:05:47.677335,2023-01-11 03:25:20.142814,79.54109131666668,24.67004827343101,89.68077352229018,29
4,14.711022244835286,84.88547869562656,2023-01-11 04:29:35.142814,2023-01-11 04:46:00.000000,16.414286433333334,14.711022244835286,84.88547869562656,24
4,14.712353516629587,84.88622230425923,2023-01-11 04:47:00.000000,2023-01-11 08:01:53.684369,194.89473948333327,14.712353516629587,84.88622230425923,24
4,12.001791464933468,85.25154655639736,2023-01-11 08:15:53.684369,2023-01-11 12:47:31.042274,271.62263175000004,12.001791464933468,85.25154655639736,26
4,16.29679025471981,80.38104773056395,2023-01-11 13:48:31.042274,2023-01-11 14:28:40.319405,40.15461885,16.29679025471981,80.38104773056395,25
4,12.006458964136618,85.24171715570611,2023-01-11 16:11:55.319405,2023-01-11 16:17:40.319405,5.75,12.006458964136618,85.24171715570611,26
4,12.000743153665587,85.25258011243918,2023-01-11 16:18:40.319405,2023-01-11 20:24:22.320061,245.7000109333333,12.000743153665587,85.25258011243918,26
4,14.711868546103293,84.88576379970138,2023-01-11 20:40:52.320061,2023-01-12 08:09:36.939969,688.7436651333334,14.711868546103293,84.88576379970138,24
4,12.001672751119816,85.25140912783172,2023-01-12 08:21:51.939969,2023-01-12 12:23:34.351395,241.7068571,12.001672751119816,85.25140912783172,26
4,16.297061388076536,80.37783047919132,2023-01-12 13:59:34.351395,2023-01-12 15:06:34.717425,67.0061005,16.297061388076536,80.37783047919132,25
4,12.001791913078963,85.25217169190645,2023-01-12 15:56:04.717425,2023-01-12 20:27:03.487256,270.9794971833333,12.001791913078963,85.25217169190645,26
4,16.36796786829787,84.72828828962639,2023-01-12 20:53:33.487256,2023-01-12 21:30:50.146027,37.27764618333333,16.36796786829787,84.72828828962639,27
4,14.711590678066596,84.88590679116325,2023-01-12 21:40:35.146027,2023-01-13 08:01:32.207028,620.9510166833334,14.711590678066596,84.88590679116325,24
4,12.001442026389082,85.25108674686132,2023-01-13 08:14:17.207028,2023-01-13 12:19:45.837323,245.47717158333336,12.001442026389082,85.25108674686132,26
4,16.297261644485125,80.3794019741322,2023-01-13 13:07:30.837323,2023-01-13 13:52:30.401924,44.99274335,16.297261644485125,80.3794019741322,25
4,12.005136651529229,85.24936194486702,2023-01-13 14:30:45.401924,2023-01-13 14:43:00.401924,12.25,12.005136651529229,85.24936194486702,26
4,12.00128496042619,85.2508854827723,2023-01-13 14:44:00.401924,2023-01-13 19:57:05.913538,313.0918602333333,12.00128496042619,85.2508854827723,26
4,14.711966761221909,84.88603562289575,2023-01-13 20:13:35.913538,2023-01-14 07:15:24.712885,661.81332245,14.711966761221909,84.88603562289575,24
4,16.29763464649812,80.3818379506527,2023-01-14 07:36:39.712885,2023-01-14 07:55:54.712885,19.25,16.29763464649812,80.3818379506527,25
4,16.29905114946178,80.37757948618848,2023-01-14 07:56:54.712885,2023-01-14 10:31:00.202135,154.0914875,16.29905114946178,80.37757948618848,25
4,14.711550100608367,84.8859014533041,2023-01-14 10:52:45.202135,2023-01-15 08:01:28.473560,1268.7211904166666,14.711550100608367,84.8859014533041,24
4,23.51379650506547,74.71857478127555,2023-01-15 09:11:28.473560,2023-01-15 10:40:43.473560,89.25,23.51379650506547,74.71857478127555,28
4,23.51331734340343,74.71534010581571,2023-01-15 10:41:43.473560,2023-01-15 12:15:52.567137,94.15155961666666,23.51331734340343,74.71534010581571,28
4,14.712151850304151,84.87837735767148,2023-01-15 13:25:37.567137,2023-01-15 13:36:52.567137,11.25,14.712151850304151,84.87837735767148,24
4,14.712027493431473,84.88628698177924,2023-01-15 13:37:52.567137,2023-01-16 07:08:26.515103,1050.5657994333333,14.712027493431473,84.88628698177924,24
4,12.005226910249151,85.2478900398304,2023-01-16 07:22:11.515103,2023-01-16 07:34:26.515103,12.25,12.005226910249151,85.2478900398304,26
4,12.000622522866918,85.25132341827388,2023-01-16 07:35:26.515103,2023-01-16 10:55:00.696097,199.5696832333333,12.000622522866918,85.25132341827388,26
4,23.513609009982932,74.71647179402842,2023-01-16 13:28:15.696097,2023-01-16 14:32:45.020162,64.48873441666666,23.513609009982932,74.71647179402842,28
4,12.00099690282836,85.25196722779279,2023-01-16 16:48:45.020162,2023-01-16 20:27:14.918487,218.49830541666668,12.00099690282836,85.25196722779279,26
4,16.29785343642628,80.37941188126405,2023-01-16 21:00:44.918487,2023-01-16 21:21:09.330780,20.40687155,16.29785343642628,80.37941188126405,25
4,14.711288582583157,84.8861783143726,2023-01-16 21:42:39.330780,2023-01-17 08:02:58.376384,620.3174267333333,14.711288582583157,84.8861783143726,24
4,12.000455291854655,85.25154739080627,2023-01-17 08:12:13.376384,2023-01-17 12:22:19.618327,250.10403238333336,12.000455291854655,85.25154739080627,26
4,23.50991324066496,74.71918480533729,2023-01-17 14:22:49.618327,2023-01-17 15:16:45.495326,53.931283316666665,23.50991324066496,74.71918480533729,28
4,12.004386580861086,85.24790099711004,2023-01-17 18:24:15.495326,2023-01-17 18:41:45.495326,17.5,12.004386580861086,85.24790099711004,26
4,12.0011132253834,85.25158124378976,2023-01-17 18:42:45.495326,2023-01-17 22:47:20.605000,244.5851612333333,12.0011132253834,85.25158124378976,26
4,14.706326412035857,84.88687715813276,2023-01-17 23:03:35.605000,2023-01-17 23:12:50.605000,9.25,14.706326412035857,84.88687715813276,24
4,14.71158169107012,84.88575319493528,2023-01-17 23:13:50.605000,2023-01-18 08:27:08.510675,553.2984279166667,14.71158169107012,84.88575319493528,24
4,12.001183503432745,85.25122738683277,2023-01-18 08:39:53.510675,2023-01-18 13:27:19.786499,287.4379304,12.001183503432745,85.25122738683277,26
4,16.366305786637817,84.72984621406819,2023-01-18 14:30:04.786499,2023-01-18 15:03:34.786499,33.5,16.366305786637817,84.72984621406819,27
4,16.367826959800304,84.73141576485091,2023-01-18 15:04:34.786499,2023-01-18 15:36:44.686208,32.16499515,16.367826959800304,84.73141576485091,27
4,12.002890638893408,85.25038842648516,2023-01-18 16:09:29.686208,2023-01-18 16:37:44.686208,28.25,12.002890638893408,85.25038842648516,26
4,12.001098945622456,85.25199777024002,2023-01-18 16:38:44.686208,2023-01-18 20:29:14.553549,230.49778901666664,12.001098945622456,85.25199777024002,26
4,14.707955141823515,84.88579014518808,2023-01-18 20:45:29.553549,2023-01-18 20:56:44.553549,11.25,14.707955141823515,84.88579014518808,24
4,14.711200028745077,84.88727441802561,2023-01-18 20:57:44.553549,2023-01-19 00:08:00.000000,190.25744085,14.711200028745077,84.88727441802561,24
4,14.70961015911093,84.88661899382653,2023-01-19 00:09:00.000000,2023-01-19 00:46:00.000000,37.0,14.70961015911093,84.88661899382653,24
4,14.71214910845567,84.8853566892141,2023-01-19 00:47:00.000000,2023-01-19 08:02:27.750661,435.4625110166666,14.71214910845567,84.8853566892141,24
4,12.001709759955208,85.25157822414427,2023-01-19 08:14:27.750661,2023-01-19 11:35:42.264092,201.24189051666664,12.001709759955208,85.25157822414427,26
4,16.365200269538384,84.72935691932128,2023-01-19 12:07:42.264092,2023-01-19 13:15:11.388533,67.48540735,16.365200269538384,84.72935691932128,27
4,12.000624890930979,85.25248458031713,2023-01-19 13:55:26.388533,2023-01-19 18:11:37.562998,256.18624108333336,12.000624890930979,85.25248458031713,26
4,14.711683714478028,84.88578960043151,2023-01-19 18:27:52.562998,2023-01-20 08:35:41.171075,847.8101346166666,14.711683714478028,84.88578960043151,24
4,12.001124703105386,85.25238976163962,2023-01-20 08:47:11.171075,2023-01-20 12:36:19.242354,229.13452131666665,12.001124703105386,85.25238976163962,26
4,16.29710251536101,80.38194299123931,2023-01-20 13:12:04.242354,2023-01-20 13:39:19.242354,27.25,16.29710251536101,80.38194299123931,25
4,16.299546781963624,80.37973092956742,2023-01-20 13:40:19.242354,2023-01-20 14:36:59.960605,56.67863751666666,16.299546781963624,80.37973092956742,25
4,12.00097292142881,85.25235679067433,2023-01-20 16:00:29.960605,2023-01-20 20:28:16.739089,267.7796414,12.00097292142881,85.25235679067433,26
4,22.20775566039819,90.13703215828045,2023-01-20 21:34:01.739089,2023-01-20 22:40:47.318729,66.75966066666666,22.20775566039819,90.13703215828045,-1
4,14.712808845736404,84.88761134652628,2023-01-20 23:31:47.318729,2023-01-21 00:15:00.000000,43.21135451666667,14.712808845736404,84.88761134652628,24
4,14.711667801618972,84.88591648691379,2023-01-21 00:16:00.000000,2023-01-22 08:38:17.337082,1942.2889513666669,14.711667801618972,84.88591648691379,24
4,22.206955465404004,90.13780595768148,2023-01-22 09:29:47.337082,2023-01-22 12:23:33.019797,173.76137858333334,22.206955465404004,90.13780595768148,-1
4,14.711507527054216,84.88574145878994,2023-01-22 13:14:48.019797,2023-01-23 07:48:31.624535,1113.7267456333332,14.711507527054216,84.88574145878994,24
4,12.000944185566725,85.25119926194017,2023-01-23 08:01:01.624535,2023-01-23 13:18:21.351017,317.3287747,12.000944185566725,85.25119926194017,26
4,16.29954081420766,80.3792991792224,2023-01-23 14:07:36.351017,2023-01-23 15:19:16.161376,71.66350598333334,16.29954081420766,80.3792991792224,25
4,12.00159102469702,85.25161603795047,2023-01-23 16:02:16.161376,2023-01-23 20:07:30.313451,245.23586791666668,12.00159102469702,85.25161603795047,26
4,23.511911933952675,74.71916495254125,2023-01-23 21:31:45.313451,2023-01-23 21:49:00.313451,17.25,23.511911933952675,74.71916495254125,28
4,23.51376368760391,74.71481464937294,2023-01-23 21:50:00.313451,2023-01-23 22:32:37.804530,42.62485131666666,23.51376368760391,74.71481464937294,28
4,14.713252539359813,84.88698978789412,2023-01-23 23:42:22.804530,2023-01-23 23:49:37.804530,7.25,14.713252539359813,84.88698978789412,24
4,14.711761137829882,84.88580490843503,2023-01-23 23:50:37.804530,2023-01-24 07:50:22.393793,479.7431543833334,14.711761137829882,84.88580490843503,24
4,12.001532616399633,85.2522583497268,2023-01-24 08:03:52.393793,2023-01-24 12:10:48.443761,246.9341661333333,12.001532616399633,85.2522583497268,26
4,16.366669607806287,84.72839195451944,2023-01-24 12:41:48.443761,2023-01-24 13:45:43.569499,63.9187623,16.366669607806287,84.72839195451944,27
4,12.001574407355443,85.25211040902163,2023-01-24 14:58:58.569499,2023-01-24 17:23:28.569499,144.5,12.001574407355443,85.25211040902163,26
4,12.000426517271146,85.25086444939899,2023-01-24 17:24:28.569499,2023-01-24 19:40:06.983944,135.64024075,12.000426517271146,85.25086444939899,26
4,14.711824606671577,84.88622157411629,2023-01-24 19:56:36.983944,2023-01-25 07:48:35.622665,711.9773120166667,14.711824606671577,84.88622157411629,24
4,12.001859513720674,85.25250510854181,2023-01-25 08:01:05.622665,2023-01-25 12:11:29.379358,250.39594488333333,12.001859513720674,85.25250510854181,26
4,16.36358570416322,84.72798353090623,2023-01-25 13:29:14.379358,2023-01-25 14:13:56.527889,44.70247551666667,16.36358570416322,84.72798353090623,27
4,12.0010814149769,85.25212160575805,2023-01-25 14:41:56.527889,2023-01-25 18:55:49.684502,253.88594355,12.0010814149769,85.25212160575805,26
4,14.710732934786723,84.88649028939864,2023-01-25 19:12:04.684502,2023-01-25 19:37:19.684502,25.25,14.710732934786723,84.88649028939864,24
4,14.711844294714343,84.88621083080338,2023-01-25 19:38:19.684502,2023-01-26 08:17:29.442925,759.1626403833333,14.711844294714343,84.88621083080338,24
4,12.001705154882039,85.25134513968146,2023-01-26 08:25:44.442925,2023-01-26 12:30:37.435899,244.8832162333333,12.001705154882039,85.25134513968146,26
4,16.367297037560153,84.73105262031937,2023-01-26 13:00:07.435899,2023-01-26 13:13:22.435899,13.25,16.367297037560153,84.73105262031937,27
4,16.36789399193128,84.72908634993918,2023-01-26 13:14:22.435899,2023-01-26 14:03:01.017173,48.643021233333336,16.36789399193128,84.72908634993918,27
4,12.014151647249811,85.25282918754277,2023-01-26 14:48:01.017173,2023-01-26 14:53:31.017173,5.5,12.014151647249811,85.25282918754277,26
4,12.00086568145485,85.25061213095654,2023-01-26 14:54:31.017173,2023-01-26 18:54:37.277897,240.1043454,12.00086568145485,85.25061213095654,26
4,14.711349421472269,84.88577945060779,2023-01-26 19:54:22.612469,2023-01-27 07:15:02.618290,680.6667636833333,14.711349421472269,84.88577945060779,24
4,12.00518435112452,85.25478156694126,2023-01-27 07:30:47.618290,2023-01-27 07:49:02.618290,18.25,12.00518435112452,85.25478156694126,26
4,12.00158383427244,85.25198316401205,2023-01-27 07:50:02.618290,2023-01-27 12:06:47.387208,256.74614863333335,12.00158383427244,85.25198316401205,26
4,23.506492139331986,74.71575004399985,2023-01-27 13:37:17.387208,2023-01-27 13:42:32.387208,5.25,23.506492139331986,74.71575004399985,28
4,23.512423835975845,74.71757242176744,2023-01-27 13:43:32.387208,2023-01-27 14:22:39.822766,39.12392596666667,23.512423835975845,74.71757242176744,28
4,12.002110916823899,85.25192863138008,2023-01-27 16:49:54.822766,2023-01-27 21:59:22.488478,309.46109520000005,12.002110916823899,85.25192863138008,26
4,14.711725804590225,84.88582660412892,2023-01-27 22:15:37.488478,2023-01-30 07:53:58.496281,3458.35013005,14.711725804590225,84.88582660412892,24
4,12.001940201727864,85.24974893674143,2023-01-30 08:03:43.496281,2023-01-30 12:06:50.987671,243.1248565,12.001940201727864,85.24974893674143,26
4,23.510924309524082,74.71805382806099,2023-01-30 17:15:50.987671,2023-01-30 17:35:35.987671,19.75,23.510924309524082,74.71805382806099,28
4,23.514263009665683,74.71630807858746,2023-01-30 17:36:35.987671,2023-01-30 18:45:48.589398,69.21002878333334,23.514263009665683,74.71630807858746,28
4,12.000739374071783,85.25146844453863,2023-01-30 20:45:03.589398,2023-01-31 00:28:41.220084,223.6271781,12.000739374071783,85.25146844453863,26
4,14.711517693456798,84.88576073490623,2023-01-31 01:33:00.000000,2023-01-31 08:01:49.236698,388.8206116333333,14.711517693456798,84.88576073490623,24
4,12.00123303901922,85.2518996700063,2023-01-31 08:11:49.236698,2023-01-31 11:45:00.217572,213.18301456666669,12.00123303901922,85.2518996700063,26
4,23.509789354455535,74.72168355867778,2023-01-31 13:48:30.217572,2023-01-31 14:32:14.024847,43.73012125,23.509789354455535,74.72168355867778,28
4,12.001151945798506,85.25089988417548,2023-01-31 19:30:44.024847,2023-01-31 23:34:27.051927,243.717118,12.001151945798506,85.25089988417548,26
4,14.712014791886444,84.88585971246177,2023-01-31 23:50:42.051927,2023-02-01 07:59:17.753289,488.5950227,14.712014791886444,84.88585971246177,24
4,12.000958277971046,85.25124907189299,2023-02-01 08:08:02.753289,2023-02-01 12:26:47.130615,258.7396221,12.000958277971046,85.25124907189299,26
4,23.511882970897187,74.71976165351519,2023-02-01 14:12:47.130615,2023-02-01 14:48:05.319314,35.30314498333333,23.511882970897187,74.71976165351519,28
4,12.001668969307943,85.25115278786316,2023-02-01 16:42:35.319314,2023-02-01 17:46:50.319314,64.25,12.001668969307943,85.25115278786316,26
4,12.000646411749859,85.25195266213323,2023-02-01 17:47:50.319314,2023-02-01 19:45:42.925062,117.87676246666666,12.000646411749859,85.25195266213323,26
4,24.688386578928135,89.69068012573742,2023-02-01 21:06:12.925062,2023-02-01 21:20:03.421080,13.8416003,24.688386578928135,89.69068012573742,29
4,14.710448496918499,84.88739105369442,2023-02-01 22:24:18.421080,2023-02-01 22:44:33.421080,20.25,14.710448496918499,84.88739105369442,24
4,14.71141469430381,84.88590569353939,2023-02-01 22:45:33.421080,2023-02-02 08:40:11.810087,594.6398167833333,14.71141469430381,84.88590569353939,24
4,12.00134339423885,85.25115271117762,2023-02-02 08:48:56.810087,2023-02-02 12:29:45.033114,220.80371711666663,12.00134339423885,85.25115271117762,26
4,23.51441024326173,74.71796369707295,2023-02-02 15:42:00.033114,2023-02-02 16:35:44.083761,53.73417745,23.51441024326173,74.71796369707295,28
4,12.00379992757546,85.25121303073881,2023-02-02 19:20:14.083761,2023-02-02 20:14:29.083761,54.25,12.00379992757546,85.25121303073881,26
4,12.000612871405487,85.2511168279947,2023-02-02 20:15:29.083761,2023-02-02 23:15:37.064614,180.13301421666665,12.000612871405487,85.2511168279947,26
4,14.707983142666794,84.88742994110808,2023-02-02 23:31:52.064614,2023-02-02 23:43:07.064614,11.25,14.707983142666794,84.88742994110808,24
4,14.711457082737791,84.8855150623775,2023-02-02 23:44:07.064614,2023-02-03 07:39:49.005048,475.69900723333336,14.711457082737791,84.8855150623775,24
4,12.001978396277318,85.25178485064419,2023-02-03 07:52:19.005048,2023-02-03 11:56:49.949202,244.5157359,12.001978396277318,85.25178485064419,26
4,16.36810740499791,84.72860369456839,2023-02-03 12:30:34.949202,2023-02-03 12:45:49.949202,15.25,16.36810740499791,84.72860369456839,27
4,16.36846480344563,84.72749624955179,2023-02-03 12:46:49.949202,2023-02-03 13:48:19.817983,61.49781301666667,16.36846480344563,84.72749624955179,27
4,12.00159716622618,85.25162311825798,2023-02-03 14:34:19.817983,2023-02-03 19:26:59.760006,292.66570038333333,12.00159716622618,85.25162311825798,26
4,23.50885929511228,74.72086206470038,2023-02-03 20:51:14.760006,2023-02-03 21:33:06.326676,41.8594445,23.50885929511228,74.72086206470038,28
4,14.711760945102167,84.8856474809109,2023-02-03 22:42:36.326676,2023-02-04 08:34:40.223726,592.0649508333333,14.711760945102167,84.8856474809109,24
4,16.30106807009536,80.3782448197537,2023-02-04 08:56:10.223726,2023-02-04 12:23:54.514258,207.73817553333336,16.30106807009536,80.3782448197537,25
4,14.715503822585529,84.8799568717962,2023-02-04 12:45:09.514258,2023-02-04 12:56:24.514258,11.25,14.715503822585529,84.8799568717962,24
4,14.71167680812573,84.88591943380615,2023-02-04 12:57:24.514258,2023-02-06 07:30:22.196759,2552.961375016667,14.71167680812573,84.88591943380615,24
4,12.002853121758438,85.25057962945777,2023-02-06 07:44:07.196759,2023-02-06 11:20:09.873256,216.04460828333333,12.002853121758438,85.25057962945777,26
4,23.51203932893957,74.71865813963983,2023-02-06 15:42:54.873256,2023-02-06 16:01:39.873256,18.75,23.51203932893957,74.71865813963983,28
4,23.51440551520384,74.71564363861155,2023-02-06 16:02:39.873256,2023-02-06 16:14:33.414446,11.892353166666668,23.51440551520384,74.71564363861155,28
4,12.005896391180446,85.25131214682634,2023-02-06 17:41:18.414446,2023-02-06 17:49:33.414446,8.25,12.005896391180446,85.25131214682634,26
4,12.000821756268804,85.2509862937984,2023-02-06 17:50:33.414446,2023-02-06 21:58:34.266809,248.01420605,12.000821756268804,85.2509862937984,26
4,14.710671121856207,84.8841011229668,2023-02-06 22:14:49.266809,2023-02-06 23:06:04.266809,51.25,14.710671121856207,84.8841011229668,24
4,14.711303002480463,84.88570395942217,2023-02-06 23:07:04.266809,2023-02-07 07:56:07.493120,529.05377185,14.711303002480463,84.88570395942217,24
4,12.001342882462597,85.25170739799512,2023-02-07 08:05:07.493120,2023-02-07 11:55:27.607484,230.3352394,12.001342882462597,85.25170739799512,26
4,16.295503556065654,80.38161930254492,2023-02-07 12:47:27.607484,2023-02-07 13:42:02.912079,54.58840991666667,16.295503556065654,80.38161930254492,25
4,12.00221518701674,85.25213622855782,2023-02-07 15:38:02.912079,2023-02-07 18:56:05.682257,198.0461696333333,12.00221518701674,85.25213622855782,26
4,14.71164837307468,84.88585172751353,2023-02-07 19:12:20.682257,2023-02-08 07:59:50.336821,767.4942427333333,14.71164837307468,84.88585172751353,24
4,12.001327843278716,85.25148186165676,2023-02-08 08:09:50.336821,2023-02-08 12:10:32.730248,240.7065571166667,12.001327843278716,85.25148186165676,26
4,16.301037060610888,80.37684270900638,2023-02-08 12:46:32.730248,2023-02-08 13:23:23.911432,36.85301973333333,16.301037060610888,80.37684270900638,25
4,12.001134392493476,85.25138270678856,2023-02-08 14:16:38.911432,2023-02-08 17:42:53.911432,206.25,12.001134392493476,85.25138270678856,26
4,12.0,85.25164666655166,2023-02-08 17:43:53.911432,2023-02-08 18:22:20.793809,38.44803961666666,12.0,85.25164666655166,26
4,14.713437576572694,84.88847619103355,2023-02-08 18:38:35.793809,2023-02-08 18:44:50.793809,6.25,14.713437576572694,84.88847619103355,24
4,14.711705464505764,84.88555713141761,2023-02-08 18:45:50.793809,2023-02-09 08:36:04.382478,830.2264778166666,14.711705464505764,84.88555713141761,24
4,12.000390709749082,85.25178719083404,2023-02-09 08:47:34.382478,2023-02-09 12:59:21.860518,251.79130066666667,12.000390709749082,85.25178719083404,26
4,16.366650909624422,84.72788121764758,2023-02-09 13:42:21.860518,2023-02-09 14:55:26.775280,73.0819127,16.366650909624422,84.72788121764758,27
4,12.001148728921107,85.25138866721478,2023-02-09 15:39:41.775280,2023-02-09 19:44:06.510389,244.41225181666667,12.001148728921107,85.25138866721478,26
4,16.297325690492666,80.38121178972683,2023-02-09 20:17:21.510389,2023-02-09 20:22:36.510389,5.25,16.297325690492666,80.38121178972683,25
4,16.30043599404578,80.3783937629949,2023-02-09 20:23:36.510389,2023-02-09 20:59:31.669380,35.91931651666666,16.30043599404578,80.3783937629949,25
4,14.711260631242173,84.88489127971985,2023-02-09 21:21:16.669380,2023-02-09 23:58:16.669380,157.0,14.711260631242173,84.88489127971985,24
5,23.119749572356213,76.78088240221145,2023-01-01 00:00:00.000000,2023-01-01 08:14:01.209553,494.0201592166667,23.119749572356213,76.78088240221145,30
5,21.340168975740937,82.55798553860495,2023-01-01 08:41:16.209553,2023-01-01 11:15:27.454268,154.1874119166667,21.340168975740937,82.55798553860495,31
5,23.116951900501235,76.78391701588653,2023-01-01 11:42:12.454268,2023-01-01 12:01:27.454268,19.25,23.116951900501235,76.78391701588653,30
5,23.119903790183667,76.78093450678996,2023-01-01 12:02:27.454268,2023-01-02 08:14:20.468864,1211.8835766,23.119903790183667,76.78093450678996,30
5,21.129678963742577,74.4583707872998,2023-01-02 08:25:50.468864,2023-01-02 14:00:10.186559,334.32862825,21.129678963742577,74.4583707872998,32
5,16.138410773365976,82.44183298813176,2023-01-02 15:02:10.186559,2023-01-02 15:43:43.033593,41.54745056666666,16.138410773365976,82.44183298813176,33
5,21.12845852553714,74.45828860836399,2023-01-02 16:48:43.033593,2023-01-02 20:49:58.033593,241.25,21.12845852553714,74.45828860836399,32
5,21.130254565303183,74.45594337869325,2023-01-02 20:50:58.033593,2023-01-02 21:08:16.742014,17.311807016666666,21.130254565303183,74.45594337869325,32
5,18.84957106680506,90.23729774239888,2023-01-02 22:18:46.742014,2023-01-02 22:28:01.742014,9.25,18.84957106680506,90.23729774239888,34
5,18.8472319609494,90.24211730544162,2023-01-02 22:29:01.742014,2023-01-02 23:17:28.398727,48.44427855,18.8472319609494,90.24211730544162,34
5,23.119301913456937,76.78778704157402,2023-01-03 00:21:43.398727,2023-01-03 00:32:00.000000,10.276687883333333,23.119301913456937,76.78778704157402,30
5,23.119701228806697,76.78122790114654,2023-01-03 00:33:00.000000,2023-01-03 06:56:01.897011,383.03161685,23.119701228806697,76.78122790114654,30
5,21.129183700664854,74.45737187406729,2023-01-03 07:05:46.897011,2023-01-03 11:57:09.015091,291.36863466666665,21.129183700664854,74.45737187406729,32
5,19.85824005559559,89.84413163048978,2023-01-03 13:41:24.015091,2023-01-03 14:52:44.361295,71.33910340000001,19.85824005559559,89.84413163048978,35
5,21.129564034404705,74.45853015964407,2023-01-03 16:54:44.361295,2023-01-03 21:29:31.026131,274.77774726666667,21.129564034404705,74.45853015964407,32
5,23.120023915841138,76.78116137082938,2023-01-03 21:45:01.026131,2023-01-04 09:05:13.683425,680.2109548999999,23.120023915841138,76.78116137082938,30
5,21.12929214352635,74.45837306905345,2023-01-04 09:15:13.683425,2023-01-04 13:45:51.801015,270.63529316666666,21.12929214352635,74.45837306905345,32
5,19.857139824016944,89.84381806978604,2023-01-04 16:47:06.801015,2023-01-04 17:45:42.075992,58.587916283333335,19.857139824016944,89.84381806978604,35
5,21.129747164441333,74.45756373314934,2023-01-04 20:33:57.075992,2023-01-04 23:59:12.075992,205.25,21.129747164441333,74.45756373314934,32
5,23.1196206960284,76.78114648545362,2023-01-05 01:05:49.096199,2023-01-05 07:27:47.890196,381.97989995,23.1196206960284,76.78114648545362,30
5,21.129456025388258,74.4579787735992,2023-01-05 07:37:17.890196,2023-01-05 11:38:53.663079,241.59621471666665,21.129456025388258,74.4579787735992,32
5,21.33969977472801,82.55883413442731,2023-01-05 12:19:08.663079,2023-01-05 13:17:16.086067,58.12371646666666,21.33969977472801,82.55883413442731,31
5,21.12826951482265,74.46172540589244,2023-01-05 14:38:16.086067,2023-01-05 14:45:46.086067,7.5,21.12826951482265,74.46172540589244,32
5,21.129452722409454,74.45735605037439,2023-01-05 14:46:46.086067,2023-01-05 19:07:19.484701,260.5566439,21.129452722409454,74.45735605037439,32
5,19.86148097692721,89.844206419478,2023-01-05 20:15:04.484701,2023-01-05 20:31:19.484701,16.25,19.86148097692721,89.844206419478,35
5,19.857263812948556,89.84843400411083,2023-01-05 20:32:19.484701,2023-01-05 21:12:23.008379,40.058727966666666,19.857263812948556,89.84843400411083,35
5,23.118146476311836,76.78714288743438,2023-01-05 22:12:53.008379,2023-01-05 22:21:08.008379,8.25,23.118146476311836,76.78714288743438,30
5,23.12023243028065,76.78097768003103,2023-01-05 22:22:08.008379,2023-01-06 07:37:31.832076,555.3970616166666,23.12023243028065,76.78097768003103,30
5,21.12929293728437,74.45808025831305,2023-01-06 07:51:31.832076,2023-01-06 12:21:19.792661,269.7993430833333,21.12929293728437,74.45808025831305,32
5,19.85694702288297,89.84564617235519,2023-01-06 14:08:19.792661,2023-01-06 15:00:44.890388,52.41829545,19.85694702288297,89.84564617235519,35
5,21.130761514665814,74.46321702073521,2023-01-06 16:23:29.890388,2023-01-06 16:39:44.890388,16.25,21.130761514665814,74.46321702073521,32
5,21.129778298755156,74.45782853636213,2023-01-06 16:40:44.890388,2023-01-06 21:02:36.351834,261.8576907666667,21.129778298755156,74.45782853636213,32
5,18.847245482862768,90.24016685583257,2023-01-06 22:13:21.351834,2023-01-06 23:06:12.385096,52.85055436666666,18.847245482862768,90.24016685583257,34
5,23.120009162346655,76.78261855004205,2023-01-07 00:10:12.385096,2023-01-07 00:22:00.000000,11.793581733333331,23.120009162346655,76.78261855004205,30
5,23.119204098161223,76.78130232223114,2023-01-07 00:23:00.000000,2023-01-07 07:28:32.680291,425.54467151666665,23.119204098161223,76.78130232223114,30
5,19.857360150625926,89.83830962120936,2023-01-07 08:29:02.680291,2023-01-07 08:35:17.680291,6.25,19.857360150625926,89.83830962120936,35
5,19.85747508382771,89.84821008466122,2023-01-07 08:36:17.680291,2023-01-07 12:04:15.524695,207.9640734,19.85747508382771,89.84821008466122,35
5,23.11944295681285,76.7812884293523,2023-01-07 13:04:45.524695,2023-01-08 07:54:34.070234,1129.8090923166667,23.11944295681285,76.7812884293523,30
5,16.136024956842896,82.43900655733111,2023-01-08 08:43:49.070234,2023-01-08 10:30:14.324503,106.42090448333332,16.136024956842896,82.43900655733111,33
5,23.11966583865254,76.78135277341154,2023-01-08 11:19:29.324503,2023-01-09 08:00:29.640147,1241.0052607333334,23.11966583865254,76.78135277341154,30
5,21.129137245840745,74.45800419759873,2023-01-09 08:08:14.640147,2023-01-09 11:58:34.747339,230.33511986666664,21.129137245840745,74.45800419759873,32
5,21.339975073641476,82.55575700407783,2023-01-09 13:03:04.747339,2023-01-09 14:28:33.388091,85.47734586666667,21.339975073641476,82.55575700407783,31
5,21.129030809619714,74.46043287537721,2023-01-09 16:18:03.388091,2023-01-09 16:48:48.388091,30.75,21.129030809619714,74.46043287537721,32
5,21.129441533332248,74.45828207164779,2023-01-09 16:49:48.388091,2023-01-09 20:12:52.214956,203.0637810833333,21.129441533332248,74.45828207164779,32
5,23.119450692516462,76.78099117042035,2023-01-09 20:28:22.214956,2023-01-10 08:50:43.687481,742.3578754166666,23.119450692516462,76.78099117042035,30
5,21.12956149943462,74.45871643525253,2023-01-10 08:58:43.687481,2023-01-10 12:32:56.222657,214.2089196,21.12956149943462,74.45871643525253,32
5,21.339789834755443,82.55138288118488,2023-01-10 13:57:26.222657,2023-01-10 14:34:54.561289,37.472310533333335,21.339789834755443,82.55138288118488,31
5,21.12950124975427,74.45857248314127,2023-01-10 16:19:09.561289,2023-01-10 20:43:03.676785,263.90192493333336,21.12950124975427,74.45857248314127,32
5,23.120138596938652,76.78137297795963,2023-01-10 20:58:33.676785,2023-01-11 07:45:15.162485,646.6914283333333,23.120138596938652,76.78137297795963,30
5,21.130042250643847,74.4583658779654,2023-01-11 07:58:30.162485,2023-01-11 10:44:55.655446,166.42488268333332,21.130042250643847,74.4583658779654,32
5,16.136833367572613,82.43914202112832,2023-01-11 12:15:55.655446,2023-01-11 13:28:43.742111,72.80144441666667,16.136833367572613,82.43914202112832,33
5,21.12976362308271,74.45757706363327,2023-01-11 14:55:13.742111,2023-01-11 19:03:34.207566,248.34109091666667,21.12976362308271,74.45757706363327,32
5,23.121114746435943,76.7796512247438,2023-01-11 19:19:04.207566,2023-01-11 20:05:19.207566,46.25,23.121114746435943,76.7796512247438,30
5,23.119739780146354,76.7815049522098,2023-01-11 20:06:19.207566,2023-01-12 07:43:37.271271,697.30106175,23.119739780146354,76.7815049522098,30
5,21.128860866295184,74.45938679341769,2023-01-12 07:52:37.271271,2023-01-12 12:15:55.457343,263.3031012,21.128860866295184,74.45938679341769,32
5,19.85843775085926,89.84670210557852,2023-01-12 13:40:25.457343,2023-01-12 14:29:40.457343,49.25,19.85843775085926,89.84670210557852,35
5,19.858260091128827,89.84836432392511,2023-01-12 14:30:40.457343,2023-01-12 15:11:27.640297,40.78638256666667,19.858260091128827,89.84836432392511,35
5,21.128220856551962,74.46321207814546,2023-01-12 17:23:57.640297,2023-01-12 17:46:27.640297,22.5,21.128220856551962,74.46321207814546,32
5,21.129703392713473,74.45754112965531,2023-01-12 17:47:27.640297,2023-01-12 21:53:27.527350,245.99811755,21.129703392713473,74.45754112965531,32
5,23.117840024446785,76.7812667074875,2023-01-12 22:08:57.527350,2023-01-12 22:40:12.527350,31.25,23.117840024446785,76.7812667074875,30
5,23.11936655851801,76.78130516732375,2023-01-12 22:41:12.527350,2023-01-13 07:57:09.141871,555.9435753500001,23.11936655851801,76.78130516732375,30
5,21.12958932286754,74.45764109702942,2023-01-13 08:07:54.141871,2023-01-13 12:32:39.525849,264.75639963333333,21.12958932286754,74.45764109702942,32
5,21.339909274712554,82.55704506510044,2023-01-13 13:26:09.525849,2023-01-13 14:44:21.689800,78.20273251666667,21.339909274712554,82.55704506510044,31
5,21.1290519210421,74.45749895561899,2023-01-13 15:25:51.689800,2023-01-13 18:56:53.226565,211.02561275,21.1290519210421,74.45749895561899,32
5,23.119445192837212,76.78149384926603,2023-01-13 19:12:23.226565,2023-01-14 08:12:40.986645,780.2960013333334,23.119445192837212,76.78149384926603,30
5,21.339725787148794,82.55803152204349,2023-01-14 08:39:25.986645,2023-01-14 09:45:40.986645,66.25,21.339725787148794,82.55803152204349,31
5,21.339108737824596,82.56026662198643,2023-01-14 09:46:40.986645,2023-01-14 11:06:36.682744,79.92826831666666,21.339108737824596,82.56026662198643,31
5,23.118982050935163,76.78104945516877,2023-01-14 11:33:36.682744,2023-01-14 12:21:51.682744,48.25,23.118982050935163,76.78104945516877,30
5,23.119598822087504,76.78111213713612,2023-01-14 12:22:51.682744,2023-01-15 08:30:24.827907,1207.5524193833332,23.119598822087504,76.78111213713612,30
5,19.85702625786477,89.84789151730013,2023-01-15 09:31:09.827907,2023-01-15 13:03:51.478126,212.69417031666663,19.85702625786477,89.84789151730013,35
5,23.114317677115466,76.78395530179488,2023-01-15 14:04:06.478126,2023-01-15 14:17:21.478126,13.25,23.114317677115466,76.78395530179488,30
5,23.119569330084968,76.78096772063132,2023-01-15 14:18:21.478126,2023-01-16 07:56:39.458068,1058.2996657,23.119569330084968,76.78096772063132,30
5,21.12887370585311,74.4582832502679,2023-01-16 08:07:39.458068,2023-01-16 12:10:32.994572,242.89227506666663,21.12887370585311,74.4582832502679,32
5,19.856544034196098,89.83356633462806,2023-01-16 16:30:02.994572,2023-01-16 16:37:02.994572,7.0,19.856544034196098,89.83356633462806,35
5,19.858036635141108,89.84725461130157,2023-01-16 16:38:02.994572,2023-01-16 17:47:57.388689,69.90656861666666,19.858036635141108,89.84725461130157,35
5,21.12841682381354,74.45775071269938,2023-01-16 19:53:42.388689,2023-01-16 23:59:57.388689,246.25,21.12841682381354,74.45775071269938,32
5,23.119704048626218,76.78089500723566,2023-01-17 00:57:00.000000,2023-01-17 07:58:56.001632,421.9333605333333,23.119704048626218,76.78089500723566,30
5,21.12953280028502,74.45752780595896,2023-01-17 08:11:56.001632,2023-01-17 12:39:57.677199,268.02792611666666,21.12953280028502,74.45752780595896,32
5,19.858587115867664,89.84408498819272,2023-01-17 14:25:42.677199,2023-01-17 15:53:12.999036,87.50536395,19.858587115867664,89.84408498819272,35
5,21.129687524979175,74.45741001316351,2023-01-17 20:11:27.999036,2023-01-17 23:59:57.999036,228.5,21.129687524979175,74.45741001316351,32
5,23.118996810367992,76.78161718754468,2023-01-18 01:35:46.472054,2023-01-18 08:17:13.433131,401.4493512833333,23.118996810367992,76.78161718754468,30
5,21.128658844534677,74.45749920091355,2023-01-18 08:28:13.433131,2023-01-18 12:01:17.576011,213.069048,21.128658844534677,74.45749920091355,32
5,16.136552916179653,82.43683814022118,2023-01-18 13:45:02.576011,2023-01-18 14:31:30.085656,46.458494083333335,16.136552916179653,82.43683814022118,33
5,21.129086210186728,74.458491412611,2023-01-18 16:04:30.085656,2023-01-18 20:53:32.639432,289.04256293333333,21.129086210186728,74.458491412611,32
5,23.114616264506278,76.77413770797419,2023-01-18 21:08:47.639432,2023-01-18 21:17:02.639432,8.25,23.114616264506278,76.77413770797419,30
5,23.119462563166604,76.78121620269228,2023-01-18 21:18:02.639432,2023-01-19 07:40:25.003874,622.3727407,23.119462563166604,76.78121620269228,30
5,21.129464013901284,74.45782120398563,2023-01-19 07:52:40.003874,2023-01-19 11:37:55.163468,225.2526599,21.129464013901284,74.45782120398563,32
5,19.85855821147823,89.84470557265541,2023-01-19 14:49:55.163468,2023-01-19 16:24:38.512579,94.72248518333336,19.85855821147823,89.84470557265541,35
5,21.128040080812497,74.46150706857274,2023-01-19 18:54:23.512579,2023-01-19 19:24:53.512579,30.5,21.128040080812497,74.46150706857274,32
5,21.130323890026773,74.45871494732866,2023-01-19 19:25:53.512579,2023-01-19 23:08:01.050414,222.12563058333333,21.130323890026773,74.45871494732866,32
5,23.11613659529438,76.77974636589072,2023-01-19 23:23:16.050414,2023-01-19 23:41:31.050414,18.25,23.11613659529438,76.77974636589072,30
5,23.119561826575854,76.78106254162783,2023-01-19 23:42:31.050414,2023-01-20 08:05:23.814594,502.879403,23.119561826575854,76.78106254162783,30
5,21.130092252982166,74.4583168445009,2023-01-20 08:20:23.814594,2023-01-20 12:16:39.730195,236.26526001666667,21.130092252982166,74.4583168445009,32
5,16.135742313318154,82.43880756515645,2023-01-20 13:08:54.730195,2023-01-20 14:36:30.529718,87.59665871666667,16.135742313318154,82.43880756515645,33
5,21.124699694391197,74.46703587472814,2023-01-20 16:03:45.529718,2023-01-20 16:09:15.529718,5.5,21.124699694391197,74.46703587472814,32
5,21.12999445512383,74.45751119427241,2023-01-20 16:10:15.529718,2023-01-20 19:53:30.581872,223.25086923333336,21.12999445512383,74.45751119427241,32
5,23.119698341444632,76.78149687467857,2023-01-20 20:09:00.581872,2023-01-21 08:43:21.106714,754.3420807,23.119698341444632,76.78149687467857,30
5,21.34058010304414,82.55869171238889,2023-01-21 09:10:21.106714,2023-01-21 11:19:19.278809,128.96953491666667,21.34058010304414,82.55869171238889,31
5,23.11975054465947,76.78123497096759,2023-01-21 11:46:34.278809,2023-01-22 07:53:01.232258,1206.44922415,23.11975054465947,76.78123497096759,30
5,18.8471881334741,90.23677285465834,2023-01-22 08:57:16.232258,2023-01-22 09:14:31.232258,17.25,18.8471881334741,90.23677285465834,34
5,18.84724988491609,90.24117891794539,2023-01-22 09:15:31.232258,2023-01-22 11:58:15.666760,162.74057503333333,18.84724988491609,90.24117891794539,34
5,23.119799332007965,76.78085449913401,2023-01-22 13:02:30.666760,2023-01-23 08:01:09.594584,1138.6487970666667,23.119799332007965,76.78085449913401,30
5,21.12929494402863,74.457495001722,2023-01-23 08:12:09.594584,2023-01-23 12:33:08.302518,260.97846556666667,21.12929494402863,74.457495001722,32
5,21.339536975980167,82.55517743162778,2023-01-23 13:11:08.302518,2023-01-23 14:21:44.048260,70.59576236666666,21.339536975980167,82.55517743162778,31
5,21.1292212158131,74.45919631925501,2023-01-23 15:37:29.048260,2023-01-23 16:22:59.048260,45.5,21.1292212158131,74.45919631925501,32
5,21.130005126283436,74.45733878398953,2023-01-23 16:23:59.048260,2023-01-23 18:58:03.069172,154.0670152,21.130005126283436,74.45733878398953,32
5,18.85164775461199,90.22915374241626,2023-01-23 20:08:33.069172,2023-01-23 20:22:34.167440,14.018304466666669,18.85164775461199,90.22915374241626,34
5,23.119461713615188,76.79161719050047,2023-01-23 21:26:19.167440,2023-01-23 21:34:34.167440,8.25,23.119461713615188,76.79161719050047,30
5,23.119992500592357,76.78141562948359,2023-01-23 21:35:34.167440,2023-01-24 07:54:12.149448,618.6330334666667,23.119992500592357,76.78141562948359,30
5,21.13024138661497,74.45785749263496,2023-01-24 08:03:12.149448,2023-01-24 11:40:41.177808,217.483806,21.13024138661497,74.45785749263496,32
5,21.33798415018677,82.55663477713293,2023-01-24 12:21:11.177808,2023-01-24 13:08:45.361892,47.56973473333333,21.33798415018677,82.55663477713293,31
5,21.131245425451468,74.45585962265835,2023-01-24 13:50:00.361892,2023-01-24 14:05:15.361892,15.25,21.131245425451468,74.45585962265835,32
5,21.129643703083715,74.45741802183046,2023-01-24 14:06:15.361892,2023-01-24 18:25:38.844306,259.3913735666667,21.129643703083715,74.45741802183046,32
5,16.134603454044395,82.43911994996861,2023-01-24 19:11:38.844306,2023-01-24 19:31:53.844306,20.25,16.134603454044395,82.43911994996861,33
5,16.13619873857551,82.44133814265676,2023-01-24 19:32:53.844306,2023-01-24 19:54:58.649206,22.08008166666667,16.13619873857551,82.44133814265676,33
5,23.115508409649788,76.77997610346496,2023-01-24 20:44:13.649206,2023-01-24 21:19:28.649206,35.25,23.115508409649788,76.77997610346496,30
5,23.11989751856745,76.78139085326896,2023-01-24 21:20:28.649206,2023-01-25 07:22:24.351423,601.9283702833333,23.11989751856745,76.78139085326896,30
5,21.12905103343993,74.45812726256163,2023-01-25 07:34:54.351423,2023-01-25 11:11:38.370677,216.7336542333333,21.12905103343993,74.45812726256163,32
5,19.857722806231404,89.84268556715548,2023-01-25 13:29:38.370677,2023-01-25 14:12:12.979424,42.576812450000006,19.857722806231404,89.84268556715548,35
5,21.13035166684193,74.47271176289779,2023-01-25 16:16:57.979424,2023-01-25 16:22:27.979424,5.5,21.13035166684193,74.47271176289779,32
5,21.130052800687107,74.45755494210204,2023-01-25 16:23:27.979424,2023-01-25 19:54:30.331211,211.03919645,21.130052800687107,74.45755494210204,32
5,23.116892061302856,76.77989431222232,2023-01-25 20:09:45.331211,2023-01-25 20:30:00.331211,20.25,23.116892061302856,76.77989431222232,30
5,23.11975237242951,76.78128544714461,2023-01-25 20:31:00.331211,2023-01-26 08:02:07.863018,691.1255301166667,23.11975237242951,76.78128544714461,30
5,21.129810788879237,74.45768847716406,2023-01-26 08:11:07.863018,2023-01-26 11:50:26.893990,219.31718286666668,21.129810788879237,74.45768847716406,32
5,21.338672451096137,82.55739240271726,2023-01-26 12:34:41.893990,2023-01-26 13:37:56.037913,63.23573205,21.338672451096137,82.55739240271726,31
5,21.12963331136453,74.4587079764555,2023-01-26 14:36:11.037913,2023-01-26 18:00:05.126978,203.90148441666668,21.12963331136453,74.4587079764555,32
5,23.119884143346596,76.78100669395718,2023-01-26 18:15:35.126978,2023-01-27 07:50:28.181433,814.8842409166666,23.119884143346596,76.78100669395718,30
5,21.12921360175057,74.4584421569654,2023-01-27 07:59:13.181433,2023-01-27 12:15:46.547906,256.5561078833333,21.12921360175057,74.4584421569654,32
5,16.137733397820206,82.44085886944217,2023-01-27 13:42:16.547906,2023-01-27 14:43:58.786442,61.7039756,16.137733397820206,82.44085886944217,33
5,21.128851655428388,74.45764868069533,2023-01-27 15:32:28.786442,2023-01-27 19:50:00.026536,257.52066823333337,21.128851655428388,74.45764868069533,32
5,23.119492044447256,76.78126187627198,2023-01-27 20:05:30.026536,2023-01-29 08:51:00.913800,2205.5147877333334,23.119492044447256,76.78126187627198,30
5,19.857555309534124,89.84818783029186,2023-01-29 09:51:30.913800,2023-01-29 14:27:02.768896,275.5309182666667,19.857555309534124,89.84818783029186,35
5,23.121804047463872,76.78673995413368,2023-01-29 15:27:17.768896,2023-01-29 15:33:32.768896,6.25,23.121804047463872,76.78673995413368,30
5,23.11977099077656,76.78118769092062,2023-01-29 15:34:32.768896,2023-01-30 07:57:50.156177,983.2897880166668,23.11977099077656,76.78118769092062,30
5,21.129395161885505,74.45855590633258,2023-01-30 08:07:05.156177,2023-01-30 12:00:17.785856,233.21049465,21.129395161885505,74.45855590633258,32
5,16.136448356408994,82.43921824342395,2023-01-30 13:32:47.785856,2023-01-30 14:16:17.785856,43.5,16.136448356408994,82.43921824342395,33
5,16.134162267457413,82.43904570468192,2023-01-30 14:17:17.785856,2023-01-30 14:42:29.156389,25.18950888333333,16.134162267457413,82.43904570468192,33
5,21.128770287917725,74.45818114784453,2023-01-30 15:54:14.156389,2023-01-30 20:06:26.263548,252.2017859833333,21.128770287917725,74.45818114784453,32
5,16.139510410416857,82.43913677755769,2023-01-30 20:52:41.263548,2023-01-30 21:27:22.406379,34.68571385,16.139510410416857,82.43913677755769,33
5,23.118576727383655,76.78166352264154,2023-01-30 22:16:22.406379,2023-01-30 22:51:37.406379,35.25,23.118576727383655,76.78166352264154,30
5,23.11958394962312,76.78123660385413,2023-01-30 22:52:37.406379,2023-01-31 07:34:19.709351,521.7050495333334,23.11958394962312,76.78123660385413,30
5,21.129825236999384,74.45710124642746,2023-01-31 07:44:49.709351,2023-01-31 11:43:12.793867,238.3847419333333,21.129825236999384,74.45710124642746,32
5,16.138640781423042,82.43647142356667,2023-01-31 14:15:12.793867,2023-01-31 14:43:25.813826,28.216999316666666,16.138640781423042,82.43647142356667,33
5,21.130353393311168,74.45852663266665,2023-01-31 15:45:25.813826,2023-01-31 19:51:02.742572,245.6154791,21.130353393311168,74.45852663266665,32
5,23.119403893165693,76.78110861199991,2023-01-31 20:06:32.742572,2023-02-01 08:13:04.595423,726.53088085,23.119403893165693,76.78110861199991,30
5,21.129523648209137,74.45804892461818,2023-02-01 08:27:04.595423,2023-02-01 12:40:56.821730,253.87043845,21.129523648209137,74.45804892461818,32
5,21.338551625583793,82.55483317608265,2023-02-01 13:25:56.821730,2023-02-01 13:32:11.821730,6.25,21.338551625583793,82.55483317608265,31
5,21.33955560900225,82.55856074055633,2023-02-01 13:33:11.821730,2023-02-01 14:28:02.846297,54.85040945,21.33955560900225,82.55856074055633,31
5,21.128139555430188,74.46079596196924,2023-02-01 15:43:17.846297,2023-02-01 16:12:47.846297,29.5,21.128139555430188,74.46079596196924,32
5,21.129468921646193,74.45740827191824,2023-02-01 16:13:47.846297,2023-02-01 20:30:55.596463,257.12916943333335,21.129468921646193,74.45740827191824,32
5,23.120015054582915,76.78138035109781,2023-02-01 20:46:40.596463,2023-02-02 08:18:05.656214,691.4176625166667,23.120015054582915,76.78138035109781,30
5,21.1304627480633,74.4596312662983,2023-02-02 08:31:50.656214,2023-02-02 08:56:05.656214,24.25,21.1304627480633,74.4596312662983,32
5,21.128934954273536,74.45850196384698,2023-02-02 08:57:05.656214,2023-02-02 13:08:24.093936,251.30729536666664,21.128934954273536,74.45850196384698,32
5,16.137885143159657,82.43828635148834,2023-02-02 14:49:24.093936,2023-02-02 15:51:11.514854,61.79034863333333,16.137885143159657,82.43828635148834,33
5,21.12432333605158,74.46611850340354,2023-02-02 18:25:26.514854,2023-02-02 18:31:11.514854,5.75,21.12432333605158,74.46611850340354,32
5,21.13046637896752,74.4572121807733,2023-02-02 18:32:11.514854,2023-02-02 22:47:57.174565,255.7609951833333,21.13046637896752,74.4572121807733,32
5,23.119515580753603,76.78185204885591,2023-02-02 23:03:27.174565,2023-02-03 07:41:45.554448,518.3063313833334,23.119515580753603,76.78185204885591,30
5,21.12938112934456,74.45830476497903,2023-02-03 07:55:30.554448,2023-02-03 12:43:12.553787,287.69998898333336,21.12938112934456,74.45830476497903,32
5,21.337032620317487,82.55750465454084,2023-02-03 13:29:12.553787,2023-02-03 13:53:27.553787,24.25,21.337032620317487,82.55750465454084,31
5,21.338948414108007,82.56001656444722,2023-02-03 13:54:27.553787,2023-02-03 14:14:09.804077,19.7041715,21.338948414108007,82.56001656444722,31
5,21.13004422681812,74.45764294960208,2023-02-03 15:23:09.804077,2023-02-03 20:27:03.521393,303.8952886,21.13004422681812,74.45764294960208,32
5,23.11994989568609,76.78021579069501,2023-02-03 20:42:18.521393,2023-02-03 20:57:33.521393,15.25,23.11994989568609,76.78021579069501,30
5,23.119751353691946,76.78134123165883,2023-02-03 20:58:33.521393,2023-02-05 08:00:11.280399,2101.6293167666668,23.119751353691946,76.78134123165883,30
5,18.84667599144665,90.24200153650621,2023-02-05 09:04:41.280399,2023-02-05 13:03:29.048327,238.7961321333333,18.84667599144665,90.24200153650621,34
5,23.11961116733068,76.78134856098774,2023-02-05 14:07:44.048327,2023-02-06 07:58:53.362763,1071.1552406,23.11961116733068,76.78134856098774,30
5,21.129186008661776,74.45854128565281,2023-02-06 08:06:53.362763,2023-02-06 12:47:15.789043,280.3737713333333,21.129186008661776,74.45854128565281,32
5,16.136938716712258,82.44010355209737,2023-02-06 13:48:00.789043,2023-02-06 14:38:51.355431,50.84277313333334,16.136938716712258,82.44010355209737,33
5,21.130197987392243,74.45867426400063,2023-02-06 15:25:51.355431,2023-02-06 18:37:40.609322,191.82089818333333,21.130197987392243,74.45867426400063,32
5,16.13622447176347,82.44063807467043,2023-02-06 19:23:55.609322,2023-02-06 20:30:41.861300,66.7708663,16.13622447176347,82.44063807467043,33
5,23.11987132042515,76.78086591135934,2023-02-06 21:19:56.861300,2023-02-07 07:45:28.538028,625.5279454666667,23.11987132042515,76.78086591135934,30
5,21.129001111355826,74.45848514961021,2023-02-07 07:55:43.538028,2023-02-07 12:06:47.250484,251.06187426666665,21.129001111355826,74.45848514961021,32
5,16.13886218224355,82.43695615486467,2023-02-07 14:06:02.250484,2023-02-07 14:35:32.250484,29.5,16.13886218224355,82.43695615486467,33
5,16.138442583143558,82.43743825693974,2023-02-07 14:36:32.250484,2023-02-07 15:05:12.558543,28.67180098333333,16.138442583143558,82.43743825693974,33
5,21.12900579813103,74.45764942286662,2023-02-07 16:21:42.558543,2023-02-07 20:42:54.119614,261.19268451666665,21.12900579813103,74.45764942286662,32
5,23.119873245658123,76.78087493248384,2023-02-07 20:58:24.119614,2023-02-08 08:04:49.935132,666.4302586333334,23.119873245658123,76.78087493248384,30
5,21.129072398186892,74.45932650770726,2023-02-08 08:16:04.935132,2023-02-08 11:52:32.283703,216.45580951666668,21.129072398186892,74.45932650770726,32
5,16.14014950742527,82.43771990997519,2023-02-08 13:05:17.283703,2023-02-08 13:20:32.283703,15.25,16.14014950742527,82.43771990997519,33
5,16.136431377071975,82.44013588889322,2023-02-08 13:21:32.283703,2023-02-08 13:48:03.024509,26.512346766666667,16.136431377071975,82.44013588889322,33
5,21.129250233735846,74.4583927393602,2023-02-08 15:02:18.024509,2023-02-08 18:46:40.874446,224.3808322833333,21.129250233735846,74.4583927393602,32
5,18.846242743710672,90.24132108594861,2023-02-08 19:57:10.874446,2023-02-08 21:06:14.260415,69.05643281666667,18.846242743710672,90.24132108594861,34
5,23.11971063783282,76.78179130573687,2023-02-08 22:10:29.260415,2023-02-09 07:43:58.817531,573.4926186,23.11971063783282,76.78179130573687,30
5,21.129478503501367,74.45808339484904,2023-02-09 07:53:43.817531,2023-02-09 12:04:14.929847,250.5185386,21.129478503501367,74.45808339484904,32
5,16.139591474813006,82.43348990630997,2023-02-09 13:10:44.929847,2023-02-09 13:46:31.499628,35.77616301666667,16.139591474813006,82.43348990630997,33
5,21.125148442270486,74.46397181863338,2023-02-09 16:37:16.499628,2023-02-09 16:44:01.499628,6.75,21.125148442270486,74.46397181863338,32
5,21.1284652752518,74.45774830818867,2023-02-09 16:45:01.499628,2023-02-09 20:28:52.157685,223.84430095,21.1284652752518,74.45774830818867,32
5,23.120189556953072,76.78130597411852,2023-02-09 20:44:37.157685,2023-02-10 08:09:56.173834,685.3169358166667,23.120189556953072,76.78130597411852,30
5,21.13008000853037,74.45733746919755,2023-02-10 08:24:11.173834,2023-02-10 12:02:14.133244,218.0493235,21.13008000853037,74.45733746919755,32
5,16.137763845949912,82.43922315924989,2023-02-10 13:02:14.133244,2023-02-10 13:39:29.133244,37.25,16.137763845949912,82.43922315924989,33
5,16.138104340926567,82.43898790359852,2023-02-10 13:40:29.133244,2023-02-10 13:50:45.976591,10.28072245,16.138104340926567,82.43898790359852,33
5,21.12880148939796,74.45854347652323,2023-02-10 15:02:00.976591,2023-02-10 17:48:04.892468,166.06526461666667,21.12880148939796,74.45854347652323,32
5,23.11997603751982,76.78099031298596,2023-02-10 18:03:34.892468,2023-02-11 01:14:00.000000,430.4184588666667,23.11997603751982,76.78099031298596,30
5,23.119823767373,76.78142590900656,2023-02-11 01:15:00.000000,2023-02-11 11:31:16.147153,616.2691192166666,23.119823767373,76.78142590900656,30
5,23.11990219534659,76.7812052110767,2023-02-11 11:32:16.147153,2023-02-12 07:54:36.284619,1222.3356244333334,23.11990219534659,76.7812052110767,30
5,21.338952571993616,82.55979673038901,2023-02-12 08:21:36.284619,2023-02-12 12:19:30.242226,237.89929345,21.338952571993616,82.55979673038901,31
5,23.11964257334715,76.78121333574931,2023-02-12 12:46:30.242226,2023-02-13 07:16:26.974990,1109.9455460666666,23.11964257334715,76.78121333574931,30
5,21.129663149405122,74.45792918488344,2023-02-13 07:27:56.974990,2023-02-13 10:29:26.581666,181.4934446,21.129663149405122,74.45792918488344,32
5,19.857339517387004,89.8457496533248,2023-02-13 11:43:41.581666,2023-02-13 12:36:09.760466,52.46964666666667,19.857339517387004,89.8457496533248,35
5,21.129655781638746,74.45799001354376,2023-02-13 14:26:39.760466,2023-02-13 17:46:18.061938,199.63835786666667,21.129655781638746,74.45799001354376,32
5,23.119979897171355,76.78086353154346,2023-02-13 18:01:48.061938,2023-02-13 23:58:48.061938,357.0,23.119979897171355,76.78086353154346,30
6,24.88305828736752,75.03973093955672,2023-01-01 00:00:00.000000,2023-01-02 07:40:02.395662,1900.0399277,24.88305828736752,75.03973093955672,36
6,27.998778234800056,76.56888258812543,2023-01-02 07:50:02.395662,2023-01-02 11:11:11.653694,201.15430053333333,27.998778234800056,76.56888258812543,37
6,24.34959406688533,83.56823261708287,2023-01-02 11:55:41.653694,2023-01-02 12:48:53.673532,53.20033063333334,24.34959406688533,83.56823261708287,38
6,27.998403241326066,76.5684300164907,2023-01-02 13:39:53.673532,2023-01-02 18:19:02.002450,279.1388153,27.998403241326066,76.5684300164907,37
6,24.883185059895666,75.0397687955711,2023-01-02 18:38:47.002450,2023-01-03 07:34:44.415696,775.9568874333332,24.883185059895666,75.0397687955711,36
6,27.997693614826275,76.56811820109375,2023-01-03 07:46:59.415696,2023-01-03 11:18:45.490889,211.7679198833333,27.997693614826275,76.56811820109375,37
6,24.348269762090744,83.56968664554049,2023-01-03 12:04:00.490889,2023-01-03 13:06:52.632262,62.86902288333333,24.348269762090744,83.56968664554049,38
6,27.998440585075077,76.56861179023025,2023-01-03 14:02:52.632262,2023-01-03 18:04:51.460460,241.98046996666665,27.998440585075077,76.56861179023025,37
6,24.8827917079251,75.04012757805515,2023-01-03 18:24:36.460460,2023-01-04 07:41:10.976597,796.57526895,24.8827917079251,75.04012757805515,36
6,27.998382350228,76.5677110192653,2023-01-04 07:56:10.976597,2023-01-04 11:39:45.212322,223.57059541666663,27.998382350228,76.5677110192653,37
6,17.940720753831453,75.29729793784252,2023-01-04 14:58:30.212322,2023-01-04 15:20:00.212322,21.5,17.940720753831453,75.29729793784252,39
6,17.9395101057036,75.29895166818508,2023-01-04 15:21:00.212322,2023-01-04 15:34:22.617981,13.37342765,17.9395101057036,75.29895166818508,39
6,27.998754609975062,76.5687645841855,2023-01-04 18:01:07.617981,2023-01-04 22:04:37.617981,243.5,27.998754609975062,76.5687645841855,37
6,28.0,76.56775422114431,2023-01-04 22:05:37.617981,2023-01-04 22:35:33.975282,29.93928835,28.0,76.56775422114431,37
6,24.88289101533839,75.04022961462647,2023-01-04 22:55:33.975282,2023-01-05 07:39:02.215798,523.4706752666667,24.88289101533839,75.04022961462647,36
6,27.99896013061082,76.56793309355481,2023-01-05 07:50:32.215798,2023-01-05 12:18:46.647251,268.24052421666664,27.99896013061082,76.56793309355481,37
6,23.897691215529186,88.64972886094537,2023-01-05 14:09:46.647251,2023-01-05 15:19:24.547097,69.63166410000001,23.897691215529186,88.64972886094537,40
6,27.99844807166619,76.56880303499905,2023-01-05 16:28:54.547097,2023-01-05 20:54:14.107809,265.32601186666665,27.99844807166619,76.56880303499905,37
6,24.88322643820621,75.04004944181327,2023-01-05 21:13:59.107809,2023-01-06 08:39:49.044356,685.8322757833333,24.88322643820621,75.04004944181327,36
6,27.99859075850504,76.56851177541459,2023-01-06 08:49:49.044356,2023-01-06 13:08:19.754228,258.5118312,27.99859075850504,76.56851177541459,37
6,17.94311900582042,75.29748799190446,2023-01-06 15:20:49.754228,2023-01-06 16:41:25.947135,80.60321511666666,17.94311900582042,75.29748799190446,39
6,27.998249558279056,76.56792380892423,2023-01-06 18:09:55.947135,2023-01-06 20:23:10.947135,133.25,27.998249558279056,76.56792380892423,37
6,27.99803880918065,76.5688548772828,2023-01-06 20:24:10.947135,2023-01-06 22:57:06.193131,152.9207666,27.99803880918065,76.5688548772828,37
6,24.88214587086601,75.0407060345111,2023-01-06 23:17:06.193131,2023-01-07 08:13:02.069536,535.9312734166666,24.88214587086601,75.0407060345111,36
6,24.64152186201727,80.59885471435477,2023-01-07 08:36:47.069536,2023-01-07 08:43:02.069536,6.25,24.64152186201727,80.59885471435477,41
6,24.642850677373648,80.60632165503272,2023-01-07 08:44:02.069536,2023-01-07 10:42:55.977041,118.89845841666668,24.642850677373648,80.60632165503272,41
6,24.882898497921964,75.03972677905703,2023-01-07 11:07:10.977041,2023-01-08 07:42:33.703769,1235.3787788,24.882898497921964,75.03972677905703,36
6,17.786632974103778,84.093098810503,2023-01-08 08:41:03.703769,2023-01-08 08:47:18.703769,6.25,17.786632974103778,84.093098810503,-1
6,17.7786948119909,84.0990367029392,2023-01-08 08:48:18.703769,2023-01-08 12:36:30.875762,228.20286655,17.7786948119909,84.0990367029392,-1
6,24.882797714797768,75.0400850210138,2023-01-08 13:35:30.875762,2023-01-09 07:55:55.148472,1100.4045451666668,24.882797714797768,75.0400850210138,36
6,27.998847666279033,76.56844493798685,2023-01-09 08:13:55.148472,2023-01-09 12:30:02.663732,256.1252543333333,27.998847666279033,76.56844493798685,37
6,17.944317480849303,75.29725985178631,2023-01-09 13:43:17.663732,2023-01-09 14:35:38.678069,52.35023895,17.944317480849303,75.29725985178631,39
6,27.993939382099292,76.56974675126348,2023-01-09 16:48:53.678069,2023-01-09 17:19:23.678069,30.5,27.993939382099292,76.56974675126348,37
6,27.998908374205882,76.56789441176855,2023-01-09 17:20:23.678069,2023-01-09 20:42:51.978798,202.47167881666667,27.998908374205882,76.56789441176855,37
6,19.76638353154556,78.52127642818043,2023-01-09 21:34:06.978798,2023-01-09 21:51:05.273159,16.97157268333333,19.76638353154556,78.52127642818043,42
6,24.87514714062413,75.04083126648428,2023-01-09 22:25:20.273159,2023-01-09 22:34:35.273159,9.25,24.87514714062413,75.04083126648428,36
6,24.882791686926403,75.04027955030992,2023-01-09 22:35:35.273159,2023-01-10 09:18:42.731710,643.1243091833334,24.882791686926403,75.04027955030992,36
6,27.998338143985183,76.56831442245849,2023-01-10 09:32:42.731710,2023-01-10 13:13:42.331186,220.9933246,27.998338143985183,76.56831442245849,37
6,23.755075568504267,77.41204664876147,2023-01-10 14:20:12.331186,2023-01-10 14:47:42.331186,27.5,23.755075568504267,77.41204664876147,43
6,23.7537069311514,77.41097764109921,2023-01-10 14:48:42.331186,2023-01-10 15:04:58.463447,16.268871016666665,23.7537069311514,77.41097764109921,43
6,27.998407180542003,76.56833685221622,2023-01-10 15:49:43.463447,2023-01-10 20:06:01.187467,256.2954003333333,27.998407180542003,76.56833685221622,37
6,23.75631067186556,77.41176319615556,2023-01-10 20:31:31.187467,2023-01-10 20:49:46.187467,18.25,23.75631067186556,77.41176319615556,43
6,23.752745793286966,77.40980976176078,2023-01-10 20:50:46.187467,2023-01-10 21:49:47.051864,59.01440661666666,23.752745793286966,77.40980976176078,43
6,24.882570180347123,75.04001727236168,2023-01-10 22:02:02.051864,2023-01-11 07:59:30.354803,597.47171565,24.882570180347123,75.04001727236168,36
6,27.99788646500101,76.56877003433252,2023-01-11 08:11:15.354803,2023-01-11 12:27:16.202722,256.01413198333336,27.99788646500101,76.56877003433252,37
6,23.758103928791535,77.41384071428801,2023-01-11 14:05:16.202722,2023-01-11 14:28:16.202722,23.0,23.758103928791535,77.41384071428801,43
6,23.75175137658251,77.41032470470634,2023-01-11 14:29:16.202722,2023-01-11 14:45:46.552777,16.50583425,23.75175137658251,77.41032470470634,43
6,27.99838349260218,76.56870800591058,2023-01-11 15:49:46.552777,2023-01-11 20:19:07.122336,269.34282598333334,27.99838349260218,76.56870800591058,37
6,24.882865860868655,75.03972303419441,2023-01-11 20:38:52.122336,2023-01-12 07:40:28.734828,661.6102082,24.882865860868655,75.03972303419441,36
6,27.999141904421606,76.56862800481194,2023-01-12 07:58:58.734828,2023-01-12 11:35:27.307581,216.47621255,27.999141904421606,76.56862800481194,37
6,19.766794033064254,78.5237108186548,2023-01-12 12:47:57.307581,2023-01-12 14:06:04.159207,78.11419376666666,19.766794033064254,78.5237108186548,42
6,27.997520598492862,76.57020746006133,2023-01-12 15:08:19.159207,2023-01-12 17:19:34.159207,131.25,27.997520598492862,76.57020746006133,37
6,27.999377222142755,76.56958972693607,2023-01-12 17:20:34.159207,2023-01-12 18:37:43.760385,77.16001963333333,27.999377222142755,76.56958972693607,37
6,17.943207389533953,75.29904467133876,2023-01-12 19:39:28.760385,2023-01-12 20:28:00.227564,48.52445298333334,17.943207389533953,75.29904467133876,39
6,24.882524052583186,75.03958008627866,2023-01-12 21:10:15.227564,2023-01-13 08:31:15.317719,681.0015025833333,24.882524052583186,75.03958008627866,36
6,27.998901611629403,76.5687002642101,2023-01-13 08:41:30.317719,2023-01-13 13:08:16.792709,266.7745831666667,27.998901611629403,76.5687002642101,37
6,23.89962938888287,88.6473686517526,2023-01-13 14:38:16.792709,2023-01-13 15:56:21.636180,78.08072451666666,23.89962938888287,88.6473686517526,40
6,27.997981553626566,76.56971776760184,2023-01-13 19:00:21.636180,2023-01-13 22:07:29.973151,187.13894951666668,27.997981553626566,76.56971776760184,37
6,24.891488900911106,75.04163131967798,2023-01-13 22:26:59.973151,2023-01-13 22:32:14.973151,5.25,24.891488900911106,75.04163131967798,36
6,24.88278417659493,75.03978565176935,2023-01-13 22:33:14.973151,2023-01-15 07:33:23.832483,1980.147655533333,24.88278417659493,75.03978565176935,36
6,23.900135757388874,88.64899559028585,2023-01-15 08:32:53.832483,2023-01-15 09:16:08.832483,43.25,23.900135757388874,88.64899559028585,40
6,23.89785756915787,88.65063668099691,2023-01-15 09:17:08.832483,2023-01-15 11:29:26.754442,132.29869931666667,23.89785756915787,88.65063668099691,40
6,24.882052171083913,75.04051525889965,2023-01-15 12:29:11.754442,2023-01-15 14:47:26.754442,138.25,24.882052171083913,75.04051525889965,36
6,24.882678213089374,75.03944865336496,2023-01-15 14:48:26.754442,2023-01-16 07:26:13.713704,997.7826543666666,24.882678213089374,75.03944865336496,36
6,27.998755039551355,76.5683675249186,2023-01-16 07:39:13.713704,2023-01-16 11:36:20.255767,237.10903438333327,27.998755039551355,76.5683675249186,37
6,23.75402639394182,77.41198185604827,2023-01-16 12:13:20.255767,2023-01-16 13:21:52.461659,68.53676486666667,23.75402639394182,77.41198185604827,43
6,27.998431883691772,76.5679946762791,2023-01-16 13:58:37.461659,2023-01-16 18:17:17.224194,258.66270891666665,27.998431883691772,76.5679946762791,37
6,24.88543921564908,75.04397595294846,2023-01-16 18:37:02.224194,2023-01-16 18:52:17.224194,15.25,24.88543921564908,75.04397595294846,36
6,24.882787140637255,75.03971164496743,2023-01-16 18:53:17.224194,2023-01-17 07:36:28.952984,763.1954798333334,24.882787140637255,75.03971164496743,36
6,27.998893485491863,76.56892689856129,2023-01-17 07:47:13.952984,2023-01-17 12:37:17.170203,290.05362031666664,27.998893485491863,76.56892689856129,37
6,23.898653450420895,88.64359936485947,2023-01-17 13:39:17.170203,2023-01-17 13:45:32.170203,6.25,23.898653450420895,88.64359936485947,40
6,23.897932549197517,88.64836572277393,2023-01-17 13:46:32.170203,2023-01-17 14:40:47.709637,54.25899056666666,23.897932549197517,88.64836572277393,40
6,27.997800456180016,76.5685362129869,2023-01-17 16:08:17.709637,2023-01-17 20:02:50.441997,234.54553933333327,27.997800456180016,76.5685362129869,37
6,24.646842421595952,80.60235858186502,2023-01-17 20:29:20.441997,2023-01-17 20:36:35.441997,7.25,24.646842421595952,80.60235858186502,41
6,24.640785512163347,80.60582843257042,2023-01-17 20:37:35.441997,2023-01-17 20:57:41.835203,20.10655343333333,24.640785512163347,80.60582843257042,41
6,24.88286505722106,75.04003094237196,2023-01-17 21:21:56.835203,2023-01-18 08:15:34.274370,653.6239861166666,24.88286505722106,75.04003094237196,36
6,27.99850252085472,76.56807077084333,2023-01-18 08:30:49.274370,2023-01-18 12:24:08.622146,233.32246293333336,27.99850252085472,76.56807077084333,37
6,23.899382082320358,88.64829774473047,2023-01-18 14:57:53.622146,2023-01-18 16:12:48.381185,74.91265064999999,23.899382082320358,88.64829774473047,40
6,27.99811830230159,76.57148465502056,2023-01-18 17:13:18.381185,2023-01-18 17:39:33.381185,26.25,27.99811830230159,76.57148465502056,37
6,27.99936651138575,76.56816245308272,2023-01-18 17:40:33.381185,2023-01-18 21:42:11.295667,241.63190803333333,27.99936651138575,76.56816245308272,37
6,24.88553654505381,75.04038955151196,2023-01-18 22:01:41.295667,2023-01-18 22:13:56.295667,12.25,24.88553654505381,75.04038955151196,36
6,24.882342000066608,75.04004251557171,2023-01-18 22:14:56.295667,2023-01-19 07:30:30.452392,555.56927875,24.882342000066608,75.04004251557171,36
6,27.99850357762772,76.56797500760138,2023-01-19 07:41:15.452392,2023-01-19 11:15:52.868561,214.62360281666668,27.99850357762772,76.56797500760138,37
6,24.350088716240613,83.56596646328114,2023-01-19 11:59:22.868561,2023-01-19 12:04:37.868561,5.25,24.350088716240613,83.56596646328114,38
6,24.34768553386258,83.57033791406617,2023-01-19 12:05:37.868561,2023-01-19 12:49:14.393456,43.60874825,24.34768553386258,83.57033791406617,38
6,27.998662775638017,76.56864054229419,2023-01-19 14:38:29.393456,2023-01-19 18:25:17.469322,226.80126443333333,27.998662775638017,76.56864054229419,37
6,24.886787427819204,75.04022325054711,2023-01-19 18:44:47.469322,2023-01-19 19:00:02.469322,15.25,24.886787427819204,75.04022325054711,36
6,24.88326520913555,75.03914272406305,2023-01-19 19:01:02.469322,2023-01-20 08:49:08.805666,828.1056057333334,24.88326520913555,75.03914272406305,36
6,27.9988114091085,76.56932774786351,2023-01-20 09:07:08.805666,2023-01-20 13:10:39.830138,243.51707453333333,27.9988114091085,76.56932774786351,37
6,19.768104442276723,78.52255628534334,2023-01-20 14:32:54.830138,2023-01-20 15:27:51.910897,54.95134598333333,19.768104442276723,78.52255628534334,42
6,27.993407010562244,76.56867388902793,2023-01-20 17:17:21.910897,2023-01-20 17:30:51.910897,13.5,27.993407010562244,76.56867388902793,37
6,27.99913320200836,76.56788246949006,2023-01-20 17:31:51.910897,2023-01-20 21:17:13.119049,225.3534692,27.99913320200836,76.56788246949006,37
6,24.88271783413049,75.03972704577352,2023-01-20 21:37:13.119049,2023-01-22 08:13:13.241874,2076.0020470833333,24.88271783413049,75.03972704577352,36
6,19.765389338627926,78.52218025183572,2023-01-22 08:47:58.241874,2023-01-22 10:34:45.093288,106.7808569,19.765389338627926,78.52218025183572,42
6,24.873456078542453,75.04341379387547,2023-01-22 11:09:00.093288,2023-01-22 11:15:15.093288,6.25,24.873456078542453,75.04341379387547,36
6,24.88321726014356,75.0399818255733,2023-01-22 11:16:15.093288,2023-01-23 07:45:07.208298,1228.8685835,24.88321726014356,75.0399818255733,36
6,27.99836100568382,76.56891664287463,2023-01-23 07:55:22.208298,2023-01-23 12:18:17.415763,262.9201244166667,27.99836100568382,76.56891664287463,37
6,23.751911674226147,77.412618737764,2023-01-23 12:48:32.415763,2023-01-23 13:34:47.415763,46.25,23.751911674226147,77.412618737764,43
6,23.75097457928618,77.40820278891259,2023-01-23 13:35:47.415763,2023-01-23 13:52:00.112935,16.211619533333334,23.75097457928618,77.40820278891259,43
6,27.997092730093875,76.56664090391621,2023-01-23 14:36:45.112935,2023-01-23 14:44:00.112935,7.25,27.997092730093875,76.56664090391621,37
6,27.997908534591296,76.56801032660246,2023-01-23 14:45:00.112935,2023-01-23 18:06:22.848909,201.3789329,27.997908534591296,76.56801032660246,37
6,23.900572936838188,88.64480699519129,2023-01-23 19:04:37.848909,2023-01-23 19:09:52.848909,5.25,23.900572936838188,88.64480699519129,40
6,23.89885003666991,88.6483983348279,2023-01-23 19:10:52.848909,2023-01-23 19:37:06.056754,26.22013075,23.89885003666991,88.6483983348279,40
6,24.8825058378157,75.03976455703805,2023-01-23 20:36:51.056754,2023-01-24 08:47:25.108247,730.5675248833334,24.8825058378157,75.03976455703805,36
6,27.99938582689236,76.56855713029451,2023-01-24 09:01:55.108247,2023-01-24 13:26:00.473282,264.08941725,27.99938582689236,76.56855713029451,37
6,23.899565690598678,88.64875132737707,2023-01-24 16:13:45.473282,2023-01-24 17:15:55.201043,62.16212935,23.899565690598678,88.64875132737707,40
6,27.992482734766376,76.57864037590167,2023-01-24 18:14:10.201043,2023-01-24 18:19:25.201043,5.25,27.992482734766376,76.57864037590167,37
6,27.998545332268236,76.56939785633881,2023-01-24 18:20:25.201043,2023-01-24 21:52:36.707569,212.19177543333333,27.998545332268236,76.56939785633881,37
6,24.88293971810952,75.04001510995487,2023-01-24 22:12:36.707569,2023-01-25 07:57:55.286260,585.30964485,24.88293971810952,75.04001510995487,36
6,27.998558129597804,76.56847495725734,2023-01-25 08:09:55.286260,2023-01-25 12:16:32.750331,246.62440118333333,27.998558129597804,76.56847495725734,37
6,24.34832443480679,83.56614352525233,2023-01-25 13:06:47.750331,2023-01-25 13:52:49.755724,46.03342321666666,24.34832443480679,83.56614352525233,38
6,27.99706700974475,76.56883797151234,2023-01-25 15:18:34.755724,2023-01-25 16:54:04.755724,95.5,27.99706700974475,76.56883797151234,37
6,27.998648374450866,76.56857818684792,2023-01-25 16:55:04.755724,2023-01-25 19:54:13.748756,179.14988386666667,27.998648374450866,76.56857818684792,37
6,24.8827034688691,75.03998611366706,2023-01-25 20:13:58.748756,2023-01-26 08:27:31.717976,733.549487,24.8827034688691,75.03998611366706,36
6,27.99839899711575,76.56833632937908,2023-01-26 08:38:46.717976,2023-01-26 13:41:20.307566,302.5598265,27.99839899711575,76.56833632937908,37
6,17.944653954461767,75.29815404210572,2023-01-26 16:01:50.307566,2023-01-26 16:17:20.307566,15.5,17.944653954461767,75.29815404210572,39
6,17.93907584163658,75.2985914348926,2023-01-26 16:18:20.307566,2023-01-26 17:17:19.068639,58.97935121666667,17.93907584163658,75.2985914348926,39
6,27.997692042717617,76.56948873130811,2023-01-26 19:14:34.068639,2023-01-26 20:41:49.068639,87.25,27.997692042717617,76.56948873130811,37
6,27.997686738349174,76.5686658752888,2023-01-26 20:42:49.068639,2023-01-26 23:18:52.760952,156.06153855,27.997686738349174,76.5686658752888,37
6,24.882948113150974,75.03990825395708,2023-01-26 23:38:52.760952,2023-01-27 08:01:51.297713,502.9756126833333,24.882948113150974,75.03990825395708,36
6,27.99798576937197,76.5691104055867,2023-01-27 08:19:36.297713,2023-01-27 12:10:48.739499,231.2073631,27.99798576937197,76.5691104055867,37
6,23.75577981750748,77.41039249638814,2023-01-27 13:06:33.739499,2023-01-27 13:28:03.739499,21.5,23.75577981750748,77.41039249638814,43
6,23.75122809121927,77.41048180693306,2023-01-27 13:29:03.739499,2023-01-27 14:16:27.468330,47.395480516666666,23.75122809121927,77.41048180693306,43
6,27.99449077736851,76.571919269631,2023-01-27 15:55:12.468330,2023-01-27 16:04:57.468330,9.75,27.99449077736851,76.571919269631,37
6,27.99863636739919,76.56893792717717,2023-01-27 16:05:57.468330,2023-01-27 20:35:50.839024,269.88951156666667,27.99863636739919,76.56893792717717,37
6,24.882598817155593,75.03997369898381,2023-01-27 20:55:50.839024,2023-01-28 08:37:46.806314,701.9327881666667,24.882598817155593,75.03997369898381,36
6,23.754908184363593,77.4064736423307,2023-01-28 08:49:31.806314,2023-01-28 08:55:46.806314,6.25,23.754908184363593,77.4064736423307,43
6,23.752984403497912,77.41154857775125,2023-01-28 08:56:46.806314,2023-01-28 11:32:29.398593,155.70987131666666,23.752984403497912,77.41154857775125,43
6,24.88353386331866,75.04475652453824,2023-01-28 11:44:29.398593,2023-01-28 11:49:44.398593,5.25,24.88353386331866,75.04475652453824,36
6,24.882527502933222,75.0397971131401,2023-01-28 11:50:44.398593,2023-01-29 07:46:53.228343,1196.1471625,24.882527502933222,75.0397971131401,36
6,24.642934714598987,80.60292255605397,2023-01-29 08:10:53.228343,2023-01-29 09:12:52.070590,61.980704116666665,24.642934714598987,80.60292255605397,41
6,24.88296993605251,75.0400169001959,2023-01-29 09:36:37.070590,2023-01-30 07:27:26.760816,1310.8281704333335,24.88296993605251,75.0400169001959,36
6,27.99890690467194,76.56941919550943,2023-01-30 07:37:11.760816,2023-01-30 12:03:43.303531,266.52571191666664,27.99890690467194,76.56941919550943,37
6,23.90003456182969,88.6478239546617,2023-01-30 13:25:28.303531,2023-01-30 14:23:57.036297,58.47887943333333,23.90003456182969,88.6478239546617,40
6,27.998342050296237,76.56896653933993,2023-01-30 15:25:12.036297,2023-01-30 16:12:27.036297,47.25,27.998342050296237,76.56896653933993,37
6,27.99799023634644,76.56811335658432,2023-01-30 16:13:27.036297,2023-01-30 19:50:52.538602,217.42503841666667,27.99799023634644,76.56811335658432,37
6,24.882550997330263,75.04007778484845,2023-01-30 20:10:37.538602,2023-01-31 09:03:26.174937,772.8106055833334,24.882550997330263,75.04007778484845,36
6,27.99841041243226,76.5689865689873,2023-01-31 09:22:11.174937,2023-01-31 13:41:40.479539,259.4884100333333,27.99841041243226,76.5689865689873,37
6,23.89828203280193,88.648484807988,2023-01-31 15:35:25.479539,2023-01-31 16:38:07.904069,62.7070755,23.89828203280193,88.648484807988,40
6,27.99822734387535,76.56891114515614,2023-01-31 18:17:22.904069,2023-01-31 22:33:13.107811,255.8367290333333,27.99822734387535,76.56891114515614,37
6,24.882952276112366,75.0399521308404,2023-01-31 22:52:58.107811,2023-02-01 07:57:33.728880,544.5936844833334,24.882952276112366,75.0399521308404,36
6,27.998858705613348,76.56805570953152,2023-02-01 08:10:18.728880,2023-02-01 11:09:42.040284,179.3885234,27.998858705613348,76.56805570953152,37
6,24.346944995821943,83.57146667945472,2023-02-01 11:50:12.040284,2023-02-01 13:07:17.293385,77.08755168333333,24.346944995821943,83.57146667945472,38
6,27.99769635462905,76.56848936954498,2023-02-01 13:53:47.293385,2023-02-01 17:37:15.456723,223.46938896666668,27.99769635462905,76.56848936954498,37
6,24.887291221896763,75.04049064136348,2023-02-01 17:56:45.456723,2023-02-01 18:05:00.456723,8.25,24.887291221896763,75.04049064136348,36
6,24.882910190991687,75.04020068863873,2023-02-01 18:06:00.456723,2023-02-02 07:35:14.171117,809.2285732333333,24.882910190991687,75.04020068863873,36
6,27.99835599937211,76.56898289627256,2023-02-02 07:48:59.171117,2023-02-02 11:00:34.094288,191.58205285,27.99835599937211,76.56898289627256,37
6,23.898501581329533,88.64892861788603,2023-02-02 12:21:04.094288,2023-02-02 13:34:40.837087,73.61237998333333,23.898501581329533,88.64892861788603,40
6,27.998759211163254,76.56892051430586,2023-02-02 14:35:55.837087,2023-02-02 19:17:37.462851,281.69376273333336,27.998759211163254,76.56892051430586,37
6,24.883335785068127,75.04050255365046,2023-02-02 19:37:22.462851,2023-02-03 00:00:00.000000,262.62561915,24.883335785068127,75.04050255365046,36
6,24.882865386378267,75.03896782425281,2023-02-03 00:01:00.000000,2023-02-03 07:09:56.080230,428.9346705,24.882865386378267,75.03896782425281,36
6,27.998025940251203,76.5685977940887,2023-02-03 07:25:56.080230,2023-02-03 12:03:06.045772,277.1660923666667,27.998025940251203,76.5685977940887,37
6,19.765433893100823,78.52345423461038,2023-02-03 14:48:51.045772,2023-02-03 15:57:06.523327,68.25795925,19.765433893100823,78.52345423461038,42
6,27.999353932176607,76.56790873015828,2023-02-03 17:26:36.523327,2023-02-03 21:14:14.775315,227.6375331333333,27.999353932176607,76.56790873015828,37
6,23.898548593133174,88.65120081253295,2023-02-03 22:12:29.775315,2023-02-03 23:01:11.451094,48.69459631666667,23.898548593133174,88.65120081253295,40
6,24.883126715915793,75.04246434572751,2023-02-04 00:00:41.451094,2023-02-04 00:37:00.000000,36.30914843333333,24.883126715915793,75.04246434572751,36
6,24.883159633492323,75.03970334162037,2023-02-04 00:38:00.000000,2023-02-04 08:21:39.137236,463.6522872666666,24.883159633492323,75.03970334162037,36
6,23.897961514284162,88.65072681093154,2023-02-04 09:21:39.137236,2023-02-04 12:22:16.830122,180.62821476666667,23.897961514284162,88.65072681093154,40
6,24.88265751181764,75.03980481784933,2023-02-04 13:22:01.830122,2023-02-05 08:39:33.741366,1157.5318540666667,24.88265751181764,75.03980481784933,36
6,23.752268350812187,77.41156031466464,2023-02-05 08:51:33.741366,2023-02-05 12:18:37.980557,207.0706531833333,23.752268350812187,77.41156031466464,43
6,24.882565876496734,75.04017552873407,2023-02-05 12:30:37.980557,2023-02-06 07:19:02.667827,1128.4114545,24.882565876496734,75.04017552873407,36
6,27.9990973558545,76.56861972689488,2023-02-06 07:38:47.667827,2023-02-06 11:30:06.887032,231.3203200833333,27.9990973558545,76.56861972689488,37
6,23.89846458400045,88.64990474724041,2023-02-06 12:52:21.887032,2023-02-06 14:04:49.666653,72.46299368333332,23.89846458400045,88.64990474724041,40
6,27.99904532163851,76.56900895432312,2023-02-06 15:06:04.666653,2023-02-06 18:58:06.647967,232.0330219,27.99904532163851,76.56900895432312,37
6,24.88285452989932,75.0400178544401,2023-02-06 19:17:51.647967,2023-02-07 08:00:49.300035,762.9608678000001,24.88285452989932,75.0400178544401,36
6,27.998697302465438,76.56873354273496,2023-02-07 08:11:19.300035,2023-02-07 12:52:16.112250,280.94687025,27.998697302465438,76.56873354273496,37
6,23.89896555111057,88.6466686176828,2023-02-07 14:12:46.112250,2023-02-07 14:44:31.555225,31.757382916666664,23.89896555111057,88.6466686176828,40
6,27.998888805254047,76.56922346403894,2023-02-07 16:14:16.555225,2023-02-07 20:20:20.693431,246.0689701,27.998888805254047,76.56922346403894,37
6,24.882647525934388,75.03985179715144,2023-02-07 20:40:20.693431,2023-02-08 07:50:33.961867,670.2211406,24.882647525934388,75.03985179715144,36
6,27.99915387694248,76.56936665019195,2023-02-08 08:07:33.961867,2023-02-08 12:21:51.375750,254.2902313833333,27.99915387694248,76.56936665019195,37
6,23.896009198111123,88.64978791230828,2023-02-08 14:43:36.375750,2023-02-08 16:08:09.661391,84.55476068333334,23.896009198111123,88.64978791230828,40
6,27.997847933170103,76.56881667352526,2023-02-08 17:43:24.661391,2023-02-08 21:21:21.562830,217.94835731666663,27.997847933170103,76.56881667352526,37
6,24.645628500335377,80.60000384673866,2023-02-08 21:47:51.562830,2023-02-08 21:58:06.562830,10.25,24.645628500335377,80.60000384673866,41
6,24.641044379472454,80.60243114673813,2023-02-08 21:59:06.562830,2023-02-08 22:10:29.329757,11.379448783333334,24.641044379472454,80.60243114673813,41
6,24.882109435535938,75.04069302667008,2023-02-08 22:34:14.329757,2023-02-09 01:07:00.000000,152.76117071666667,24.882109435535938,75.04069302667008,36
6,24.882199907400466,75.03949030764052,2023-02-09 01:08:00.000000,2023-02-09 08:04:24.074772,416.4012462,24.882199907400466,75.03949030764052,36
6,27.99876987233408,76.56794108088125,2023-02-09 08:19:54.074772,2023-02-09 12:16:34.180867,236.66843491666663,27.99876987233408,76.56794108088125,37
6,23.89810339766961,88.64735409716091,2023-02-09 13:30:34.180867,2023-02-09 14:13:27.394931,42.88690106666666,23.89810339766961,88.64735409716091,40
6,27.998698458765848,76.56869648210048,2023-02-09 15:36:57.394931,2023-02-09 19:19:12.394931,222.25,27.998698458765848,76.56869648210048,37
6,27.99952420245406,76.56627753145709,2023-02-09 19:20:12.394931,2023-02-09 19:45:52.160550,25.662760316666667,27.99952420245406,76.56627753145709,37
6,19.769331584854125,78.51927927959873,2023-02-09 20:36:52.160550,2023-02-09 20:43:07.160550,6.25,19.769331584854125,78.51927927959873,42
6,19.76343101631073,78.52272242696692,2023-02-09 20:44:07.160550,2023-02-09 21:49:35.140825,65.46633791666666,19.76343101631073,78.52272242696692,42
6,24.882634767526184,75.03944893205798,2023-02-09 22:24:05.140825,2023-02-10 09:00:15.690120,636.1758215833332,24.882634767526184,75.03944893205798,36
6,27.998142728549595,76.5684591572042,2023-02-10 09:10:45.690120,2023-02-10 13:37:20.254607,266.5760747833333,27.998142728549595,76.5684591572042,37
6,23.89729045283921,88.64872600770681,2023-02-10 15:57:20.254607,2023-02-10 16:19:50.254607,22.5,23.89729045283921,88.64872600770681,40
6,23.897544944927475,88.65172272612881,2023-02-10 16:20:50.254607,2023-02-10 17:08:21.711896,47.52428815,23.897544944927475,88.65172272612881,40
6,27.99828060191438,76.56874678655099,2023-02-10 18:51:06.711896,2023-02-10 22:43:34.578904,232.4644501333333,27.99828060191438,76.56874678655099,37
6,24.34921224668703,83.5703861812994,2023-02-10 23:20:49.578904,2023-02-10 23:41:04.578904,20.25,24.34921224668703,83.5703861812994,38
6,24.34729531596313,83.57375706449001,2023-02-10 23:42:04.578904,2023-02-10 23:59:04.578904,17.0,24.34729531596313,83.57375706449001,38
6,24.882766112996322,75.03981982553726,2023-02-11 00:41:00.000000,2023-02-11 08:15:27.318742,454.45531236666665,24.882766112996322,75.03981982553726,36
6,23.751946261499132,77.41118915222225,2023-02-11 08:27:27.318742,2023-02-11 12:21:11.651601,233.73888098333333,23.751946261499132,77.41118915222225,43
6,24.882663891388102,75.03972334991076,2023-02-11 12:33:11.651601,2023-02-12 08:13:00.496188,1179.81407645,24.882663891388102,75.03972334991076,36
6,19.764277959040648,78.52289787909596,2023-02-12 08:47:30.496188,2023-02-12 11:48:37.549844,181.11756093333327,19.764277959040648,78.52289787909596,42
6,24.882915830233536,75.04019284857915,2023-02-12 12:23:07.549844,2023-02-13 07:15:25.996134,1132.3074381666668,24.882915830233536,75.04019284857915,36
6,27.998332515213193,76.56850260119039,2023-02-13 07:31:10.996134,2023-02-13 11:36:15.372429,245.07293825,27.998332515213193,76.56850260119039,37
6,19.763696578131707,78.5232141847652,2023-02-13 12:58:00.372429,2023-02-13 13:50:31.590250,52.52029701666667,19.763696578131707,78.5232141847652,42
6,27.998422715020396,76.56820747783974,2023-02-13 14:41:31.590250,2023-02-13 19:10:44.005967,269.2069286166667,27.998422715020396,76.56820747783974,37
6,24.883710797809563,75.03865585135827,2023-02-13 19:30:14.005967,2023-02-13 21:24:29.005967,114.25,24.883710797809563,75.03865585135827,36
6,24.88234038996771,75.03994961518076,2023-02-13 21:25:29.005967,2023-02-14 07:53:21.719408,627.87855735,24.88234038996771,75.03994961518076,36
6,27.999124222788343,76.5686250119122,2023-02-14 08:06:06.719408,2023-02-14 11:59:17.717791,233.18330638333333,27.999124222788343,76.5686250119122,37
6,17.943108843947435,75.29865913738438,2023-02-14 13:24:02.717791,2023-02-14 14:00:29.483519,36.44609546666666,17.943108843947435,75.29865913738438,39
6,27.994544341925575,76.56854533781569,2023-02-14 15:02:29.483519,2023-02-14 15:22:44.483519,20.25,27.994544341925575,76.56854533781569,37
6,27.999553124070594,76.56819288517623,2023-02-14 15:23:44.483519,2023-02-14 18:36:56.793074,193.20515925,27.999553124070594,76.56819288517623,37
6,24.88233383551598,75.03993376854133,2023-02-14 20:05:24.563907,2023-02-15 08:03:33.783240,718.15365555,24.88233383551598,75.03993376854133,36
6,27.999095821775146,76.5682253295833,2023-02-15 08:21:18.783240,2023-02-15 13:32:04.302110,310.7586478333333,27.999095821775146,76.5682253295833,37
6,24.34743253550479,83.56771931751277,2023-02-15 14:40:49.302110,2023-02-15 15:53:18.444337,72.48570378333334,24.34743253550479,83.56771931751277,38
6,27.99872533370673,76.56905306105666,2023-02-15 16:50:03.444337,2023-02-15 21:01:28.958074,251.42522895,27.99872533370673,76.56905306105666,37
6,17.943412780617727,75.29853162652752,2023-02-15 22:03:13.958074,2023-02-15 22:30:58.879235,27.748686016666667,17.943412780617727,75.29853162652752,39
6,24.882751546234903,75.0396043469503,2023-02-15 23:13:13.879235,2023-02-16 08:18:14.539479,545.0110040666666,24.882751546234903,75.0396043469503,36
6,27.998874189476005,76.56867811346692,2023-02-16 08:29:44.539479,2023-02-16 12:39:43.961160,249.99036135,27.998874189476005,76.56867811346692,37
6,23.89849327228262,88.6500096019489,2023-02-16 15:02:13.961160,2023-02-16 16:18:02.342485,75.80635541666668,23.89849327228262,88.6500096019489,40
6,27.998826714520142,76.56883656798674,2023-02-16 17:38:02.342485,2023-02-16 21:32:02.593656,234.00418618333333,27.998826714520142,76.56883656798674,37
6,24.88298741146962,75.03789359963736,2023-02-16 21:51:32.593656,2023-02-16 22:16:47.593656,25.25,24.88298741146962,75.03789359963736,36
6,24.88267328203002,75.03938011356965,2023-02-16 22:17:47.593656,2023-02-17 07:31:56.023381,554.1404954166667,24.88267328203002,75.03938011356965,36
6,27.99771454711204,76.56936953410963,2023-02-17 07:42:11.023381,2023-02-17 11:28:39.904802,226.48135701666664,27.99771454711204,76.56936953410963,37
6,24.347296484231393,83.57027429470106,2023-02-17 12:31:54.904802,2023-02-17 13:22:38.157067,50.720871083333336,24.347296484231393,83.57027429470106,38
6,27.998177755756124,76.56813794361912,2023-02-17 14:04:08.157067,2023-02-17 17:54:02.945642,229.9131429166667,27.998177755756124,76.56813794361912,37
6,24.882882709677375,75.04007787235514,2023-02-17 18:14:02.945642,2023-02-17 23:58:02.945642,344.0,24.882882709677375,75.04007787235514,36
7,22.29204438162662,85.15087440569792,2023-01-01 00:00:00.000000,2023-01-01 08:39:20.299355,519.3383225833334,22.29204438162662,85.15087440569792,44
7,16.055242850015823,84.06936619405722,2023-01-01 09:17:50.299355,2023-01-01 13:17:33.875083,239.7262621333333,16.055242850015823,84.06936619405722,45
7,22.285365873825608,85.1510972797734,2023-01-01 13:55:33.875083,2023-01-01 14:00:48.875083,5.25,22.285365873825608,85.1510972797734,44
7,22.291756057959986,85.15022083376476,2023-01-01 14:01:48.875083,2023-01-02 07:19:48.422540,1037.9924576166666,22.291756057959986,85.15022083376476,44
7,20.41520468572176,85.25266740850448,2023-01-02 07:25:18.422540,2023-01-02 11:52:09.025456,266.8433819333333,20.41520468572176,85.25266740850448,46
7,23.88460113764858,76.1211869029588,2023-01-02 13:20:39.025456,2023-01-02 13:37:09.025456,16.5,23.88460113764858,76.1211869029588,47
7,23.886961223107548,76.11492920732555,2023-01-02 13:38:09.025456,2023-01-02 14:41:26.392109,63.289444216666666,23.886961223107548,76.11492920732555,47
7,20.41433028063703,85.25282733439366,2023-01-02 15:37:41.392109,2023-01-02 20:45:46.597089,308.08674966666666,20.41433028063703,85.25282733439366,46
7,20.32661552526931,86.46631878905657,2023-01-02 20:50:46.597089,2023-01-02 21:37:16.492133,46.49825073333333,20.32661552526931,86.46631878905657,48
7,22.285236306889416,85.15525207705187,2023-01-02 21:49:46.492133,2023-01-02 21:55:01.492133,5.25,22.285236306889416,85.15525207705187,44
7,22.291614200712225,85.15005853333501,2023-01-02 21:56:01.492133,2023-01-03 08:20:34.180246,624.5448018833333,22.291614200712225,85.15005853333501,44
7,20.415141111214375,85.25341898881531,2023-01-03 08:29:34.180246,2023-01-03 12:54:22.994795,264.8135758166667,20.415141111214375,85.25341898881531,46
7,20.32389903257559,86.4654224246227,2023-01-03 12:59:52.994795,2023-01-03 14:23:04.921303,83.19877513333333,20.32389903257559,86.4654224246227,48
7,20.41309706457094,85.2524551175783,2023-01-03 14:29:04.921303,2023-01-03 15:31:19.921303,62.25,20.41309706457094,85.2524551175783,46
7,20.41389722372554,85.25378899578479,2023-01-03 15:32:19.921303,2023-01-03 17:54:45.106891,142.4197598,20.41389722372554,85.25378899578479,46
7,22.28625828339515,85.15209621997614,2023-01-03 18:05:45.106891,2023-01-03 18:11:00.106891,5.25,22.28625828339515,85.15209621997614,44
7,22.29160699363699,85.15004610256436,2023-01-03 18:12:00.106891,2023-01-04 08:07:30.993001,835.5147685,22.29160699363699,85.15004610256436,44
7,20.41503464118683,85.25178204226982,2023-01-04 08:18:00.993001,2023-01-04 08:40:15.993001,22.25,20.41503464118683,85.25178204226982,46
7,20.413733505939142,85.25333322179081,2023-01-04 08:41:15.993001,2023-01-04 12:08:44.275851,207.4713808333333,20.413733505939142,85.25333322179081,46
7,20.325400799633403,86.46391108748325,2023-01-04 12:18:29.275851,2023-01-04 13:40:04.222223,81.58243953333334,20.325400799633403,86.46391108748325,48
7,20.414626205095306,85.25333089295582,2023-01-04 13:49:49.222223,2023-01-04 18:07:10.719950,257.35829545,20.414626205095306,85.25333089295582,46
7,22.291958475217953,85.14990118422661,2023-01-04 18:18:10.719950,2023-01-05 08:21:41.614420,843.5149078333333,22.291958475217953,85.14990118422661,44
7,20.414409357197854,85.25304959702503,2023-01-05 08:28:56.614420,2023-01-05 11:52:26.014553,203.49000221666665,20.414409357197854,85.25304959702503,46
7,23.887500985203737,76.11446160845836,2023-01-05 12:46:41.014553,2023-01-05 13:14:56.014553,28.25,23.887500985203737,76.11446160845836,47
7,23.886408447109538,76.11608560795256,2023-01-05 13:15:56.014553,2023-01-05 13:39:19.455127,23.39067623333333,23.886408447109538,76.11608560795256,47
7,20.41564062690626,85.25269209587364,2023-01-05 14:52:04.455127,2023-01-05 15:32:19.455127,40.25,20.41564062690626,85.25269209587364,46
7,20.414653734966237,85.25260153206987,2023-01-05 15:33:19.455127,2023-01-05 18:35:12.551410,181.88493805,20.414653734966237,85.25260153206987,46
7,22.289697110614775,85.15062286384655,2023-01-05 18:46:12.551410,2023-01-05 19:28:27.551410,42.25,22.289697110614775,85.15062286384655,44
7,22.2914866886847,85.14976216573669,2023-01-05 19:29:27.551410,2023-01-06 06:55:45.007846,686.2909406,22.2914866886847,85.14976216573669,44
7,20.414299589218647,85.25192703415672,2023-01-06 07:02:45.007846,2023-01-06 09:56:39.259985,173.90420231666667,20.414299589218647,85.25192703415672,46
7,23.884759631162183,76.11699391936541,2023-01-06 11:29:24.259985,2023-01-06 12:37:38.306334,68.23410581666667,23.884759631162183,76.11699391936541,47
7,20.414865453799372,85.25205601990749,2023-01-06 13:36:23.306334,2023-01-06 14:00:38.306334,24.25,20.414865453799372,85.25205601990749,46
7,20.413604976927907,85.25316411220572,2023-01-06 14:01:38.306334,2023-01-06 17:21:14.691441,199.60641845,20.413604976927907,85.25316411220572,46
7,22.289682355538417,85.1503254771536,2023-01-06 17:32:14.691441,2023-01-06 18:09:29.691441,37.25,22.289682355538417,85.1503254771536,44
7,22.291667769658318,85.14999933665088,2023-01-06 18:10:29.691441,2023-01-08 08:17:05.869089,2286.6029608000003,22.291667769658318,85.14999933665088,44
7,23.88618000725624,76.11520996930118,2023-01-08 08:57:35.869089,2023-01-08 12:16:51.980615,199.2685254333333,23.88618000725624,76.11520996930118,47
7,22.291915891493467,85.14923669550987,2023-01-08 12:57:06.980615,2023-01-08 15:02:21.980615,125.25,22.291915891493467,85.14923669550987,44
7,22.2916040177061,85.15011645316656,2023-01-08 15:03:21.980615,2023-01-09 07:49:20.538624,1005.9759668166666,22.2916040177061,85.15011645316656,44
7,20.414817990338328,85.25377548432552,2023-01-09 07:55:35.538624,2023-01-09 12:15:44.922833,260.1564034833333,20.414817990338328,85.25377548432552,46
7,20.325273929846087,86.46390453406454,2023-01-09 12:23:14.922833,2023-01-09 13:43:17.637252,80.04524031666666,20.325273929846087,86.46390453406454,48
7,20.414739182919277,85.25440782397233,2023-01-09 13:51:32.637252,2023-01-09 17:45:11.781745,233.65240821666663,20.414739182919277,85.25440782397233,46
7,22.291801380481434,85.14939604466585,2023-01-09 17:56:11.781745,2023-01-10 07:16:20.305745,800.1420666666667,22.291801380481434,85.14939604466585,44
7,20.414366818955866,85.25331050604673,2023-01-10 07:24:20.305745,2023-01-10 11:14:16.857345,229.94252666666668,20.414366818955866,85.25331050604673,46
7,23.884481901705254,76.11983801155881,2023-01-10 12:53:31.857345,2023-01-10 13:09:01.857345,15.5,23.884481901705254,76.11983801155881,47
7,23.887316134746136,76.11274694681114,2023-01-10 13:10:01.857345,2023-01-10 13:46:49.755339,36.7982999,23.887316134746136,76.11274694681114,47
7,20.415637927384186,85.2536916045007,2023-01-10 14:36:49.755339,2023-01-10 16:25:04.755339,108.25,20.415637927384186,85.2536916045007,46
7,20.415232519128914,85.25182950456103,2023-01-10 16:26:04.755339,2023-01-10 18:38:31.058537,132.43838663333332,20.415232519128914,85.25182950456103,46
7,22.291521726830666,85.14972129464081,2023-01-10 18:49:46.058537,2023-01-11 06:59:17.314097,729.5209259999999,22.291521726830666,85.14972129464081,44
7,20.414287678394665,85.25264434200913,2023-01-11 07:05:17.314097,2023-01-11 11:11:26.686644,246.15620911666667,20.414287678394665,85.25264434200913,46
7,16.057640355365532,84.07035808054114,2023-01-11 11:42:11.686644,2023-01-11 12:26:12.578515,44.01486451666666,16.057640355365532,84.07035808054114,45
7,20.414658592442052,85.25345230669566,2023-01-11 13:11:57.578515,2023-01-11 16:11:22.987857,179.42348903333334,20.414658592442052,85.25345230669566,46
7,22.291517256092256,85.14999096025055,2023-01-11 16:22:37.987857,2023-01-12 08:25:56.423989,963.3072688666668,22.291517256092256,85.14999096025055,44
7,20.41450019982937,85.25216505822502,2023-01-12 08:34:26.423989,2023-01-12 12:50:13.357454,255.78222441666668,20.41450019982937,85.25216505822502,46
7,16.05802743682719,84.06952503713532,2023-01-12 13:18:13.357454,2023-01-12 14:12:25.508438,54.2025164,16.05802743682719,84.06952503713532,45
7,20.41494655359961,85.2521773937853,2023-01-12 14:39:55.508438,2023-01-12 17:48:57.106879,189.0266406833333,20.41494655359961,85.2521773937853,46
7,22.291597081008263,85.14932093124696,2023-01-12 18:00:12.106879,2023-01-13 07:49:45.515983,829.5568184,22.291597081008263,85.14932093124696,44
7,20.4138104882375,85.25166555547803,2023-01-13 07:57:15.515983,2023-01-13 12:15:50.598423,258.5847073333333,20.4138104882375,85.25166555547803,46
7,23.88530313995534,76.11871767836791,2023-01-13 13:52:05.598423,2023-01-13 15:08:35.597356,76.49998221666667,23.88530313995534,76.11871767836791,47
7,20.413817294826444,85.25168256934079,2023-01-13 16:38:20.597356,2023-01-13 18:39:50.597356,121.5,20.413817294826444,85.25168256934079,46
7,20.413497433587402,85.25297682169081,2023-01-13 18:40:50.597356,2023-01-13 20:20:29.746160,99.65248006666668,20.413497433587402,85.25297682169081,46
7,22.287130877288106,85.1502694270199,2023-01-13 20:31:29.746160,2023-01-13 20:36:44.746160,5.25,22.287130877288106,85.1502694270199,44
7,22.291331237285192,85.15024581584446,2023-01-13 20:37:44.746160,2023-01-14 07:39:37.995272,661.8874852,22.291331237285192,85.15024581584446,44
7,20.32565533988148,86.46616370200763,2023-01-14 07:52:37.995272,2023-01-14 11:03:55.059188,191.2843986,20.32565533988148,86.46616370200763,48
7,22.285967490842435,85.15462172772519,2023-01-14 11:16:25.059188,2023-01-14 11:24:40.059188,8.25,22.285967490842435,85.15462172772519,44
7,22.291799511540173,85.14978128298456,2023-01-14 11:25:40.059188,2023-01-15 08:01:27.375620,1235.7886072,22.291799511540173,85.14978128298456,44
7,16.05761586063543,84.07075789790379,2023-01-15 08:39:42.375620,2023-01-15 08:55:57.375620,16.25,16.05761586063543,84.07075789790379,45
7,16.05440255522827,84.07027978258472,2023-01-15 08:56:57.375620,2023-01-15 10:41:46.958044,104.82637373333334,16.05440255522827,84.07027978258472,45
7,22.287719605768682,85.14887619460785,2023-01-15 11:20:01.958044,2023-01-15 12:06:16.958044,46.25,22.287719605768682,85.14887619460785,44
7,22.29179278377142,85.14930932641595,2023-01-15 12:07:16.958044,2023-01-15 15:59:16.958044,232.0,22.29179278377142,85.14930932641595,44
7,22.290480848251466,85.14941214553208,2023-01-15 16:00:16.958044,2023-01-15 16:31:16.958044,31.0,22.290480848251466,85.14941214553208,44
7,22.291914649723253,85.1500336915471,2023-01-15 16:32:16.958044,2023-01-16 07:33:58.624542,901.6944416333332,22.291914649723253,85.1500336915471,44
7,20.413911477048515,85.25264216284799,2023-01-16 07:41:43.624542,2023-01-16 11:48:38.902690,246.92130246666665,20.413911477048515,85.25264216284799,46
7,20.326616704859646,86.4618878164224,2023-01-16 12:07:08.902690,2023-01-16 13:02:44.549972,55.59412136666666,20.326616704859646,86.4618878164224,48
7,20.414706717316147,85.25355207555971,2023-01-16 13:14:14.549972,2023-01-16 13:54:44.549972,40.5,20.414706717316147,85.25355207555971,46
7,20.414201216474584,85.25180438035655,2023-01-16 13:55:44.549972,2023-01-16 17:05:30.972198,189.77370376666667,20.414201216474584,85.25180438035655,46
7,22.291087084813878,85.14977982566403,2023-01-16 17:16:45.972198,2023-01-17 08:21:56.710274,905.1789679333334,22.291087084813878,85.14977982566403,44
7,20.414659308800495,85.25265704330698,2023-01-17 08:27:26.710274,2023-01-17 13:48:35.124337,321.14023438333334,20.414659308800495,85.25265704330698,46
7,23.884553197314375,76.11742216767864,2023-01-17 16:24:50.124337,2023-01-17 17:16:36.067419,51.76571803333333,23.884553197314375,76.11742216767864,47
7,20.415341059713036,85.2515086482426,2023-01-17 18:12:21.067419,2023-01-17 22:30:27.766358,258.11164898333334,20.415341059713036,85.2515086482426,46
7,16.056057139613245,84.07048550002631,2023-01-17 22:57:27.766358,2023-01-17 23:23:42.894002,26.2521274,16.056057139613245,84.07048550002631,45
7,22.291076077605762,85.15030709665535,2023-01-18 00:01:57.894002,2023-01-18 08:32:40.261784,510.7061297,22.291076077605762,85.15030709665535,44
7,20.415543181175615,85.25206099142383,2023-01-18 08:40:10.261784,2023-01-18 11:39:55.216076,179.7492382,20.415543181175615,85.25206099142383,46
7,16.055294944835182,84.07060666670932,2023-01-18 12:09:55.216076,2023-01-18 13:07:56.032941,58.01361441666666,16.055294944835182,84.07060666670932,45
7,20.410781593796788,85.25162896914708,2023-01-18 14:22:26.032941,2023-01-18 15:01:11.032941,38.75,20.410781593796788,85.25162896914708,46
7,20.414628712855638,85.25247350297192,2023-01-18 15:02:11.032941,2023-01-18 18:17:19.355881,195.13871566666663,20.414628712855638,85.25247350297192,46
7,22.291780032834026,85.15007407510309,2023-01-18 18:28:19.355881,2023-01-19 07:42:03.370995,793.7335852333333,22.291780032834026,85.15007407510309,44
7,20.4144446906137,85.25316730372819,2023-01-19 07:52:18.370995,2023-01-19 11:23:56.489835,211.635314,20.4144446906137,85.25316730372819,46
7,23.885035942263947,76.11879623287507,2023-01-19 12:10:41.489835,2023-01-19 13:36:04.362713,85.38121463333333,23.885035942263947,76.11879623287507,47
7,20.41421349978225,85.25378901768532,2023-01-19 15:44:34.362713,2023-01-19 19:15:59.421274,211.41764268333333,20.41421349978225,85.25378901768532,46
7,22.29191392224726,85.14957122487547,2023-01-19 19:26:59.421274,2023-01-20 08:09:00.546380,762.0187517666667,22.29191392224726,85.14957122487547,44
7,20.41419718890853,85.25210693372571,2023-01-20 08:18:00.546380,2023-01-20 11:47:32.915872,209.5394915333333,20.41419718890853,85.25210693372571,46
7,23.883206412397737,76.12434281305153,2023-01-20 12:45:02.915872,2023-01-20 13:29:28.116653,44.420013016666665,23.883206412397737,76.12434281305153,47
7,20.413762501290122,85.2512503080069,2023-01-20 15:55:58.116653,2023-01-20 19:06:11.579135,190.22437470000003,20.413762501290122,85.2512503080069,46
7,16.055543196126177,84.06966896219492,2023-01-20 19:33:11.579135,2023-01-20 20:44:45.026090,71.55744925,16.055543196126177,84.06966896219492,45
7,22.28830129399272,85.14947482036975,2023-01-20 21:23:00.026090,2023-01-20 21:41:15.026090,18.25,22.28830129399272,85.14947482036975,44
7,22.291662032168343,85.14973001044496,2023-01-20 21:42:15.026090,2023-01-21 07:53:33.530201,611.30840185,22.291662032168343,85.14973001044496,44
7,21.0249644863926,73.8298263124711,2023-01-21 08:43:18.530201,2023-01-21 10:34:40.001084,111.35784805,21.0249644863926,73.8298263124711,49
7,22.29199819067546,85.14952038210401,2023-01-21 11:24:25.001084,2023-01-22 08:43:49.983844,1279.4163793333332,22.29199819067546,85.14952038210401,44
7,16.05560795069655,84.07020523826117,2023-01-22 09:22:04.983844,2023-01-22 11:59:11.213253,157.10382348333331,16.05560795069655,84.07020523826117,45
7,22.291775170263662,85.14990440089703,2023-01-22 12:37:41.213253,2023-01-23 07:39:53.556778,1142.2057254166668,22.291775170263662,85.14990440089703,44
7,20.413742007035438,85.25170188521714,2023-01-23 07:47:53.556778,2023-01-23 12:15:03.303117,267.16243898333335,20.413742007035438,85.25170188521714,46
7,23.884020093373785,76.11809615129793,2023-01-23 14:16:18.303117,2023-01-23 15:07:38.444382,51.335687750000005,23.884020093373785,76.11809615129793,47
7,20.41492724080593,85.25047925205,2023-01-23 15:56:38.444382,2023-01-23 16:41:53.444382,45.25,20.41492724080593,85.25047925205,46
7,20.415397761430654,85.25163140869681,2023-01-23 16:42:53.444382,2023-01-23 20:33:36.389302,230.71574866666663,20.415397761430654,85.25163140869681,46
7,22.292206188461723,85.14954799591398,2023-01-23 20:44:36.389302,2023-01-24 06:43:21.919760,598.7588409666666,22.292206188461723,85.14954799591398,44
7,20.41453660749466,85.25280189943564,2023-01-24 06:50:06.919760,2023-01-24 11:06:05.457982,255.97563703333333,20.41453660749466,85.25280189943564,46
7,20.327413430165493,86.46248850807078,2023-01-24 11:12:35.457982,2023-01-24 12:04:28.086914,51.877148866666666,20.327413430165493,86.46248850807078,48
7,20.41452560005903,85.25291935298023,2023-01-24 12:12:13.086914,2023-01-24 16:22:23.229429,250.16904191666663,20.41452560005903,85.25291935298023,46
7,21.02319617869538,73.83792132027637,2023-01-24 17:12:23.229429,2023-01-24 17:19:38.229429,7.25,21.02319617869538,73.83792132027637,49
7,21.02451552658939,73.8294840683284,2023-01-24 17:20:38.229429,2023-01-24 17:56:14.474899,35.60409116666666,21.02451552658939,73.8294840683284,49
7,22.28842371831942,85.14727379444423,2023-01-24 18:45:59.474899,2023-01-24 18:51:14.474899,5.25,22.28842371831942,85.14727379444423,44
7,22.291237196106476,85.15006751610481,2023-01-24 18:52:14.474899,2023-01-25 08:10:46.449886,798.53291645,22.291237196106476,85.15006751610481,44
7,20.41509196299613,85.25273283393076,2023-01-25 08:21:16.449886,2023-01-25 12:39:15.023148,257.97622103333333,20.41509196299613,85.25273283393076,46
7,20.325667701060596,86.46387798719122,2023-01-25 12:45:30.023148,2023-01-25 14:01:05.269679,75.58744218333332,20.325667701060596,86.46387798719122,48
7,20.41546822591316,85.25281429508915,2023-01-25 14:06:50.269679,2023-01-25 15:52:05.269679,105.25,20.41546822591316,85.25281429508915,46
7,20.414032617984496,85.25172111970994,2023-01-25 15:53:05.269679,2023-01-25 17:52:10.347768,119.08463481666666,20.414032617984496,85.25172111970994,46
7,22.291727852454468,85.15018258553269,2023-01-25 18:03:25.347768,2023-01-26 07:55:41.530206,832.2697073,22.291727852454468,85.15018258553269,44
7,20.412787026372968,85.25270030773882,2023-01-26 08:04:41.530206,2023-01-26 11:48:45.177640,224.06079056666667,20.412787026372968,85.25270030773882,46
7,16.05715610970188,84.06958795465086,2023-01-26 12:45:30.177640,2023-01-26 14:03:28.622796,77.97408593333333,16.05715610970188,84.06958795465086,45
7,20.41398478549001,85.2519640473579,2023-01-26 15:14:43.622796,2023-01-26 16:01:13.622796,46.5,20.41398478549001,85.2519640473579,46
7,20.41517974577895,85.25144099160113,2023-01-26 16:02:13.622796,2023-01-26 19:49:40.384060,227.44602106666667,20.41517974577895,85.25144099160113,46
7,22.288887700003578,85.14871972539765,2023-01-26 20:00:25.384060,2023-01-26 20:24:40.384060,24.25,22.288887700003578,85.14871972539765,44
7,22.291437118270967,85.149329221856,2023-01-26 20:25:40.384060,2023-01-27 07:37:10.048187,671.4944021166666,22.291437118270967,85.149329221856,44
7,20.415223658135353,85.2525902199799,2023-01-27 07:47:10.048187,2023-01-27 12:40:34.005354,293.3992861166667,20.415223658135353,85.2525902199799,46
7,23.885407874894153,76.1163084555512,2023-01-27 13:40:04.005354,2023-01-27 14:19:19.005354,39.25,23.885407874894153,76.1163084555512,47
7,23.886763010485488,76.11744526341224,2023-01-27 14:20:19.005354,2023-01-27 14:36:33.898209,16.24821425,23.886763010485488,76.11744526341224,47
7,20.41391798952928,85.25183387901184,2023-01-27 15:47:03.898209,2023-01-27 19:18:49.610068,211.76186431666665,20.41391798952928,85.25183387901184,46
7,22.291750937834976,85.15001640068452,2023-01-27 19:29:49.610068,2023-01-28 08:17:15.067232,767.4242860666667,22.291750937834976,85.15001640068452,44
7,16.054373134263336,84.06973081320719,2023-01-28 08:55:45.067232,2023-01-28 11:44:30.278832,168.7535266666667,16.054373134263336,84.06973081320719,45
7,22.286565348374015,85.14758168434942,2023-01-28 12:22:30.278832,2023-01-28 12:29:45.278832,7.25,22.286565348374015,85.14758168434942,44
7,22.29164280462117,85.14989986473414,2023-01-28 12:30:45.278832,2023-01-29 08:24:28.108950,1193.7138353,22.29164280462117,85.14989986473414,44
7,23.886487002954034,76.12137394602709,2023-01-29 09:04:58.108950,2023-01-29 09:11:13.108950,6.25,23.886487002954034,76.12137394602709,47
7,23.886690002963807,76.11579578069696,2023-01-29 09:12:13.108950,2023-01-29 11:43:50.512104,151.6233859,23.886690002963807,76.11579578069696,47
7,22.291500653263313,85.14988050118846,2023-01-29 12:24:35.512104,2023-01-30 07:20:45.002181,1136.15816795,22.291500653263313,85.14988050118846,44
7,20.41498977296218,85.25243762100031,2023-01-30 07:26:45.002181,2023-01-30 10:55:56.278805,209.18794373333333,20.41498977296218,85.25243762100031,46
7,23.88497442046784,76.11988227086412,2023-01-30 11:56:11.278805,2023-01-30 13:01:18.792047,65.1252207,23.88497442046784,76.11988227086412,47
7,20.414866876293452,85.25241807411176,2023-01-30 14:16:33.792047,2023-01-30 17:36:11.252422,199.62433958333327,20.414866876293452,85.25241807411176,46
7,22.291353649819115,85.15000471205144,2023-01-30 17:47:11.252422,2023-01-31 08:28:55.976224,881.7453967,22.291353649819115,85.15000471205144,44
7,20.414183156919133,85.2523383166145,2023-01-31 08:36:10.976224,2023-01-31 12:26:45.146458,230.5695039,20.414183156919133,85.2523383166145,46
7,23.885283638200185,76.11945103885559,2023-01-31 13:58:30.146458,2023-01-31 14:45:18.898911,46.81254088333333,23.885283638200185,76.11945103885559,47
7,20.41404815707292,85.2523027258009,2023-01-31 16:29:03.898911,2023-01-31 20:00:33.898911,211.5,20.41404815707292,85.2523027258009,46
7,20.409591105369273,85.25314806411552,2023-01-31 20:01:33.898911,2023-01-31 20:25:20.894192,23.78325468333333,20.409591105369273,85.25314806411552,46
7,16.055114152647683,84.06769647164052,2023-01-31 20:52:05.894192,2023-01-31 21:29:51.448013,37.75923035,16.055114152647683,84.06769647164052,45
7,22.29168063452928,85.14959735906143,2023-01-31 22:08:21.448013,2023-02-01 08:06:08.012596,597.7760763833334,22.29168063452928,85.14959735906143,44
7,20.414291829497373,85.25174187825111,2023-02-01 08:12:53.012596,2023-02-01 11:52:03.358682,219.17243476666667,20.414291829497373,85.25174187825111,46
7,16.059913249372762,84.07104656453288,2023-02-01 13:14:18.358682,2023-02-01 13:33:03.358682,18.75,16.059913249372762,84.07104656453288,45
7,16.053293810137724,84.06880011304662,2023-02-01 13:34:03.358682,2023-02-01 13:57:57.355064,23.8999397,16.053293810137724,84.06880011304662,45
7,20.41304016045511,85.25304797663968,2023-02-01 14:27:12.355064,2023-02-01 16:19:27.355064,112.25,20.41304016045511,85.25304797663968,46
7,20.4140363029658,85.25109815053433,2023-02-01 16:20:27.355064,2023-02-01 17:41:50.665649,81.38850975,20.4140363029658,85.25109815053433,46
7,23.882998579420466,76.11780559070048,2023-02-01 18:26:35.665649,2023-02-01 18:32:50.665649,6.25,23.882998579420466,76.11780559070048,47
7,23.88423567753979,76.11597193497983,2023-02-01 18:33:50.665649,2023-02-01 18:59:35.681461,25.75026353333333,23.88423567753979,76.11597193497983,47
7,22.290441456980332,85.13903697809886,2023-02-01 19:40:05.681461,2023-02-01 19:46:20.681461,6.25,22.290441456980332,85.13903697809886,44
7,22.291574704520368,85.15004525502025,2023-02-01 19:47:20.681461,2023-02-02 07:56:39.052356,729.3061815833333,22.291574704520368,85.15004525502025,44
7,20.414302166751852,85.25211832978304,2023-02-02 08:04:39.052356,2023-02-02 12:12:03.919397,247.4144506833333,20.414302166751852,85.25211832978304,46
7,20.326171482987988,86.46513091306466,2023-02-02 12:17:33.919397,2023-02-02 13:30:20.124268,72.77008118333333,20.326171482987988,86.46513091306466,48
7,20.41740429929087,85.26074819735474,2023-02-02 13:40:50.124268,2023-02-02 13:48:20.124268,7.5,20.41740429929087,85.26074819735474,46
7,20.41416787870729,85.25174601585442,2023-02-02 13:49:20.124268,2023-02-02 16:50:43.596751,181.39120805,20.41416787870729,85.25174601585442,46
7,21.02609898423425,73.8274347604037,2023-02-02 17:40:43.596751,2023-02-02 18:36:48.603290,56.08344231666667,21.02609898423425,73.8274347604037,49
7,22.2904096842071,85.14851627354912,2023-02-02 19:26:33.603290,2023-02-02 19:55:48.603290,29.25,22.2904096842071,85.14851627354912,44
7,22.290857526793275,85.14936951781483,2023-02-02 19:56:48.603290,2023-02-03 06:32:24.258318,635.5942504666667,22.290857526793275,85.14936951781483,44
7,20.41438951090838,85.25273543020427,2023-02-03 06:40:39.258318,2023-02-03 10:29:22.673338,228.72358366666668,20.41438951090838,85.25273543020427,46
7,23.88407510091191,76.12150855264156,2023-02-03 12:41:52.673338,2023-02-03 13:47:37.023184,65.7391641,23.88407510091191,76.12150855264156,47
7,20.41734761399907,85.24079920757676,2023-02-03 16:39:22.023184,2023-02-03 16:44:22.023184,5.0,20.41734761399907,85.24079920757676,46
7,20.413968888017255,85.25303394376756,2023-02-03 16:45:22.023184,2023-02-03 21:18:45.233392,273.3868368,20.413968888017255,85.25303394376756,46
7,22.289923750110404,85.14758512805848,2023-02-03 21:29:30.233392,2023-02-03 21:51:45.233392,22.25,22.289923750110404,85.14758512805848,44
7,22.291393506131534,85.14975349764792,2023-02-03 21:52:45.233392,2023-02-04 08:28:08.481413,635.3874670166666,22.291393506131534,85.14975349764792,44
7,21.026368424761635,73.83010135635958,2023-02-04 09:18:08.481413,2023-02-04 09:41:23.481413,23.25,21.026368424761635,73.83010135635958,49
7,21.02352331939511,73.8288702473434,2023-02-04 09:42:23.481413,2023-02-04 10:03:03.476366,20.66658255,21.02352331939511,73.8288702473434,49
7,22.292347810076237,85.14702797223589,2023-02-04 10:53:03.476366,2023-02-04 11:24:18.476366,31.25,22.292347810076237,85.14702797223589,44
7,22.29151993040815,85.14984628267628,2023-02-04 11:25:18.476366,2023-02-05 08:28:22.363142,1263.0647796,22.29151993040815,85.14984628267628,44
7,21.02571383467165,73.82666784710587,2023-02-05 09:18:37.363142,2023-02-05 12:23:14.061856,184.6116452333333,21.02571383467165,73.82666784710587,49
7,22.291884114950165,85.14953443431506,2023-02-05 13:13:14.061856,2023-02-06 08:06:27.232811,1133.2195159166663,22.291884114950165,85.14953443431506,44
7,20.41476740663051,85.25201173699448,2023-02-06 08:13:42.232811,2023-02-06 12:36:55.853639,263.2270138,20.41476740663051,85.25201173699448,46
7,23.885405455331878,76.11469545523069,2023-02-06 13:28:55.853639,2023-02-06 14:31:08.994226,62.21900978333333,23.885405455331878,76.11469545523069,47
7,20.414774474836033,85.25275200730242,2023-02-06 16:13:23.994226,2023-02-06 19:53:16.180083,219.86976428333327,20.414774474836033,85.25275200730242,46
7,22.291404355961248,85.14965076981466,2023-02-06 20:04:16.180083,2023-02-07 08:41:01.466550,756.75477445,22.291404355961248,85.14965076981466,44
7,20.414516580627637,85.2526833358178,2023-02-07 08:47:01.466550,2023-02-07 13:03:36.248181,256.57969385,20.414516580627637,85.2526833358178,46
7,20.330743136121328,86.45928988547851,2023-02-07 13:08:36.248181,2023-02-07 13:17:51.248181,9.25,20.330743136121328,86.45928988547851,48
7,20.32373055871682,86.46563819079957,2023-02-07 13:18:51.248181,2023-02-07 14:38:35.270131,79.73369916666667,20.32373055871682,86.46563819079957,48
7,20.415086023770957,85.25380364166924,2023-02-07 14:51:50.270131,2023-02-07 16:50:20.270131,118.5,20.415086023770957,85.25380364166924,46
7,20.414518821503332,85.25195958782382,2023-02-07 16:51:20.270131,2023-02-07 18:19:33.623169,88.22255063333334,20.414518821503332,85.25195958782382,46
7,21.026619848012103,73.83851292835925,2023-02-07 19:09:18.623169,2023-02-07 19:15:33.623169,6.25,21.026619848012103,73.83851292835925,49
7,21.02602086717232,73.82669122919751,2023-02-07 19:16:33.623169,2023-02-07 20:00:50.323699,44.27834216666667,21.02602086717232,73.82669122919751,49
7,22.28839152644933,85.13816736537215,2023-02-07 20:50:50.323699,2023-02-07 20:56:05.323699,5.25,22.28839152644933,85.13816736537215,44
7,22.29174240126871,85.1496378133443,2023-02-07 20:57:05.323699,2023-02-08 07:43:17.503619,646.2029986666668,22.29174240126871,85.1496378133443,44
7,20.413914449546013,85.25196237264475,2023-02-08 07:50:32.503619,2023-02-08 11:38:50.786689,228.3047178333333,20.413914449546013,85.25196237264475,46
7,16.059404626964927,84.07163823966678,2023-02-08 12:31:35.786689,2023-02-08 13:33:07.891394,61.53507841666667,16.059404626964927,84.07163823966678,45
7,20.41381993379647,85.25249832305667,2023-02-08 15:17:37.891394,2023-02-08 17:31:22.891394,133.75,20.41381993379647,85.25249832305667,46
7,20.415726322241312,85.25189097791674,2023-02-08 17:32:22.891394,2023-02-08 18:56:04.494845,83.69339085,20.415726322241312,85.25189097791674,46
7,16.05426509739864,84.06903142474391,2023-02-08 19:23:04.494845,2023-02-08 20:27:54.175823,64.8280163,16.05426509739864,84.06903142474391,45
7,22.291786068489895,85.14966829747458,2023-02-08 21:06:09.175823,2023-02-09 08:55:36.487522,709.4551949833333,22.291786068489895,85.14966829747458,44
7,20.4147522762817,85.25047884892234,2023-02-09 09:04:36.487522,2023-02-09 12:10:58.585372,186.3682975,20.4147522762817,85.25047884892234,46
7,23.884845538179086,76.12288649492608,2023-02-09 14:22:13.585372,2023-02-09 14:30:58.585372,8.75,23.884845538179086,76.12288649492608,47
7,23.887131491204467,76.11646504041181,2023-02-09 14:31:58.585372,2023-02-09 15:05:41.094482,33.70848516666667,23.887131491204467,76.11646504041181,47
7,20.41438183984402,85.2518960604784,2023-02-09 16:25:11.094482,2023-02-09 19:45:37.280926,200.4364407333333,20.41438183984402,85.2518960604784,46
7,22.29074289336493,85.15132933486068,2023-02-09 19:56:22.280926,2023-02-09 20:11:37.280926,15.25,22.29074289336493,85.15132933486068,44
7,22.2921795666811,85.15008665586502,2023-02-09 20:12:37.280926,2023-02-10 07:33:13.426289,680.6024227166668,22.2921795666811,85.15008665586502,44
7,20.41445798806498,85.25255889045263,2023-02-10 07:41:43.426289,2023-02-10 10:44:31.743466,182.8052862833333,20.41445798806498,85.25255889045263,46
7,23.885190398786136,76.11574359158038,2023-02-10 11:42:46.743466,2023-02-10 12:08:01.743466,25.25,23.885190398786136,76.11574359158038,47
7,23.8869291821769,76.11454653260716,2023-02-10 12:09:01.743466,2023-02-10 12:47:33.645308,38.53169736666667,23.8869291821769,76.11454653260716,47
7,20.415458069063483,85.2517452345357,2023-02-10 13:45:48.645308,2023-02-10 17:18:00.494492,212.1974864,20.415458069063483,85.2517452345357,46
7,22.291706468941815,85.1499761755241,2023-02-10 17:29:00.494492,2023-02-12 07:54:09.375933,2305.1480240166666,22.291706468941815,85.1499761755241,44
7,21.029194826165757,73.83428313671678,2023-02-12 08:43:54.375933,2023-02-12 08:49:09.375933,5.25,21.029194826165757,73.83428313671678,49
7,21.024986082346636,73.82716483957377,2023-02-12 08:50:09.375933,2023-02-12 11:49:46.214139,179.61397010000002,21.024986082346636,73.82716483957377,49
7,22.291672051691876,85.15042527063024,2023-02-12 12:39:46.214139,2023-02-13 07:56:58.401633,1157.2031249,22.291672051691876,85.15042527063024,44
7,20.41398182377147,85.2527491958961,2023-02-13 08:05:13.401633,2023-02-13 11:45:28.983386,220.2596958833333,20.41398182377147,85.2527491958961,46
7,23.884130990074034,76.12035024045554,2023-02-13 13:15:58.983386,2023-02-13 14:06:16.242050,50.2876444,23.884130990074034,76.12035024045554,47
7,20.414223672015545,85.25314059488296,2023-02-13 15:19:46.242050,2023-02-13 19:17:31.650606,237.75680926666664,20.414223672015545,85.25314059488296,46
7,22.291562710788988,85.15025591972412,2023-02-13 19:28:31.650606,2023-02-14 08:17:12.385358,768.6789125333332,22.291562710788988,85.15025591972412,44
7,20.41375424094231,85.25237826970583,2023-02-14 08:25:27.385358,2023-02-14 12:24:13.306378,238.7653503333333,20.41375424094231,85.25237826970583,46
7,20.326175557267185,86.4615660470425,2023-02-14 12:32:43.306378,2023-02-14 13:52:11.314591,79.46680355,20.326175557267185,86.4615660470425,48
7,20.4141132985339,85.25310118793055,2023-02-14 14:10:26.314591,2023-02-14 18:25:00.679506,254.5727485833333,20.4141132985339,85.25310118793055,46
7,23.880980558574414,76.12188208333119,2023-02-14 19:10:00.679506,2023-02-14 19:16:15.679506,6.25,23.880980558574414,76.12188208333119,47
7,23.886959812323163,76.11545187306355,2023-02-14 19:17:15.679506,2023-02-14 20:09:33.400825,52.29535531666667,23.886959812323163,76.11545187306355,47
7,22.294349574333637,85.14510317696177,2023-02-14 20:49:48.400825,2023-02-14 21:00:03.400825,10.25,22.294349574333637,85.14510317696177,44
7,22.291184552792632,85.14992012334196,2023-02-14 21:01:03.400825,2023-02-15 08:18:16.445753,677.2174154666667,22.291184552792632,85.14992012334196,44
7,20.413694284358204,85.25229236414522,2023-02-15 08:27:31.445753,2023-02-15 12:35:57.483016,248.4339543833333,20.413694284358204,85.25229236414522,46
7,23.885297173788526,76.11898291214158,2023-02-15 15:22:57.483016,2023-02-15 16:41:54.249418,78.9461067,23.885297173788526,76.11898291214158,47
7,20.41511151859511,85.25152865592283,2023-02-15 17:32:24.249418,2023-02-15 18:27:39.249418,55.25,20.41511151859511,85.25152865592283,46
7,20.41457884951879,85.25336533222726,2023-02-15 18:28:39.249418,2023-02-15 22:22:25.813088,233.77606116666664,20.41457884951879,85.25336533222726,46
7,23.88628905708064,76.11783121123484,2023-02-15 23:07:25.813088,2023-02-16 00:00:19.474513,52.89435708333333,23.88628905708064,76.11783121123484,47
7,22.291573204726305,85.1507193397913,2023-02-16 00:40:49.474513,2023-02-16 08:00:09.090178,439.32692775,22.291573204726305,85.1507193397913,44
7,20.414652440096017,85.25257455370316,2023-02-16 08:09:39.090178,2023-02-16 12:27:49.426050,258.1722645333333,20.414652440096017,85.25257455370316,46
7,20.32483436837316,86.4620893845333,2023-02-16 12:37:04.426050,2023-02-16 13:40:08.809572,63.0730587,20.32483436837316,86.4620893845333,48
7,20.41474753785507,85.25284840069423,2023-02-16 13:50:38.809572,2023-02-16 18:12:19.392182,261.67637683333334,20.41474753785507,85.25284840069423,46
7,21.02347787129743,73.83661115799644,2023-02-16 19:02:19.392182,2023-02-16 19:15:34.392182,13.25,21.02347787129743,73.83661115799644,49
7,21.025866729963333,73.82836218886953,2023-02-16 19:16:34.392182,2023-02-16 20:04:32.233701,47.96402531666667,21.025866729963333,73.82836218886953,49
7,22.29134872828586,85.14570037362827,2023-02-16 20:54:32.233701,2023-02-16 21:01:47.233701,7.25,22.29134872828586,85.14570037362827,44
7,22.292072273343237,85.14995243134115,2023-02-16 21:02:47.233701,2023-02-17 08:34:23.376324,691.60237705,22.292072273343237,85.14995243134115,44
7,20.415026509704244,85.25224304210565,2023-02-17 08:40:53.376324,2023-02-17 12:35:50.459454,234.9513855,20.415026509704244,85.25224304210565,46
7,23.88790391183674,76.12100928382031,2023-02-17 14:22:35.459454,2023-02-17 14:28:05.459454,5.5,23.88790391183674,76.12100928382031,47
7,23.886902854632005,76.11425986767361,2023-02-17 14:29:05.459454,2023-02-17 15:20:45.720424,51.67101616666666,23.886902854632005,76.11425986767361,47
7,20.416033972694112,85.24846967638008,2023-02-17 17:20:30.720424,2023-02-17 17:45:00.720424,24.5,20.416033972694112,85.24846967638008,46
7,20.41460736882547,85.2530316854226,2023-02-17 17:46:00.720424,2023-02-17 20:59:42.455793,193.6955894833333,20.41460736882547,85.2530316854226,46
7,22.288211521649835,85.15262652145714,2023-02-17 21:10:42.455793,2023-02-17 21:22:57.455793,12.25,22.288211521649835,85.15262652145714,44
7,22.291437603145035,85.14990514019588,2023-02-17 21:23:57.455793,2023-02-19 08:00:50.245353,2076.879826,22.291437603145035,85.14990514019588,44
7,16.059790690594482,84.06955539484501,2023-02-19 08:39:05.245353,2023-02-19 08:47:20.245353,8.25,16.059790690594482,84.06955539484501,45
7,16.053531525523116,84.06904704034567,2023-02-19 08:48:20.245353,2023-02-19 09:49:58.960943,61.64525983333333,16.053531525523116,84.06904704034567,45
7,22.290370277342443,85.14988832152589,2023-02-19 10:28:13.960943,2023-02-19 10:45:28.960943,17.25,22.290370277342443,85.14988832152589,44
7,22.29145879335927,85.14953804102808,2023-02-19 10:46:28.960943,2023-02-20 07:28:27.815583,1241.980910666667,22.29145879335927,85.14953804102808,44
7,20.414247087586652,85.25312717037531,2023-02-20 07:33:57.815583,2023-02-20 11:41:21.417363,247.393363,20.414247087586652,85.25312717037531,46
7,20.32560020849109,86.46320916878769,2023-02-20 11:48:06.417363,2023-02-20 12:47:15.913043,59.158261333333336,20.32560020849109,86.46320916878769,48
7,20.414949859107878,85.25263587195019,2023-02-20 12:54:45.913043,2023-02-20 15:07:00.913043,132.25,20.414949859107878,85.25263587195019,46
7,20.413380929543994,85.2514751924758,2023-02-20 15:08:00.913043,2023-02-20 16:52:47.814017,104.7816829,20.413380929543994,85.2514751924758,46
7,22.291573035547437,85.14999669006014,2023-02-20 17:03:47.814017,2023-02-21 07:51:08.089574,887.33792595,22.291573035547437,85.14999669006014,44
7,20.41613629492518,85.25252718442258,2023-02-21 08:01:23.089574,2023-02-21 08:49:38.089574,48.25,20.41613629492518,85.25252718442258,46
7,20.413901563569485,85.2522783004757,2023-02-21 08:50:38.089574,2023-02-21 12:23:03.192751,212.4183862833333,20.413901563569485,85.2522783004757,46
7,23.8858710556582,76.11602960349401,2023-02-21 13:13:18.192751,2023-02-21 14:23:56.957283,70.64607553333333,23.8858710556582,76.11602960349401,47
7,20.415191257791967,85.25035654872201,2023-02-21 15:10:56.957283,2023-02-21 18:48:03.884583,217.115455,20.415191257791967,85.25035654872201,46
7,23.885698378623218,76.1166936028173,2023-02-21 19:32:48.884583,2023-02-21 20:27:58.084680,55.15333495,23.885698378623218,76.1166936028173,47
7,22.29146113130684,85.1491469994041,2023-02-21 21:08:13.084680,2023-02-21 22:56:28.084680,108.25,22.29146113130684,85.1491469994041,44
7,22.29141758615457,85.15031110375517,2023-02-21 22:57:28.084680,2023-02-22 08:37:13.911281,579.7637766833334,22.29141758615457,85.15031110375517,44
7,20.419950246636592,85.24894202526426,2023-02-22 08:47:13.911281,2023-02-22 08:55:28.911281,8.25,20.419950246636592,85.24894202526426,46
7,20.41372103307938,85.25331146392813,2023-02-22 08:56:28.911281,2023-02-22 12:34:09.046615,217.6689222333333,20.41372103307938,85.25331146392813,46
7,23.888264633250405,76.11899984267512,2023-02-22 13:26:09.046615,2023-02-22 13:54:24.046615,28.25,23.888264633250405,76.11899984267512,47
7,23.886715498852375,76.11443126052792,2023-02-22 13:55:24.046615,2023-02-22 14:29:25.967504,34.03201481666667,23.886715498852375,76.11443126052792,47
7,20.415546472357015,85.2506101530348,2023-02-22 15:21:55.967504,2023-02-22 15:40:10.967504,18.25,20.415546472357015,85.2506101530348,46
7,20.41422387286329,85.253454053671,2023-02-22 15:41:10.967504,2023-02-22 19:08:05.154881,206.90312295,20.41422387286329,85.253454053671,46
7,23.88560200954317,76.124976321105,2023-02-22 19:53:05.154881,2023-02-22 20:09:50.252996,16.75163525,23.88560200954317,76.124976321105,47
7,22.29138540393965,85.14952229911675,2023-02-22 20:50:05.252996,2023-02-23 07:37:34.519165,647.4877694833334,22.29138540393965,85.14952229911675,44
7,20.414123111369776,85.2525742027126,2023-02-23 07:43:34.519165,2023-02-23 11:05:46.328454,202.1968214833333,20.414123111369776,85.2525742027126,46
7,23.8847090130852,76.11954031735151,2023-02-23 12:06:01.328454,2023-02-23 13:12:28.743801,66.45692245000001,23.8847090130852,76.11954031735151,47
7,20.41739413133284,85.24443325975649,2023-02-23 15:21:13.743801,2023-02-23 15:31:58.743801,10.75,20.41739413133284,85.24443325975649,46
7,20.414783324431298,85.25278992658178,2023-02-23 15:32:58.743801,2023-02-23 19:33:45.538039,240.77990396666667,20.414783324431298,85.25278992658178,46
7,20.32708506486021,86.46532200814562,2023-02-23 19:38:30.538039,2023-02-23 20:30:22.629718,51.86819465,20.32708506486021,86.46532200814562,48
7,22.287762986332197,85.1494583339961,2023-02-23 20:42:52.629718,2023-02-23 20:57:07.629718,14.25,22.287762986332197,85.1494583339961,44
7,22.29127168901784,85.1500147194971,2023-02-23 20:58:07.629718,2023-02-24 07:45:45.133203,647.6250580833333,22.29127168901784,85.1500147194971,44
7,20.414212734531276,85.2523713500101,2023-02-24 07:53:30.133203,2023-02-24 10:55:41.650010,182.1919467833333,20.414212734531276,85.2523713500101,46
7,16.059484758595843,84.0696819149557,2023-02-24 11:46:56.650010,2023-02-24 12:23:10.182593,36.225543050000006,16.059484758595843,84.0696819149557,45
7,20.407357627534857,85.25099226201628,2023-02-24 13:30:10.182593,2023-02-24 13:35:55.182593,5.75,20.407357627534857,85.25099226201628,46
7,20.414153662036284,85.25233908355051,2023-02-24 13:36:55.182593,2023-02-24 17:29:10.170510,232.24979861666668,20.414153662036284,85.25233908355051,46
7,23.887635841765164,76.11687187714422,2023-02-24 18:14:10.170510,2023-02-24 18:44:08.398308,29.9704633,23.887635841765164,76.11687187714422,47
7,22.291555376641057,85.14993124212069,2023-02-24 19:24:38.398308,2023-02-24 23:58:38.398308,274.0,22.291555376641057,85.14993124212069,44
8,17.825013123997977,80.22075751329707,2023-01-01 00:00:00.000000,2023-01-01 08:20:09.005488,500.15009146666665,17.825013123997977,80.22075751329707,50
8,23.20885224940824,74.61640368720946,2023-01-01 09:00:54.005488,2023-01-01 12:11:53.019157,190.98356115,23.20885224940824,74.61640368720946,51
8,17.824761434468044,80.22042438939863,2023-01-01 12:52:38.019157,2023-01-02 08:25:49.891695,1173.1978756333333,17.824761434468044,80.22042438939863,50
8,14.726916868112125,81.01733736210807,2023-01-02 08:35:19.891695,2023-01-02 13:16:37.960459,281.30114606666666,14.726916868112125,81.01733736210807,52
8,21.97734443895758,76.26135415939162,2023-01-02 16:09:22.960459,2023-01-02 16:46:07.960459,36.75,21.97734443895758,76.26135415939162,53
8,21.980987572698332,76.2573007776971,2023-01-02 16:47:07.960459,2023-01-02 17:28:45.574714,41.62690425,21.980987572698332,76.2573007776971,53
8,14.729262025921544,81.01782046140603,2023-01-02 18:29:00.574714,2023-01-02 18:59:15.574714,30.25,14.729262025921544,81.01782046140603,52
8,14.725908342621958,81.01714064467414,2023-01-02 19:00:15.574714,2023-01-02 21:55:00.822319,174.75412675,14.725908342621958,81.01714064467414,52
8,17.820441402640697,80.2226596824719,2023-01-02 22:13:45.822319,2023-01-02 22:23:00.822319,9.25,17.820441402640697,80.2226596824719,50
8,17.825149663704465,80.22073479031724,2023-01-02 22:24:00.822319,2023-01-03 08:23:16.447208,599.2604148166666,17.825149663704465,80.22073479031724,50
8,14.726228109880868,81.01790901251466,2023-01-03 08:35:16.447208,2023-01-03 13:13:21.981116,278.09223180000004,14.726228109880868,81.01790901251466,52
8,16.992865491857934,80.10391263031293,2023-01-03 13:53:51.981116,2023-01-03 14:35:28.584934,41.61006363333333,16.992865491857934,80.10391263031293,54
8,14.726917234621844,81.01766023953252,2023-01-03 15:24:13.584934,2023-01-03 19:12:37.388403,228.3967244833333,14.726917234621844,81.01766023953252,52
8,17.82432414289876,80.22038427502943,2023-01-03 19:31:07.388403,2023-01-03 20:56:22.388403,85.25,17.82432414289876,80.22038427502943,50
8,17.825829368783612,80.22025607084655,2023-01-03 20:57:22.388403,2023-01-04 08:45:03.592212,707.68673015,17.825829368783612,80.22025607084655,50
8,14.726726010979494,81.01689448029893,2023-01-04 08:58:18.592212,2023-01-04 13:20:22.218809,262.0604432833333,14.726726010979494,81.01689448029893,52
8,23.20550938801122,74.61788996369557,2023-01-04 14:43:52.218809,2023-01-04 15:49:02.046842,65.16380054999999,23.20550938801122,74.61788996369557,51
8,14.726570551813102,81.01770186439467,2023-01-04 17:31:47.046842,2023-01-04 22:13:40.977843,281.8988500166667,14.726570551813102,81.01770186439467,52
8,17.82520414190754,80.22012620657416,2023-01-04 22:32:25.977843,2023-01-05 08:13:49.236883,581.3876506666667,17.82520414190754,80.22012620657416,50
8,14.72693570615764,81.01740494634262,2023-01-05 08:23:19.236883,2023-01-05 12:31:15.293902,247.93428365,14.72693570615764,81.01740494634262,52
8,21.976124669710686,76.25987136016022,2023-01-05 15:19:00.293902,2023-01-05 16:15:03.702043,56.05680235,21.976124669710686,76.25987136016022,53
8,14.725682613360782,81.01717227661396,2023-01-05 17:32:48.702043,2023-01-05 21:23:25.184504,230.60804101666665,14.725682613360782,81.01717227661396,52
8,23.202400035328317,74.61534528839458,2023-01-05 22:22:10.184504,2023-01-05 22:33:25.184504,11.25,23.202400035328317,74.61534528839458,51
8,23.20988113142784,74.61297096879468,2023-01-05 22:34:25.184504,2023-01-05 22:46:41.411540,12.2704506,23.20988113142784,74.61297096879468,51
8,17.82465670042243,80.22081175221517,2023-01-05 23:27:41.411540,2023-01-06 08:13:27.077388,525.7610974666667,17.82465670042243,80.22081175221517,50
8,14.726634266471407,81.01741117209475,2023-01-06 08:25:42.077388,2023-01-06 12:03:44.888883,218.04685825,14.726634266471407,81.01741117209475,52
8,21.978246497517688,76.25978005110056,2023-01-06 13:24:29.888883,2023-01-06 14:25:18.225746,60.805614383333335,21.978246497517688,76.25978005110056,53
8,14.728158948861026,81.01627052688269,2023-01-06 15:28:33.225746,2023-01-06 16:05:48.225746,37.25,14.728158948861026,81.01627052688269,52
8,14.725513728441303,81.01787072007038,2023-01-06 16:06:48.225746,2023-01-06 19:30:59.322249,204.18494171666669,14.725513728441303,81.01787072007038,52
8,17.825192345819943,80.2206957967051,2023-01-06 19:49:59.322249,2023-01-07 08:03:47.760751,733.8073083666666,17.825192345819943,80.2206957967051,50
8,21.97652932966401,76.26089440444488,2023-01-07 08:34:02.760751,2023-01-07 08:50:17.760751,16.25,21.97652932966401,76.26089440444488,53
8,21.980390497983407,76.25820134307081,2023-01-07 08:51:17.760751,2023-01-07 12:17:19.146255,206.02309173333333,21.980390497983407,76.25820134307081,53
8,17.824943802116778,80.22076305957549,2023-01-07 12:48:04.146255,2023-01-08 08:55:32.813191,1207.4777822666665,17.824943802116778,80.22076305957549,50
8,21.979548367206206,76.25964338325242,2023-01-08 09:26:02.813191,2023-01-08 12:38:44.975382,192.7027031833333,21.979548367206206,76.25964338325242,53
8,17.8293337726981,80.21668593547837,2023-01-08 13:08:59.975382,2023-01-08 13:14:14.975382,5.25,17.8293337726981,80.21668593547837,50
8,17.824679447173644,80.22025273892044,2023-01-08 13:15:14.975382,2023-01-09 08:04:53.361898,1129.639775266667,17.824679447173644,80.22025273892044,50
8,14.725737102335154,81.01782635862237,2023-01-09 08:14:38.361898,2023-01-09 12:03:55.111812,229.2791652333333,14.725737102335154,81.01782635862237,52
8,22.8852405952903,79.06268154602671,2023-01-09 13:22:10.111812,2023-01-09 14:23:54.361896,61.7375014,22.8852405952903,79.06268154602671,55
8,14.726165389845557,81.01736288047671,2023-01-09 16:20:54.361896,2023-01-09 19:45:12.513398,204.30252503333327,14.726165389845557,81.01736288047671,52
8,16.880996296051137,87.12195937526641,2023-01-09 20:14:42.513398,2023-01-09 20:57:44.263040,43.029160700000006,16.880996296051137,87.12195937526641,56
8,17.8240961560557,80.22657693560218,2023-01-09 21:27:59.263040,2023-01-09 21:36:14.263040,8.25,17.8240961560557,80.22657693560218,50
8,17.82487182882697,80.22024291257513,2023-01-09 21:37:14.263040,2023-01-10 08:12:11.046166,634.9463854333334,17.82487182882697,80.22024291257513,50
8,14.726810039836609,81.01814040105948,2023-01-10 08:29:41.046166,2023-01-10 13:16:44.193547,287.05245635,14.726810039836609,81.01814040105948,52
8,16.992837557171818,80.10430243151313,2023-01-10 13:31:29.193547,2023-01-10 14:28:20.665210,56.85786105,16.992837557171818,80.10430243151313,54
8,14.725758533362612,81.018412463459,2023-01-10 14:48:05.665210,2023-01-10 17:05:20.665210,137.25,14.725758533362612,81.018412463459,52
8,14.726166842034043,81.01779110668795,2023-01-10 17:06:20.665210,2023-01-10 18:38:34.686960,92.23369583333331,14.726166842034043,81.01779110668795,52
8,22.885229327761746,79.06146378978067,2023-01-10 19:29:04.686960,2023-01-10 20:01:19.686960,32.25,22.885229327761746,79.06146378978067,55
8,22.886979352363745,79.06288391284386,2023-01-10 20:02:19.686960,2023-01-10 20:17:18.399947,14.978549783333332,22.886979352363745,79.06288391284386,55
8,17.824927100440284,80.22100940407822,2023-01-10 20:48:33.399947,2023-01-11 08:37:32.638220,708.9873045500001,17.824927100440284,80.22100940407822,50
8,14.725475647389922,81.01682009716279,2023-01-11 08:50:17.638220,2023-01-11 12:53:53.015562,243.58962236666667,14.725475647389922,81.01682009716279,52
8,21.98017332422885,76.25893105556489,2023-01-11 13:47:38.015562,2023-01-11 14:50:44.917637,63.11503458333333,21.98017332422885,76.25893105556489,53
8,14.727857698076903,81.01686169757929,2023-01-11 16:11:59.917637,2023-01-11 17:02:14.917637,50.25,14.727857698076903,81.01686169757929,52
8,14.726176207872724,81.01615924098955,2023-01-11 17:03:14.917637,2023-01-11 20:22:04.878795,198.83268596666667,14.726176207872724,81.01615924098955,52
8,17.82543838605528,80.22072376824224,2023-01-11 20:41:04.878795,2023-01-12 08:13:47.688265,692.7134911666667,17.82543838605528,80.22072376824224,50
8,14.72665599478573,81.01820590891782,2023-01-12 08:29:17.688265,2023-01-12 12:20:41.722959,231.4005782333333,14.72665599478573,81.01820590891782,52
8,23.2082031967564,74.6169361577467,2023-01-12 13:29:56.722959,2023-01-12 14:09:11.722959,39.25,23.2082031967564,74.6169361577467,51
8,23.209831440624733,74.61633610028834,2023-01-12 14:10:11.722959,2023-01-12 14:40:34.364330,30.377356183333333,23.209831440624733,74.61633610028834,51
8,14.73254360516019,81.01067725093907,2023-01-12 15:40:19.364330,2023-01-12 15:45:34.364330,5.25,14.73254360516019,81.01067725093907,52
8,14.726355726481712,81.01688435727934,2023-01-12 15:46:34.364330,2023-01-12 19:54:12.345432,247.63301836666668,14.726355726481712,81.01688435727934,52
8,17.8252681416968,80.22069461889664,2023-01-12 20:13:12.345432,2023-01-13 08:22:56.468378,729.7353824333334,17.8252681416968,80.22069461889664,50
8,14.725570406289485,81.01742173744618,2023-01-13 08:32:41.468378,2023-01-13 12:58:28.875212,265.7901139,14.725570406289485,81.01742173744618,52
8,22.887694454517842,79.06475474645299,2023-01-13 14:53:58.875212,2023-01-13 15:44:02.558503,50.06138818333333,22.887694454517842,79.06475474645299,55
8,14.726776230795531,81.01713948189064,2023-01-13 16:49:32.558503,2023-01-13 20:56:14.517006,246.6993083833333,14.726776230795531,81.01713948189064,52
8,17.820456251027668,80.21900786581435,2023-01-13 21:14:44.517006,2023-01-13 21:24:59.517006,10.25,17.820456251027668,80.21900786581435,50
8,17.825249156308015,80.22124962904701,2023-01-13 21:25:59.517006,2023-01-14 08:05:47.548244,639.8005206333333,17.825249156308015,80.22124962904701,50
8,23.208155557373033,74.61726298384873,2023-01-14 08:46:32.548244,2023-01-14 10:20:52.944855,94.33994351666666,23.208155557373033,74.61726298384873,51
8,17.827568301359207,80.21548863610597,2023-01-14 11:01:22.944855,2023-01-14 11:08:37.944855,7.25,17.827568301359207,80.21548863610597,50
8,17.8249510452886,80.22077271301424,2023-01-14 11:09:37.944855,2023-01-15 07:42:22.745826,1232.74668285,17.8249510452886,80.22077271301424,50
8,16.882108099472852,87.12301160208791,2023-01-15 08:12:52.745826,2023-01-15 11:38:04.039842,205.1882336,16.882108099472852,87.12301160208791,56
8,17.82623383027273,80.22500022593091,2023-01-15 12:08:19.039842,2023-01-15 12:23:34.039842,15.25,17.82623383027273,80.22500022593091,50
8,17.825494522085783,80.22073401795296,2023-01-15 12:24:34.039842,2023-01-16 07:47:44.188719,1163.16914795,17.825494522085783,80.22073401795296,50
8,14.726400959745666,81.0168189365157,2023-01-16 08:03:44.188719,2023-01-16 12:29:17.681303,265.55820973333334,14.726400959745666,81.0168189365157,52
8,23.20394254338977,74.61624970675939,2023-01-16 13:51:02.681303,2023-01-16 14:53:14.730755,62.20082420000001,23.20394254338977,74.61624970675939,51
8,14.728057566875574,81.01741036167184,2023-01-16 18:10:14.730755,2023-01-16 19:07:59.730755,57.75,14.728057566875574,81.01741036167184,52
8,14.725651338100516,81.01768124995189,2023-01-16 19:08:59.730755,2023-01-16 22:33:50.354658,204.84373171666667,14.725651338100516,81.01768124995189,52
8,17.825226769804143,80.22054932525506,2023-01-16 22:52:50.354658,2023-01-17 08:58:04.426649,605.2345331833333,17.825226769804143,80.22054932525506,50
8,14.72613177089625,81.01750524887316,2023-01-17 09:08:19.426649,2023-01-17 11:49:04.802934,160.75627141666666,14.72613177089625,81.01750524887316,52
8,21.977055367502246,76.2600245044794,2023-01-17 12:48:49.802934,2023-01-17 13:41:59.521452,53.1619753,21.977055367502246,76.2600245044794,53
8,14.728028155703702,81.01760706041317,2023-01-17 16:01:29.521452,2023-01-17 16:58:14.521452,56.75,14.728028155703702,81.01760706041317,52
8,14.726523800453613,81.01740025725107,2023-01-17 16:59:14.521452,2023-01-17 20:30:12.852043,210.97217651666668,14.726523800453613,81.01740025725107,52
8,17.82528665106618,80.2207702545984,2023-01-17 20:49:12.852043,2023-01-18 07:32:30.017604,643.2860926833333,17.82528665106618,80.2207702545984,50
8,14.726029528655118,81.01744837385819,2023-01-18 07:48:00.017604,2023-01-18 12:02:38.407521,254.63983195,14.726029528655118,81.01744837385819,52
8,21.977869776622654,76.2616226074797,2023-01-18 13:00:38.407521,2023-01-18 14:13:35.505348,72.95163045,21.977869776622654,76.2616226074797,53
8,14.7280812640075,81.01786034648337,2023-01-18 15:57:20.505348,2023-01-18 16:14:50.505348,17.5,14.7280812640075,81.01786034648337,52
8,14.725864632793225,81.01740794088293,2023-01-18 16:15:50.505348,2023-01-18 19:44:00.089116,208.15972946666668,14.725864632793225,81.01740794088293,52
8,17.824733638868047,80.22055668461333,2023-01-18 20:03:00.089116,2023-01-19 07:51:01.119569,708.0171742166666,17.824733638868047,80.22055668461333,50
8,14.726422171486787,81.01830635043018,2023-01-19 08:02:31.119569,2023-01-19 12:05:15.154742,242.73391955,14.726422171486787,81.01830635043018,52
8,22.88574617271598,79.06424504735931,2023-01-19 14:04:15.154742,2023-01-19 15:39:33.582227,95.30712475,22.88574617271598,79.06424504735931,55
8,14.733684715930412,81.01707283161154,2023-01-19 17:38:33.582227,2023-01-19 17:46:18.582227,7.75,14.733684715930412,81.01707283161154,52
8,14.7254311627305,81.01775037074012,2023-01-19 17:47:18.582227,2023-01-19 21:45:34.908429,238.27210336666667,14.7254311627305,81.01775037074012,52
8,17.823524024052823,80.22207216637229,2023-01-19 22:04:19.908429,2023-01-19 23:36:34.908429,92.25,17.823524024052823,80.22207216637229,50
8,17.82530469727606,80.22045175601525,2023-01-19 23:37:34.908429,2023-01-20 07:59:26.615700,501.86178785,17.82530469727606,80.22045175601525,50
8,14.726292445333698,81.01820211999758,2023-01-20 08:11:26.615700,2023-01-20 13:03:36.132937,292.15862061666667,14.726292445333698,81.01820211999758,52
8,16.996201148780045,80.10216244793101,2023-01-20 13:18:36.132937,2023-01-20 14:18:41.064951,60.08220023333333,16.996201148780045,80.10216244793101,54
8,14.725751753502731,81.01800400149357,2023-01-20 14:41:41.064951,2023-01-20 18:23:54.807695,222.2290457333333,14.725751753502731,81.01800400149357,52
8,17.82513495087217,80.22148560490419,2023-01-20 18:42:39.807695,2023-01-21 08:36:15.607271,833.5966596,17.82513495087217,80.22148560490419,50
8,22.88778849326055,79.06278466226284,2023-01-21 09:07:15.607271,2023-01-21 11:29:55.768032,142.66934601666665,22.88778849326055,79.06278466226284,55
8,17.825077482178074,80.2206671647939,2023-01-21 12:01:10.768032,2023-01-22 07:41:18.646688,1180.1313109333337,17.825077482178074,80.2206671647939,50
8,22.887676278619246,79.06339320788558,2023-01-22 08:12:18.646688,2023-01-22 12:08:48.697144,236.5008409333333,22.887676278619246,79.06339320788558,55
8,17.824929076166807,80.22098559168475,2023-01-22 12:39:48.697144,2023-01-23 09:10:59.427832,1231.1788448,17.824929076166807,80.22098559168475,50
8,14.725402961649628,81.01795098689868,2023-01-23 09:24:29.427832,2023-01-23 12:46:58.244895,202.48028438333333,14.725402961649628,81.01795098689868,52
8,21.97620688617564,76.25925493968886,2023-01-23 13:54:43.244895,2023-01-23 14:40:16.953472,45.561809616666665,21.97620688617564,76.25925493968886,53
8,14.726129033789558,81.01793289919327,2023-01-23 16:03:01.953472,2023-01-23 19:02:16.953472,179.25,14.726129033789558,81.01793289919327,52
8,14.72658226377032,81.01806031119845,2023-01-23 19:03:16.953472,2023-01-23 19:38:27.292673,35.17232001666666,14.72658226377032,81.01806031119845,52
8,17.825030860179055,80.2201271723714,2023-01-23 19:57:27.292673,2023-01-24 08:09:58.548020,732.52092245,17.825030860179055,80.2201271723714,50
8,14.725910080710118,81.01761367996846,2023-01-24 08:20:13.548020,2023-01-24 12:01:53.603758,221.6675956333333,14.725910080710118,81.01761367996846,52
8,23.205438036758455,74.61872546171473,2023-01-24 13:54:38.603758,2023-01-24 14:12:08.603758,17.5,23.205438036758455,74.61872546171473,51
8,23.208009258182692,74.61498634261135,2023-01-24 14:13:08.603758,2023-01-24 14:57:28.258828,44.32758449999999,23.208009258182692,74.61498634261135,51
8,14.725874681286106,81.01710041144001,2023-01-24 17:12:58.258828,2023-01-24 20:44:17.615453,211.32261041666663,14.725874681286106,81.01710041144001,52
8,22.88542473096022,79.06715041588184,2023-01-24 21:34:47.615453,2023-01-24 21:53:32.991498,18.756267416666667,22.88542473096022,79.06715041588184,55
8,17.824868886336045,80.22089921967476,2023-01-24 22:24:32.991498,2023-01-25 07:42:58.064026,558.4178754666666,17.824868886336045,80.22089921967476,50
8,14.72594567011406,81.01819862359882,2023-01-25 07:56:13.064026,2023-01-25 11:58:21.949607,242.14809301666668,14.72594567011406,81.01819862359882,52
8,16.994151281793243,80.10138489772923,2023-01-25 12:29:21.949607,2023-01-25 13:20:44.037613,51.36813343333333,16.994151281793243,80.10138489772923,54
8,14.726364257630543,81.017100155483,2023-01-25 13:40:29.037613,2023-01-25 18:01:14.586495,260.7591480333333,14.726364257630543,81.017100155483,52
8,17.823435991067427,80.22141967033599,2023-01-25 18:19:44.586495,2023-01-25 18:49:59.586495,30.25,17.823435991067427,80.22141967033599,50
8,17.82530217582199,80.2210330177034,2023-01-25 18:50:59.586495,2023-01-26 07:50:03.346214,779.0626619833333,17.82530217582199,80.2210330177034,50
8,14.73119936633846,81.01737060583733,2023-01-26 08:08:33.346214,2023-01-26 08:14:48.346214,6.25,14.73119936633846,81.01737060583733,52
8,14.725783688328358,81.01814501783623,2023-01-26 08:15:48.346214,2023-01-26 12:08:24.876560,232.6088391,14.725783688328358,81.01814501783623,52
8,23.205321150462048,74.61864132901421,2023-01-26 13:58:24.876560,2023-01-26 14:50:20.313122,51.9239427,23.205321150462048,74.61864132901421,51
8,14.72720974207391,81.01722399494251,2023-01-26 18:03:20.313122,2023-01-26 22:04:58.010462,241.628289,14.72720974207391,81.01722399494251,52
8,22.882443580584592,79.06513953066646,2023-01-26 22:55:13.010462,2023-01-26 23:09:28.010462,14.25,22.882443580584592,79.06513953066646,55
8,17.824752704299243,80.22151139105424,2023-01-26 23:45:59.036091,2023-01-27 07:03:12.536501,437.2250068333333,17.824752704299243,80.22151139105424,50
8,14.725748429556253,81.01784001811824,2023-01-27 07:17:12.536501,2023-01-27 11:03:15.585980,226.05082465,14.725748429556253,81.01784001811824,52
8,16.995948185313857,80.10443770611819,2023-01-27 11:18:45.585980,2023-01-27 12:00:29.396631,41.73017751666666,16.995948185313857,80.10443770611819,54
8,14.726115759840393,81.01790511129258,2023-01-27 12:37:44.396631,2023-01-27 17:01:59.281269,264.2480773,14.726115759840393,81.01790511129258,52
8,17.82337443716389,80.2227390387962,2023-01-27 17:20:29.281269,2023-01-27 18:24:44.281269,64.25,17.82337443716389,80.2227390387962,50
8,17.825428047746342,80.22093211274239,2023-01-27 18:25:44.281269,2023-01-28 07:47:30.090665,801.7634899333333,17.825428047746342,80.22093211274239,50
8,22.88751315324059,79.061568844611,2023-01-28 08:18:15.090665,2023-01-28 08:31:30.090665,13.25,22.88751315324059,79.061568844611,55
8,22.888294985123185,79.06296914386478,2023-01-28 08:32:30.090665,2023-01-28 10:35:44.241412,123.23584578333332,22.888294985123185,79.06296914386478,55
8,17.82514662146627,80.22095620467096,2023-01-28 11:06:59.241412,2023-01-29 08:05:09.453953,1258.1702090166666,17.82514662146627,80.22095620467096,50
8,16.881539288543422,87.11882802694956,2023-01-29 08:35:24.453953,2023-01-29 08:58:39.453953,23.25,16.881539288543422,87.11882802694956,56
8,16.881991791798917,87.12263387367379,2023-01-29 08:59:39.453953,2023-01-29 11:17:06.994620,137.45901111666666,16.881991791798917,87.12263387367379,56
8,17.825722268118696,80.22501766115668,2023-01-29 11:47:36.994620,2023-01-29 12:13:51.994620,26.25,17.825722268118696,80.22501766115668,50
8,17.825332150853583,80.22102392476161,2023-01-29 12:14:51.994620,2023-01-30 08:15:52.807501,1201.0135480166668,17.825332150853583,80.22102392476161,50
8,14.726970211012723,81.0170184818052,2023-01-30 08:29:37.807501,2023-01-30 12:22:50.970603,233.2193850333333,14.726970211012723,81.0170184818052,52
8,22.884507147326012,79.06337703611074,2023-01-30 15:09:50.970603,2023-01-30 15:31:35.970603,21.75,22.884507147326012,79.06337703611074,55
8,22.88515180632302,79.06238282275557,2023-01-30 15:32:35.970603,2023-01-30 16:08:31.668031,35.92829046666667,22.88515180632302,79.06238282275557,55
8,14.726422106190654,81.0177615129333,2023-01-30 18:17:31.668031,2023-01-30 19:39:01.668031,81.5,14.726422106190654,81.0177615129333,52
8,14.726101100581133,81.0177348683489,2023-01-30 19:40:01.668031,2023-01-30 22:22:18.027419,162.2726564666667,14.726101100581133,81.0177348683489,52
8,17.825530865762573,80.22051886365195,2023-01-30 22:41:18.027419,2023-01-31 07:29:53.461819,528.5905733333333,17.825530865762573,80.22051886365195,50
8,14.726008318671292,81.01781533118984,2023-01-31 07:40:08.461819,2023-01-31 12:42:34.132255,302.4278406,14.726008318671292,81.01781533118984,52
8,16.99450788325868,80.10367432426801,2023-01-31 13:14:19.132255,2023-01-31 14:19:52.372390,65.55400225,16.99450788325868,80.10367432426801,54
8,14.726290775178764,81.01707005090888,2023-01-31 15:00:52.372390,2023-01-31 18:35:02.315162,214.16571286666667,14.726290775178764,81.01707005090888,52
8,17.825204398925194,80.22069735984171,2023-01-31 18:53:47.315162,2023-02-01 07:08:02.185821,734.2478443166667,17.825204398925194,80.22069735984171,50
8,14.729451171365298,81.01522803786696,2023-02-01 07:25:17.185821,2023-02-01 07:35:32.185821,10.25,14.729451171365298,81.01522803786696,52
8,14.7247495014646,81.01707462941233,2023-02-01 07:36:32.185821,2023-02-01 11:29:00.554951,232.4728188333333,14.7247495014646,81.01707462941233,52
8,21.97869673026934,76.25984253358911,2023-02-01 13:00:00.554951,2023-02-01 13:58:53.724789,58.886163966666665,21.97869673026934,76.25984253358911,53
8,14.726278639050054,81.01828790258651,2023-02-01 14:54:08.724789,2023-02-01 18:22:56.472030,208.79578735,14.726278639050054,81.01828790258651,52
8,16.996139255435203,80.10073854855732,2023-02-01 18:36:56.472030,2023-02-01 19:06:03.442979,29.116182483333333,16.996139255435203,80.10073854855732,54
8,17.82489054842771,80.2206417563785,2023-02-01 19:10:48.442979,2023-02-02 07:55:02.873698,764.2405119833334,17.82489054842771,80.2206417563785,50
8,14.72692343942977,81.01765300878884,2023-02-02 08:08:02.873698,2023-02-02 12:19:19.372336,251.2749773,14.72692343942977,81.01765300878884,52
8,16.995719631227473,80.10486731288712,2023-02-02 13:02:04.372336,2023-02-02 13:47:20.568073,45.26992895,16.995719631227473,80.10486731288712,54
8,14.72888697007655,81.01730331299024,2023-02-02 14:03:05.568073,2023-02-02 14:12:20.568073,9.25,14.72888697007655,81.01730331299024,52
8,14.726092455216447,81.01764627096563,2023-02-02 14:13:20.568073,2023-02-02 17:31:37.817887,198.2874969,14.726092455216447,81.01764627096563,52
8,17.818458009936652,80.22223987651468,2023-02-02 17:50:22.817887,2023-02-02 17:58:37.817887,8.25,17.818458009936652,80.22223987651468,50
8,17.825166728348506,80.22059659037085,2023-02-02 17:59:37.817887,2023-02-03 07:49:01.778536,829.39934415,17.825166728348506,80.22059659037085,50
8,14.725594902387735,81.0170114857035,2023-02-03 08:07:16.778536,2023-02-03 11:39:40.137746,212.38932016666664,14.725594902387735,81.0170114857035,52
8,23.206971515048117,74.61801248574724,2023-02-03 13:00:40.137746,2023-02-03 13:44:14.903083,43.57942228333333,23.206971515048117,74.61801248574724,51
8,14.726423355646554,81.01711671045861,2023-02-03 15:41:59.903083,2023-02-03 20:01:23.244286,259.38902005,14.726423355646554,81.01711671045861,52
8,17.825139312837063,80.22084613466139,2023-02-03 20:20:08.244286,2023-02-04 08:14:41.486365,714.5540346500001,17.825139312837063,80.22084613466139,50
8,17.003386828421345,80.10126037155285,2023-02-04 08:18:56.486365,2023-02-04 08:27:11.486365,8.25,17.003386828421345,80.10126037155285,54
8,16.99822167143621,80.10206461360046,2023-02-04 08:28:11.486365,2023-02-04 12:45:42.437726,257.51585601666665,16.99822167143621,80.10206461360046,54
8,17.8250411015858,80.22083729341112,2023-02-04 12:50:12.437726,2023-02-05 07:49:05.092937,1138.8775868500002,17.8250411015858,80.22083729341112,50
8,23.20518116389867,74.62304288061938,2023-02-05 08:29:35.092937,2023-02-05 08:36:50.092937,7.25,23.20518116389867,74.62304288061938,51
8,23.20841504418052,74.61503228958576,2023-02-05 08:37:50.092937,2023-02-05 11:20:53.576543,163.0580601,23.20841504418052,74.61503228958576,51
8,17.82534097763578,80.22084910283752,2023-02-05 12:01:53.576543,2023-02-06 08:28:05.273989,1226.1949574333337,17.82534097763578,80.22084910283752,50
8,14.726052972894518,81.01787210019305,2023-02-06 08:37:50.273989,2023-02-06 12:24:26.333846,226.60099761666663,14.726052972894518,81.01787210019305,52
8,23.202800758402514,74.6188975183073,2023-02-06 15:50:41.333846,2023-02-06 15:57:26.333846,6.75,23.202800758402514,74.6188975183073,51
8,23.20885870024918,74.61391459667992,2023-02-06 15:58:26.333846,2023-02-06 17:04:52.133575,66.42999548333333,23.20885870024918,74.61391459667992,51
8,14.731308244309743,81.01580222938868,2023-02-06 18:11:22.133575,2023-02-06 18:17:37.133575,6.25,14.731308244309743,81.01580222938868,52
8,14.725311157599139,81.01790911687108,2023-02-06 18:18:37.133575,2023-02-06 22:23:42.424206,245.08817718333333,14.725311157599139,81.01790911687108,52
8,21.97898063608537,76.25868904594203,2023-02-06 23:12:42.424206,2023-02-06 23:41:50.978407,29.142570016666664,21.97898063608537,76.25868904594203,53
8,17.825186071105087,80.22029859650911,2023-02-07 00:12:00.000000,2023-02-07 08:32:47.786194,500.7964365666666,17.825186071105087,80.22029859650911,50
8,14.726070512310086,81.01723524210803,2023-02-07 08:45:47.786194,2023-02-07 12:32:51.929969,227.06906291666667,14.726070512310086,81.01723524210803,52
8,23.20809059876474,74.61945855131091,2023-02-07 14:25:21.929969,2023-02-07 15:31:01.841952,65.66519971666666,23.20809059876474,74.61945855131091,51
8,14.726532092682877,81.01759715145982,2023-02-07 16:58:31.841952,2023-02-07 18:12:46.841952,74.25,14.726532092682877,81.01759715145982,52
8,14.72539174295347,81.01722583331748,2023-02-07 18:13:46.841952,2023-02-07 21:03:46.841952,170.0,14.72539174295347,81.01722583331748,52
8,14.735441415981754,81.01481498809248,2023-02-07 21:04:46.841952,2023-02-07 21:13:49.119529,9.037959616666663,14.735441415981754,81.01481498809248,52
8,17.825927066277256,80.22053185143447,2023-02-07 21:32:34.119529,2023-02-07 23:58:34.119529,146.0,17.825927066277256,80.22053185143447,50
9,20.181816659910346,91.946087459761,2023-01-01 00:00:00.000000,2023-01-01 08:51:47.848594,531.7974765666667,20.181816659910346,91.946087459761,57
9,18.283548774327187,74.00964967157726,2023-01-01 10:11:17.848594,2023-01-01 12:47:00.885209,155.7172769166667,18.283548774327187,74.00964967157726,58
9,20.182014762402993,91.94562218275703,2023-01-01 14:06:30.885209,2023-01-02 08:19:36.301083,1093.0902645666667,20.182014762402993,91.94562218275703,57
9,19.386521256566486,88.45636673731639,2023-01-02 08:28:06.301083,2023-01-02 12:19:36.450545,231.5024910333333,19.386521256566486,88.45636673731639,59
9,18.28317370110686,74.0105053741182,2023-01-02 13:42:51.450545,2023-01-02 14:44:19.539332,61.46814645,18.28317370110686,74.0105053741182,58
9,19.38663289930541,88.45554558931822,2023-01-02 15:55:49.539332,2023-01-02 20:14:05.245921,258.26177648333334,19.38663289930541,88.45554558931822,59
9,23.455974438791117,86.64359085175305,2023-01-02 20:40:05.245921,2023-01-02 21:33:06.400512,53.01924318333333,23.455974438791117,86.64359085175305,60
9,20.185535356193206,91.94037407246041,2023-01-02 22:03:06.400512,2023-01-02 22:10:21.400512,7.25,20.185535356193206,91.94037407246041,57
9,20.182052462769462,91.9455360227961,2023-01-02 22:11:21.400512,2023-01-03 08:12:30.123500,601.1453831333333,20.182052462769462,91.9455360227961,57
9,19.38674995204018,88.45577671498606,2023-01-03 08:21:15.123500,2023-01-03 12:24:59.276683,243.7358863833333,19.38674995204018,88.45577671498606,59
9,18.282692685363592,74.01303782755382,2023-01-03 13:37:14.276683,2023-01-03 14:35:43.802031,58.49208913333334,18.282692685363592,74.01303782755382,58
9,19.386937116555995,88.45527295582592,2023-01-03 16:22:58.802031,2023-01-03 19:27:41.917203,184.7185862,19.386937116555995,88.45527295582592,59
9,20.1795276851644,91.94017753460223,2023-01-03 19:43:11.917203,2023-01-03 19:49:26.917203,6.25,20.1795276851644,91.94017753460223,57
9,20.182679206196347,91.94584003892228,2023-01-03 19:50:26.917203,2023-01-04 07:30:35.701809,700.1464101,20.182679206196347,91.94584003892228,57
9,19.3874599615885,88.45630167733327,2023-01-04 07:42:05.701809,2023-01-04 11:31:35.057613,229.4892634,19.3874599615885,88.45630167733327,59
9,24.21070811465568,74.07998437486302,2023-01-04 13:02:20.057613,2023-01-04 14:15:10.590331,72.84221196666667,24.21070811465568,74.07998437486302,61
9,19.388896723709053,88.45232583284148,2023-01-04 15:29:10.590331,2023-01-04 15:47:25.590331,18.25,19.388896723709053,88.45232583284148,59
9,19.387195322861114,88.45618714575431,2023-01-04 15:48:25.590331,2023-01-04 18:56:09.292955,187.72837706666667,19.387195322861114,88.45618714575431,59
9,20.182092774423168,91.9452487210386,2023-01-04 19:11:54.292955,2023-01-05 07:58:41.393593,766.7850106333334,20.182092774423168,91.9452487210386,57
9,19.387418190209235,88.45553261312325,2023-01-05 08:08:26.393593,2023-01-05 12:42:48.137911,274.36240530000003,19.387418190209235,88.45553261312325,59
9,23.491987758623473,73.61639241530403,2023-01-05 14:52:03.137911,2023-01-05 15:19:33.137911,27.5,23.491987758623473,73.61639241530403,62
9,23.492976971204293,73.61317220299267,2023-01-05 15:20:33.137911,2023-01-05 16:07:52.445393,47.321791366666666,23.492976971204293,73.61317220299267,62
9,19.38798254841829,88.45394640683732,2023-01-05 17:20:37.445393,2023-01-05 17:36:52.445393,16.25,19.38798254841829,88.45394640683732,59
9,19.3867498392641,88.45753458681625,2023-01-05 17:37:52.445393,2023-01-05 20:34:34.724287,176.70464823333333,19.3867498392641,88.45753458681625,59
9,20.186332997148646,91.93531627446146,2023-01-05 20:49:49.724287,2023-01-05 20:55:04.724287,5.25,20.186332997148646,91.93531627446146,57
9,20.18188023524774,91.94562171338589,2023-01-05 20:56:04.724287,2023-01-06 08:15:00.695019,678.9328455333333,20.18188023524774,91.94562171338589,57
9,19.386299844632646,88.45548976232857,2023-01-06 08:27:30.695019,2023-01-06 13:07:08.108414,279.6235565833333,19.386299844632646,88.45548976232857,59
9,17.730211635439424,83.55592497149445,2023-01-06 13:54:23.108414,2023-01-06 15:12:42.600864,78.32487416666666,17.730211635439424,83.55592497149445,63
9,19.38402789726441,88.45157774099796,2023-01-06 15:35:42.600864,2023-01-06 15:47:57.600864,12.25,19.38402789726441,88.45157774099796,59
9,19.387692462979444,88.45589258073129,2023-01-06 15:48:57.600864,2023-01-06 19:22:09.558080,213.19928693333333,19.387692462979444,88.45589258073129,59
9,20.18083600645147,91.9445586351411,2023-01-06 19:37:24.558080,2023-01-06 20:08:39.558080,31.25,20.18083600645147,91.9445586351411,57
9,20.182044362282785,91.94575257097506,2023-01-06 20:09:39.558080,2023-01-07 08:19:26.497496,729.7823236,20.182044362282785,91.94575257097506,57
9,23.458384066228405,86.64382546825406,2023-01-07 08:49:56.497496,2023-01-07 12:38:04.881623,228.13973545,23.458384066228405,86.64382546825406,60
9,20.1827510695111,91.94474498693923,2023-01-07 13:08:04.881623,2023-01-07 14:32:19.881623,84.25,20.1827510695111,91.94474498693923,57
9,20.18202199520493,91.94525452514318,2023-01-07 14:33:19.881623,2023-01-08 07:41:19.238919,1027.9892882666668,20.18202199520493,91.94525452514318,57
9,17.729505609058222,83.5539390577547,2023-01-08 08:20:49.238919,2023-01-08 10:33:33.515148,132.73793715,17.729505609058222,83.5539390577547,63
9,20.182123699657375,91.94537912729956,2023-01-08 11:12:48.515148,2023-01-08 17:41:03.515148,388.25,20.182123699657375,91.94537912729956,57
9,20.182020003127658,91.94535630287521,2023-01-08 17:42:03.515148,2023-01-09 09:11:16.365821,929.2141778833334,20.182020003127658,91.94535630287521,57
9,19.387587881979506,88.45562973129965,2023-01-09 09:21:31.365821,2023-01-09 12:39:41.141128,198.16292178333333,19.387587881979506,88.45562973129965,59
9,18.283193104453407,74.0108793951593,2023-01-09 14:32:56.141128,2023-01-09 15:22:19.211571,49.384507383333336,18.283193104453407,74.0108793951593,58
9,19.38552253094275,88.45545493761303,2023-01-09 17:01:49.211571,2023-01-09 20:42:42.589073,220.8896250333333,19.38552253094275,88.45545493761303,59
9,20.182308653701256,91.94354612847613,2023-01-09 20:58:12.589073,2023-01-09 22:04:27.589073,66.25,20.182308653701256,91.94354612847613,57
9,20.18192136973414,91.94506458448255,2023-01-09 22:05:27.589073,2023-01-10 07:26:23.328219,560.9289857666666,20.18192136973414,91.94506458448255,57
9,19.386822077495477,88.45542988608766,2023-01-10 07:35:53.328219,2023-01-10 11:40:24.204541,244.51460536666667,19.386822077495477,88.45542988608766,59
9,17.732296061118628,83.55647512156276,2023-01-10 12:13:54.204541,2023-01-10 12:31:09.204541,17.25,17.732296061118628,83.55647512156276,63
9,17.730279344376264,83.55571185195932,2023-01-10 12:32:09.204541,2023-01-10 13:15:10.001725,43.0132864,17.730279344376264,83.55571185195932,63
9,19.386478423449898,88.44404056213726,2023-01-10 14:31:10.001725,2023-01-10 14:36:55.001725,5.75,19.386478423449898,88.44404056213726,59
9,19.387135869639074,88.45559212993969,2023-01-10 14:37:55.001725,2023-01-10 19:16:21.867022,278.44775495,19.387135869639074,88.45559212993969,59
9,20.182025958643827,91.94581156478003,2023-01-10 19:31:51.867022,2023-01-11 08:00:09.659090,748.2965344666667,20.182025958643827,91.94581156478003,57
9,19.38648111230294,88.45548885658425,2023-01-11 08:08:39.659090,2023-01-11 11:16:53.167253,188.22513605,19.38648111230294,88.45548885658425,59
9,18.28533286845923,74.0124513624457,2023-01-11 12:40:08.167253,2023-01-11 13:29:36.592360,49.47375178333333,18.28533286845923,74.0124513624457,58
9,19.387260668586375,88.4535546820843,2023-01-11 15:25:06.592360,2023-01-11 16:14:36.592360,49.5,19.387260668586375,88.4535546820843,59
9,19.387340575729926,88.45733873257144,2023-01-11 16:15:36.592360,2023-01-11 18:23:59.276311,128.37806585,19.387340575729926,88.45733873257144,59
9,20.183506521602155,91.9333132896908,2023-01-11 18:39:14.276311,2023-01-11 18:44:29.276311,5.25,20.183506521602155,91.9333132896908,57
9,20.182452578728316,91.94565215758996,2023-01-11 18:45:29.276311,2023-01-12 08:25:26.081900,819.9467598166667,20.182452578728316,91.94565215758996,57
9,19.387011303069734,88.45470974786579,2023-01-12 08:33:41.081900,2023-01-12 12:03:05.543094,209.40768656666663,19.387011303069734,88.45470974786579,59
9,24.20863816767006,74.08149902811665,2023-01-12 14:13:05.543094,2023-01-12 15:10:38.529005,57.549765183333335,24.20863816767006,74.08149902811665,61
9,19.386659938714015,88.45581966486269,2023-01-12 16:29:53.529005,2023-01-12 20:35:34.186971,245.67763276666668,19.386659938714015,88.45581966486269,59
9,20.18209860638852,91.94567104542838,2023-01-12 20:51:19.186971,2023-01-13 07:59:45.615668,668.4404782833334,20.18209860638852,91.94567104542838,57
9,19.38660949492654,88.45483985007856,2023-01-13 08:08:15.615668,2023-01-13 11:25:20.947786,197.08886863333333,19.38660949492654,88.45483985007856,59
9,17.729549697445343,83.55631186760259,2023-01-13 11:53:05.947786,2023-01-13 13:06:40.633280,73.57809156666667,17.729549697445343,83.55631186760259,63
9,19.383163760501247,88.45190378335539,2023-01-13 13:37:10.633280,2023-01-13 13:56:25.633280,19.25,19.383163760501247,88.45190378335539,59
9,19.387830398664292,88.45548501213644,2023-01-13 13:57:25.633280,2023-01-13 17:29:36.693744,212.18434106666663,19.387830398664292,88.45548501213644,59
9,17.73333586056258,83.56009119849517,2023-01-13 17:52:51.693744,2023-01-13 18:02:26.617503,9.58206265,17.73333586056258,83.56009119849517,63
9,20.18094108699936,91.94013632532122,2023-01-13 18:41:41.617503,2023-01-13 18:48:56.617503,7.25,20.18094108699936,91.94013632532122,57
9,20.18209846192058,91.94540605717954,2023-01-13 18:49:56.617503,2023-01-15 08:02:53.891823,2232.954572,20.18209846192058,91.94540605717954,57
9,17.729051647545287,83.55413576886731,2023-01-15 08:42:23.891823,2023-01-15 13:16:12.974850,273.81805045,17.729051647545287,83.55413576886731,63
9,20.181855066939868,91.94541084656022,2023-01-15 13:55:42.974850,2023-01-16 07:29:55.958713,1054.2163977166667,20.181855066939868,91.94541084656022,57
9,19.386342095423345,88.45520856772059,2023-01-16 07:43:25.958713,2023-01-16 10:48:02.744797,184.6131014,19.386342095423345,88.45520856772059,59
9,18.282326108613454,74.01145709212385,2023-01-16 14:17:47.744797,2023-01-16 15:02:57.542061,45.16328773333333,18.282326108613454,74.01145709212385,58
9,19.38648462889057,88.45608226808778,2023-01-16 16:22:42.542061,2023-01-16 20:46:57.542061,264.25,19.38648462889057,88.45608226808778,59
9,19.391235315755,88.46551130341075,2023-01-16 20:47:57.542061,2023-01-16 20:54:40.923616,6.723025916666667,19.391235315755,88.46551130341075,59
9,20.181675533699508,91.94550052698153,2023-01-16 21:10:10.923616,2023-01-17 07:54:32.050156,644.3521089999999,20.181675533699508,91.94550052698153,57
9,19.38686663417993,88.45571971561702,2023-01-17 08:02:32.050156,2023-01-17 12:31:13.802689,268.69587555000004,19.38686663417993,88.45571971561702,59
9,24.209700959057898,74.08384800357514,2023-01-17 14:35:28.802689,2023-01-17 15:25:42.958401,50.235928533333336,24.209700959057898,74.08384800357514,61
9,19.38683576436262,88.45489309848979,2023-01-17 19:39:27.958401,2023-01-17 23:00:28.223603,201.00442003333333,19.38683576436262,88.45489309848979,59
9,17.730670058599788,83.56023122153749,2023-01-17 23:23:28.223603,2023-01-17 23:33:43.223603,10.25,17.730670058599788,83.56023122153749,63
9,17.730138821046097,83.55870922018754,2023-01-17 23:34:43.223603,2023-01-17 23:49:53.473877,15.1708379,17.730138821046097,83.55870922018754,63
9,20.181959371416845,91.94514782387253,2023-01-18 00:29:00.000000,2023-01-18 08:20:42.959297,471.7159882833333,20.181959371416845,91.94514782387253,57
9,19.38665237910087,88.4554914528372,2023-01-18 08:33:27.959297,2023-01-18 12:26:29.496973,233.0256279333333,19.38665237910087,88.4554914528372,59
9,18.28158391520246,74.01131119616612,2023-01-18 13:33:14.496973,2023-01-18 14:06:29.496973,33.25,18.28158391520246,74.01131119616612,58
9,18.2826034679281,74.00767706954007,2023-01-18 14:07:29.496973,2023-01-18 14:37:05.194214,29.59495401666667,18.2826034679281,74.00767706954007,58
9,19.386797670952326,88.45563134041156,2023-01-18 16:32:35.194214,2023-01-18 19:42:55.737964,190.3423958333333,19.386797670952326,88.45563134041156,59
9,20.17691547196248,91.93865979788964,2023-01-18 19:58:25.737964,2023-01-18 20:06:40.737964,8.25,20.17691547196248,91.93865979788964,57
9,20.182384072155763,91.94586954766851,2023-01-18 20:07:40.737964,2023-01-19 07:38:55.054833,691.2386144833333,20.182384072155763,91.94586954766851,57
9,19.386541596231158,88.45496606063386,2023-01-19 07:46:55.054833,2023-01-19 12:17:38.575358,270.7253420833333,19.386541596231158,88.45496606063386,59
9,17.73238165800332,83.55105412391008,2023-01-19 12:45:53.575358,2023-01-19 12:56:08.575358,10.25,17.73238165800332,83.55105412391008,63
9,17.729250741814706,83.5543664154341,2023-01-19 12:57:08.575358,2023-01-19 13:57:31.429195,60.38089728333333,17.729250741814706,83.5543664154341,63
9,19.387311759302992,88.45574906323175,2023-01-19 15:09:46.429195,2023-01-19 19:55:03.163012,285.27889695,19.387311759302992,88.45574906323175,59
9,20.179186114662073,91.94156018697012,2023-01-19 20:10:33.163012,2023-01-19 20:23:48.163012,13.25,20.179186114662073,91.94156018697012,57
9,20.183101130121635,91.94520743603584,2023-01-19 20:24:48.163012,2023-01-20 07:28:43.208410,663.9174233,20.183101130121635,91.94520743603584,57
9,19.38617533952043,88.45478959867876,2023-01-20 07:37:58.208410,2023-01-20 11:03:32.964793,205.57927305,19.38617533952043,88.45478959867876,59
9,23.491960317109935,73.61985032547348,2023-01-20 12:40:17.964793,2023-01-20 13:26:46.165896,46.47001838333333,23.491960317109935,73.61985032547348,62
9,19.387930915520894,88.45522051316672,2023-01-20 17:22:31.165896,2023-01-20 21:11:13.641381,228.70792475,19.387930915520894,88.45522051316672,59
9,20.18249513986955,91.94549320682827,2023-01-20 21:26:58.641381,2023-01-21 08:04:36.368673,637.6287882,20.18249513986955,91.94549320682827,57
9,17.730201616573154,83.55463284480506,2023-01-21 08:43:51.368673,2023-01-21 10:59:11.046209,135.32795893333335,17.730201616573154,83.55463284480506,63
9,20.180853084907987,91.94556716940318,2023-01-21 11:38:26.046209,2023-01-21 12:12:41.046209,34.25,20.180853084907987,91.94556716940318,57
9,20.18331990494233,91.94541426948138,2023-01-21 12:13:41.046209,2023-01-21 13:32:41.046209,79.0,20.18331990494233,91.94541426948138,57
9,20.182400275219642,91.94499658052638,2023-01-21 13:33:41.046209,2023-01-21 17:51:41.046209,258.0,20.182400275219642,91.94499658052638,57
9,20.18208788961389,91.94596730764812,2023-01-21 17:52:41.046209,2023-01-22 08:14:30.111834,861.8177604166667,20.18208788961389,91.94596730764812,57
9,18.28387431984129,74.00833749166982,2023-01-22 09:33:30.111834,2023-01-22 10:44:45.111834,71.25,18.28387431984129,74.00833749166982,58
9,18.28237771671872,74.00908553471413,2023-01-22 10:45:45.111834,2023-01-22 12:41:51.010415,116.09830968333334,18.28237771671872,74.00908553471413,58
9,20.179646448619764,91.94090308449225,2023-01-22 14:01:21.010415,2023-01-22 14:10:36.010415,9.25,20.179646448619764,91.94090308449225,57
9,20.18202944106453,91.94533968317333,2023-01-22 14:11:36.010415,2023-01-23 07:47:34.557580,1055.975786083333,20.18202944106453,91.94533968317333,57
9,19.38763007007363,88.45660441560199,2023-01-23 08:03:04.557580,2023-01-23 10:46:20.295202,163.2622937,19.38763007007363,88.45660441560199,59
9,23.49258918528386,73.6152281562357,2023-01-23 12:22:50.295202,2023-01-23 13:17:30.584957,54.671495916666665,23.49258918528386,73.6152281562357,62
9,19.38948855091794,88.45261172135828,2023-01-23 14:31:45.584957,2023-01-23 14:43:00.584957,11.25,19.38948855091794,88.45261172135828,59
9,19.387077702809485,88.45590884519193,2023-01-23 14:44:00.584957,2023-01-23 17:59:54.513389,195.8988072,19.387077702809485,88.45590884519193,59
9,23.49226964609662,73.6177081395271,2023-01-23 19:09:24.513389,2023-01-23 19:20:39.513389,11.25,23.49226964609662,73.6177081395271,62
9,23.494358081137694,73.61205565602226,2023-01-23 19:21:39.513389,2023-01-23 19:31:17.702873,9.6364914,23.494358081137694,73.61205565602226,62
9,20.182307121788263,91.94518590318391,2023-01-23 20:54:17.702873,2023-01-24 07:00:49.929539,606.5371111000001,20.182307121788263,91.94518590318391,57
9,19.38664661919426,88.45474301107132,2023-01-24 07:15:19.929539,2023-01-24 11:15:22.826887,240.04828913333333,19.38664661919426,88.45474301107132,59
9,24.20954375055366,74.07859858584894,2023-01-24 13:33:37.826887,2023-01-24 14:40:23.628654,66.76336278333333,24.20954375055366,74.07859858584894,61
9,19.391243491128254,88.4484672425668,2023-01-24 16:08:53.628654,2023-01-24 16:17:08.628654,8.25,19.391243491128254,88.4484672425668,59
9,19.387372370697264,88.45619451863593,2023-01-24 16:18:08.628654,2023-01-24 19:37:14.929553,199.1050149833333,19.387372370697264,88.45619451863593,59
9,20.18213649019408,91.94572944853026,2023-01-24 19:52:44.929553,2023-01-25 07:59:59.263367,727.2388969,20.18213649019408,91.94572944853026,57
9,19.387056201317804,88.45485085246513,2023-01-25 08:12:59.263367,2023-01-25 12:10:52.995308,237.89553235,19.387056201317804,88.45485085246513,59
9,17.73109215537711,83.55505214109736,2023-01-25 13:07:22.995308,2023-01-25 13:53:52.995308,46.5,17.73109215537711,83.55505214109736,63
9,19.387007607951418,88.45461545773492,2023-01-25 14:23:15.788836,2023-01-25 17:17:50.833207,174.58407285,19.387007607951418,88.45461545773492,59
9,23.45823814555547,86.64500827034601,2023-01-25 17:43:35.833207,2023-01-25 18:49:50.216265,66.23971763333333,23.45823814555547,86.64500827034601,60
9,20.18531150349463,91.94182569281534,2023-01-25 19:19:50.216265,2023-01-25 19:30:05.216265,10.25,20.18531150349463,91.94182569281534,57
9,20.18176239885865,91.94552987064492,2023-01-25 19:31:05.216265,2023-01-26 07:43:38.617963,732.5566949666667,20.18176239885865,91.94552987064492,57
9,19.38675624745651,88.45575241052161,2023-01-26 07:55:23.617963,2023-01-26 11:51:42.433365,236.31359003333333,19.38675624745651,88.45575241052161,59
9,23.492474095973392,73.61694233751875,2023-01-26 13:44:42.433365,2023-01-26 14:56:53.279890,72.18077541666666,23.492474095973392,73.61694233751875,62
9,19.38617163924053,88.45450761498671,2023-01-26 16:44:23.279890,2023-01-26 19:29:12.265219,164.81642215,19.38617163924053,88.45450761498671,59
9,20.178697114697528,91.93930777750575,2023-01-26 19:44:42.265219,2023-01-26 19:49:57.265219,5.25,20.178697114697528,91.93930777750575,57
9,20.182258194668044,91.94559951090034,2023-01-26 19:50:57.265219,2023-01-27 07:45:23.165714,714.4316749166667,20.182258194668044,91.94559951090034,57
9,19.386756965630084,88.45555183658603,2023-01-27 07:54:08.165714,2023-01-27 12:41:42.854083,287.5781394833333,19.386756965630084,88.45555183658603,59
9,24.209593027901413,74.07842419361158,2023-01-27 14:40:42.854083,2023-01-27 15:35:34.812421,54.8659723,24.209593027901413,74.07842419361158,61
9,19.38723638935454,88.45612612163067,2023-01-27 16:48:34.812421,2023-01-27 19:58:29.146209,189.9055631333333,19.38723638935454,88.45612612163067,59
9,20.17901691013408,91.94116579879638,2023-01-27 20:13:44.146209,2023-01-27 20:29:59.146209,16.25,20.17901691013408,91.94116579879638,57
9,20.182394387306154,91.9456023124863,2023-01-27 20:30:59.146209,2023-01-28 08:57:03.438964,746.0715459166667,20.182394387306154,91.9456023124863,57
9,18.28255563021841,74.00982537301883,2023-01-28 10:16:18.438964,2023-01-28 13:42:43.930765,206.42486335,18.28255563021841,74.00982537301883,58
9,20.183657657385663,91.94540387721744,2023-01-28 15:01:58.930765,2023-01-28 15:42:13.930765,40.25,20.183657657385663,91.94540387721744,57
9,20.182241834711053,91.94552751532157,2023-01-28 15:43:13.930765,2023-01-29 08:07:48.470604,984.5756639833332,20.182241834711053,91.94552751532157,57
9,18.282531648089588,74.00930008215393,2023-01-29 09:27:18.470604,2023-01-29 13:03:37.549427,216.3179803833333,18.282531648089588,74.00930008215393,58
9,20.18190952246968,91.9454527283629,2023-01-29 14:23:07.549427,2023-01-30 07:50:11.173653,1047.0604037666667,20.18190952246968,91.9454527283629,57
9,19.38807763252344,88.45579781622534,2023-01-30 08:03:56.173653,2023-01-30 12:23:12.902948,259.2788215833333,19.38807763252344,88.45579781622534,59
9,17.729858013493008,83.55597990021815,2023-01-30 12:47:12.902948,2023-01-30 13:57:32.606764,70.32839693333334,17.729858013493008,83.55597990021815,63
9,19.386323135153024,88.4556782187124,2023-01-30 14:21:47.606764,2023-01-30 16:03:02.606764,101.25,19.386323135153024,88.4556782187124,59
9,19.38744114516371,88.45555625735177,2023-01-30 16:04:02.606764,2023-01-30 18:11:43.964036,127.68928786666667,19.38744114516371,88.45555625735177,59
9,20.182050802190417,91.94551728738391,2023-01-30 18:27:13.964036,2023-01-31 07:26:58.601382,779.7439557666668,20.182050802190417,91.94551728738391,57
9,19.387562766875057,88.45641446859865,2023-01-31 07:39:43.601382,2023-01-31 12:26:04.241452,286.3440011666667,19.387562766875057,88.45641446859865,59
9,23.49409573806938,73.61564635756687,2023-01-31 14:07:19.241452,2023-01-31 15:15:22.417506,68.05293423333333,23.49409573806938,73.61564635756687,62
9,19.38832776399275,88.45605663450539,2023-01-31 17:32:52.417506,2023-01-31 21:07:12.608739,214.33652055,19.38832776399275,88.45605663450539,59
9,20.18359652549683,91.94524340334318,2023-01-31 21:22:57.608739,2023-01-31 23:58:57.608739,156.0,20.18359652549683,91.94524340334318,57
10,22.65933060093889,92.36157485216921,2023-01-01 00:00:00.000000,2023-01-02 07:59:55.703822,1919.928397033333,22.65933060093889,92.36157485216921,64
10,21.347139510983922,89.771878730222,2023-01-02 08:07:10.703822,2023-01-02 10:46:50.312082,159.66013766666669,21.347139510983922,89.771878730222,65
10,15.002443980280825,87.84833557693942,2023-01-02 12:10:35.312082,2023-01-02 13:40:44.512623,90.15334235,15.002443980280825,87.84833557693942,66
10,21.348849602424334,89.77205295111031,2023-01-02 14:49:44.512623,2023-01-02 18:54:24.074547,244.6593654,21.348849602424334,89.77205295111031,65
10,22.65936360615695,92.36165990304946,2023-01-02 19:08:09.074547,2023-01-03 08:59:45.165098,831.6015091833334,22.65936360615695,92.36165990304946,64
10,21.348127560056653,89.77147160808465,2023-01-03 09:10:15.165098,2023-01-03 14:03:05.141834,292.8329456,21.348127560056653,89.77147160808465,65
10,15.53754508336212,83.25387919349936,2023-01-03 16:10:20.141834,2023-01-03 17:19:44.328666,69.40311386666667,15.53754508336212,83.25387919349936,67
10,21.348484297261002,89.77351590111462,2023-01-03 18:16:29.328666,2023-01-03 21:39:57.561411,203.47054575,21.348484297261002,89.77351590111462,65
10,22.658076246548223,92.3591034729936,2023-01-03 21:53:27.561411,2023-01-03 22:19:42.561411,26.25,22.658076246548223,92.3591034729936,64
10,22.658817926307698,92.36104459432646,2023-01-03 22:20:42.561411,2023-01-04 07:46:15.600087,565.5506445999999,22.658817926307698,92.36104459432646,64
10,21.347917123870417,89.77196271212372,2023-01-04 07:57:15.600087,2023-01-04 11:34:19.589598,217.06649185,21.347917123870417,89.77196271212372,65
10,17.824362755039807,86.36803213591207,2023-01-04 12:13:04.589598,2023-01-04 12:47:05.963782,34.022903066666665,17.824362755039807,86.36803213591207,68
10,21.34363295970735,89.76459882429441,2023-01-04 14:27:20.963782,2023-01-04 14:37:20.963782,10.0,21.34363295970735,89.76459882429441,65
10,21.347838676756545,89.77187520125781,2023-01-04 14:38:20.963782,2023-01-04 19:16:12.580097,277.86027191666665,21.347838676756545,89.77187520125781,65
10,22.659485041269285,92.35981425307357,2023-01-04 19:29:27.580097,2023-01-04 19:54:42.580097,25.25,22.659485041269285,92.35981425307357,64
10,22.659244377650726,92.36146485903186,2023-01-04 19:55:42.580097,2023-01-05 08:37:29.821127,761.7873505,22.659244377650726,92.36146485903186,64
10,21.347510021001312,89.77087000316345,2023-01-05 08:45:29.821127,2023-01-05 13:03:26.707345,257.94810363333335,21.347510021001312,89.77087000316345,65
10,17.817578790292757,86.36298072716343,2023-01-05 14:04:41.707345,2023-01-05 15:21:48.025898,77.10530921666667,17.817578790292757,86.36298072716343,68
10,21.346286786909367,89.76929872175596,2023-01-05 16:32:03.025898,2023-01-05 16:45:33.025898,13.5,21.346286786909367,89.76929872175596,65
10,21.348907379690218,89.77218666376129,2023-01-05 16:46:33.025898,2023-01-05 20:34:54.223043,228.35328575,21.348907379690218,89.77218666376129,65
10,22.658819869999178,92.35998679572336,2023-01-05 20:48:09.223043,2023-01-05 21:59:24.223043,71.25,22.658819869999178,92.35998679572336,64
10,22.65951379537347,92.36136761220634,2023-01-05 22:00:24.223043,2023-01-06 08:27:06.356974,626.7022321833333,22.65951379537347,92.36136761220634,64
10,21.348006405315864,89.77188994132305,2023-01-06 08:33:51.356974,2023-01-06 11:59:57.420709,206.10106225,21.348006405315864,89.77188994132305,65
10,17.81948688161777,86.36214259460655,2023-01-06 12:32:57.420709,2023-01-06 13:24:40.831597,51.7235148,17.81948688161777,86.36214259460655,68
10,21.34761881563046,89.77102565692047,2023-01-06 14:08:25.831597,2023-01-06 17:44:40.831597,216.25,21.34761881563046,89.77102565692047,65
10,21.34912797285942,89.77206952262644,2023-01-06 17:45:40.831597,2023-01-06 18:26:42.521990,41.028173216666666,21.34912797285942,89.77206952262644,65
10,22.65383873310686,92.35505598556898,2023-01-06 18:39:57.521990,2023-01-06 18:45:12.521990,5.25,22.65383873310686,92.35505598556898,64
10,22.65938681464589,92.36131660786589,2023-01-06 18:46:12.521990,2023-01-07 08:25:07.967265,818.9240879166666,22.65938681464589,92.36131660786589,64
10,15.538336191340232,83.25637021044345,2023-01-07 09:24:07.967265,2023-01-07 09:37:22.967265,13.25,15.538336191340232,83.25637021044345,67
10,15.536865494288296,83.2538051263501,2023-01-07 09:38:22.967265,2023-01-07 12:08:50.283076,150.45526351666666,15.536865494288296,83.2538051263501,67
10,22.654654494414537,92.35581036441077,2023-01-07 13:07:35.283076,2023-01-07 13:12:50.283076,5.25,22.654654494414537,92.35581036441077,64
10,22.659486069388542,92.36126475102593,2023-01-07 13:13:50.283076,2023-01-08 08:01:05.818990,1127.2589319,22.659486069388542,92.36126475102593,64
10,19.90035077048126,92.0940222374062,2023-01-08 08:17:20.818990,2023-01-08 08:29:35.818990,12.25,19.90035077048126,92.0940222374062,-1
10,19.90012548915798,92.09733577813164,2023-01-08 08:30:35.818990,2023-01-08 10:47:13.869229,136.63417065000002,19.90012548915798,92.09733577813164,-1
10,22.659442201362896,92.36153421483048,2023-01-08 11:03:58.869229,2023-01-09 07:59:03.551284,1255.07803425,22.659442201362896,92.36153421483048,64
10,21.348029565218695,89.77148604048259,2023-01-09 08:08:03.551284,2023-01-09 12:46:40.366380,278.6135849333333,21.348029565218695,89.77148604048259,65
10,15.00352777923436,87.84785003289619,2023-01-09 13:47:55.366380,2023-01-09 14:21:10.366380,33.25,15.00352777923436,87.84785003289619,66
10,15.00152360888474,87.8479102513821,2023-01-09 14:22:10.366380,2023-01-09 14:51:47.102255,29.61226458333333,15.00152360888474,87.8479102513821,66
10,21.348770941138213,89.77142764758594,2023-01-09 15:33:32.102255,2023-01-09 18:53:42.080477,200.1663037,21.348770941138213,89.77142764758594,65
10,22.659507546756082,92.36022607237044,2023-01-09 19:06:57.080477,2023-01-09 20:15:12.080477,68.25,22.659507546756082,92.36022607237044,64
10,22.659167646222542,92.36162866137592,2023-01-09 20:16:12.080477,2023-01-10 07:33:28.327683,677.2707867666667,22.659167646222542,92.36162866137592,64
10,21.348448363893823,89.77240802993666,2023-01-10 07:41:58.327683,2023-01-10 11:51:08.375742,249.16746765,21.348448363893823,89.77240802993666,65
10,15.002717861740376,87.84802469565417,2023-01-10 13:00:38.375742,2023-01-10 14:01:32.847679,60.90786561666666,15.002717861740376,87.84802469565417,66
10,21.34745417266876,89.77060915869286,2023-01-10 14:59:17.847679,2023-01-10 19:04:34.423970,245.27627151666667,21.34745417266876,89.77060915869286,65
10,22.659271652086645,92.36140072962849,2023-01-10 19:18:19.423970,2023-01-11 08:07:46.175583,769.4458602166667,22.659271652086645,92.36140072962849,64
10,21.34842141578383,89.77170344352281,2023-01-11 08:14:31.175583,2023-01-11 12:29:19.948757,254.81288623333333,21.34842141578383,89.77170344352281,65
10,15.538703578230542,83.25468063230811,2023-01-11 13:17:04.948757,2023-01-11 13:42:19.948757,25.25,15.538703578230542,83.25468063230811,67
10,15.53695923636693,83.25254380667401,2023-01-11 13:43:19.948757,2023-01-11 14:21:36.584801,38.2772674,15.53695923636693,83.25254380667401,67
10,21.34229203442238,89.76754825046098,2023-01-11 16:20:06.584801,2023-01-11 16:30:51.584801,10.75,21.34229203442238,89.76754825046098,65
10,21.348726998850694,89.7722738894525,2023-01-11 16:31:51.584801,2023-01-11 21:50:04.625339,318.21734230000004,21.348726998850694,89.7722738894525,65
10,22.65929324813375,92.3612804981114,2023-01-11 22:03:34.625339,2023-01-12 07:54:33.885697,590.9876726333333,22.65929324813375,92.3612804981114,64
10,21.354397909442376,89.7762625977379,2023-01-12 08:07:33.885697,2023-01-12 08:19:48.885697,12.25,21.354397909442376,89.7762625977379,65
10,21.347778046814522,89.77112067858816,2023-01-12 08:20:48.885697,2023-01-12 11:52:49.220284,212.00557645,21.347778046814522,89.77112067858816,65
10,15.554899169379004,83.27706414290279,2023-01-12 12:50:49.220284,2023-01-12 12:57:06.790246,6.2928327,15.554899169379004,83.27706414290279,67
10,21.345710636961904,89.7700575105144,2023-01-12 15:11:21.790246,2023-01-12 15:37:06.790246,25.75,21.345710636961904,89.7700575105144,65
10,21.348185964666325,89.77203562158137,2023-01-12 15:38:06.790246,2023-01-12 18:56:59.319230,198.87548306666667,21.348185964666325,89.77203562158137,65
10,22.655447316632056,92.3550650636503,2023-01-12 19:10:14.319230,2023-01-12 19:22:29.319230,12.25,22.655447316632056,92.3550650636503,64
10,22.659680384913482,92.36188052179304,2023-01-12 19:23:29.319230,2023-01-13 07:34:47.879720,731.3093415000001,22.659680384913482,92.36188052179304,64
10,21.347675021505083,89.77205700365914,2023-01-13 07:42:02.879720,2023-01-13 12:16:07.098155,274.07030725,21.347675021505083,89.77205700365914,65
10,15.003356159659134,87.8490255897491,2023-01-13 14:04:37.098155,2023-01-13 14:59:37.837655,55.012325,15.003356159659134,87.8490255897491,66
10,21.348329481752756,89.77127688956922,2023-01-13 16:03:37.837655,2023-01-13 19:44:13.586896,220.59582068333333,21.348329481752756,89.77127688956922,65
10,22.659406435015505,92.36180165007286,2023-01-13 19:57:58.586896,2023-01-15 07:36:53.000026,2138.9068855,22.659406435015505,92.36180165007286,64
10,15.001223016626843,87.84783362294411,2023-01-15 08:27:38.000026,2023-01-15 12:10:19.708318,222.6951382,15.001223016626843,87.84783362294411,66
10,22.65951541985516,92.36196677711892,2023-01-15 13:01:19.708318,2023-01-16 07:50:38.758249,1129.31749885,22.65951541985516,92.36196677711892,64
10,21.348213164718572,89.77244678471371,2023-01-16 08:00:38.758249,2023-01-16 12:01:00.331432,240.35955305,21.348213164718572,89.77244678471371,65
10,17.818891441972752,86.36184707232957,2023-01-16 12:41:15.331432,2023-01-16 13:48:56.631865,67.68834054999999,17.818891441972752,86.36184707232957,68
10,21.345681582066987,89.76959921301484,2023-01-16 14:22:11.631865,2023-01-16 15:05:26.631865,43.25,21.345681582066987,89.76959921301484,65
10,21.34711241671151,89.77145930124288,2023-01-16 15:07:26.631865,2023-01-16 19:34:51.915494,267.42139381666664,21.34711241671151,89.77145930124288,65
10,22.65953281522067,92.36132243502968,2023-01-16 19:48:21.915494,2023-01-17 08:24:02.248885,755.6722231833334,22.65953281522067,92.36132243502968,64
10,21.34689094730013,89.77063541177665,2023-01-17 08:32:32.248885,2023-01-17 11:28:41.995892,176.16245011666666,21.34689094730013,89.77063541177665,65
10,17.82391910272819,86.37085860051002,2023-01-17 13:10:56.995892,2023-01-17 13:15:56.995892,5.0,17.82391910272819,86.37085860051002,68
10,17.816404713972343,86.3608292243434,2023-01-17 13:16:56.995892,2023-01-17 13:45:12.307286,28.2551899,17.816404713972343,86.3608292243434,68
10,21.345756367451177,89.76750788587387,2023-01-17 14:17:27.307286,2023-01-17 14:22:42.307286,5.25,21.345756367451177,89.76750788587387,65
10,21.348266010205407,89.77158210475969,2023-01-17 14:23:42.307286,2023-01-17 19:12:15.250507,288.54905368333334,21.348266010205407,89.77158210475969,65
10,22.65887864160232,92.36041374690762,2023-01-17 19:25:30.250507,2023-01-17 20:23:45.250507,58.25,22.65887864160232,92.36041374690762,64
10,22.659170885617314,92.3618134706839,2023-01-17 20:24:45.250507,2023-01-18 08:13:47.365192,709.0352447500001,22.659170885617314,92.3618134706839,64
10,21.348396521479025,89.77228349130102,2023-01-18 08:26:32.365192,2023-01-18 12:28:42.642784,242.1712932,21.348396521479025,89.77228349130102,65
10,17.818183579615685,86.3635328205511,2023-01-18 13:03:42.642784,2023-01-18 13:55:16.361847,51.56198438333333,17.818183579615685,86.3635328205511,68
10,21.348061411084053,89.7719270742041,2023-01-18 14:37:16.361847,2023-01-18 18:40:30.989908,243.24380101666665,21.348061411084053,89.7719270742041,65
10,22.657919836561028,92.36037142923917,2023-01-18 18:54:00.989908,2023-01-18 20:16:15.989908,82.25,22.657919836561028,92.36037142923917,64
10,22.659061985164662,92.36154275024397,2023-01-18 20:17:15.989908,2023-01-19 06:25:26.326253,608.1722724166667,22.659061985164662,92.36154275024397,64
10,21.34799495884449,89.77119225355717,2023-01-19 06:33:26.326253,2023-01-19 10:49:15.180207,255.81423256666667,21.34799495884449,89.77119225355717,65
10,15.538396076846517,83.25349128329228,2023-01-19 11:45:30.180207,2023-01-19 13:08:54.268154,83.40146578333334,15.538396076846517,83.25349128329228,67
10,21.348224210594108,89.77069951727053,2023-01-19 14:27:09.268154,2023-01-19 17:43:24.268154,196.25,21.348224210594108,89.77069951727053,65
10,21.347234260524004,89.77163647019128,2023-01-19 17:44:24.268154,2023-01-19 18:53:10.287100,68.76698243333334,21.347234260524004,89.77163647019128,65
10,15.536474961745803,83.25219705759015,2023-01-19 19:38:25.287100,2023-01-19 20:37:04.064123,58.646283716666666,15.536474961745803,83.25219705759015,67
10,22.65989369389859,92.36234949551006,2023-01-19 21:36:04.064123,2023-01-20 07:27:55.563521,591.8583233,22.65989369389859,92.36234949551006,64
10,21.34739512182513,89.77159959336016,2023-01-20 07:34:40.563521,2023-01-20 10:42:10.484597,187.4986846,21.34739512182513,89.77159959336016,65
10,15.537399374337332,83.25379458711616,2023-01-20 11:54:40.484597,2023-01-20 12:22:55.484597,28.25,15.537399374337332,83.25379458711616,67
10,15.53562051172751,83.25090635121111,2023-01-20 12:23:55.484597,2023-01-20 13:07:32.737203,43.62087676666667,15.53562051172751,83.25090635121111,67
10,21.347696036169296,89.77248812874228,2023-01-20 14:10:02.737203,2023-01-20 18:21:33.781304,251.51740168333333,21.347696036169296,89.77248812874228,65
10,22.65913229707606,92.36120650480981,2023-01-20 18:35:18.781304,2023-01-21 07:49:24.143472,794.0893694666667,22.65913229707606,92.36120650480981,64
10,17.816447135336485,86.36022196582861,2023-01-21 08:28:39.143472,2023-01-21 12:24:47.006471,236.13104998333336,17.816447135336485,86.36022196582861,68
10,22.65967969402703,92.36079517859046,2023-01-21 13:03:47.006471,2023-01-21 14:01:02.006471,57.25,22.65967969402703,92.36079517859046,64
10,22.659428883288275,92.36143516724621,2023-01-21 14:02:02.006471,2023-01-22 07:47:10.542044,1065.14225955,22.659428883288275,92.36143516724621,64
10,19.125149774208012,77.60391691692234,2023-01-22 08:55:25.542044,2023-01-22 12:48:27.843892,233.0383641333333,19.125149774208012,77.60391691692234,69
10,22.659391528700944,92.3615055214585,2023-01-22 13:56:27.843892,2023-01-23 08:04:02.015542,1087.5695275,22.659391528700944,92.3615055214585,64
10,21.347603737752735,89.77192138963711,2023-01-23 08:13:47.015542,2023-01-23 12:03:46.641133,229.99375985,21.347603737752735,89.77192138963711,65
10,17.822700733604318,86.36341991158604,2023-01-23 13:37:46.641133,2023-01-23 14:13:55.953656,36.15520871666667,17.822700733604318,86.36341991158604,68
10,21.347210045977384,89.77252196827807,2023-01-23 15:01:25.953656,2023-01-23 16:59:55.953656,118.5,21.347210045977384,89.77252196827807,65
10,21.34979466679296,89.77243561389409,2023-01-23 17:00:55.953656,2023-01-23 19:39:13.213334,158.2876613,21.34979466679296,89.77243561389409,65
10,22.65970824143514,92.36149722099373,2023-01-23 19:52:43.213334,2023-01-24 07:40:35.406145,707.8698801833333,22.65970824143514,92.36149722099373,64
10,21.348050991611224,89.7714072123398,2023-01-24 07:52:20.406145,2023-01-24 11:54:05.589321,241.7530529333333,21.348050991611224,89.7714072123398,65
10,15.00425371807139,87.85069956949752,2023-01-24 13:45:05.589321,2023-01-24 14:13:35.589321,28.5,15.00425371807139,87.85069956949752,66
10,15.00337256511739,87.8511146636543,2023-01-24 14:14:35.589321,2023-01-24 14:41:15.854853,26.6710922,15.00337256511739,87.8511146636543,66
10,21.34782751431571,89.77202320347308,2023-01-24 15:57:15.854853,2023-01-24 20:39:56.875432,282.68367631666666,21.34782751431571,89.77202320347308,65
10,22.656762495749284,92.35849208078982,2023-01-24 20:53:26.875432,2023-01-24 21:06:41.875432,13.25,22.656762495749284,92.35849208078982,64
10,22.659451785539552,92.36125004665429,2023-01-24 21:07:41.875432,2023-01-25 07:02:39.762656,594.9647870666666,22.659451785539552,92.36125004665429,64
10,21.346959613401737,89.77138333143071,2023-01-25 07:14:54.762656,2023-01-25 10:39:34.670090,204.6651239,21.346959613401737,89.77138333143071,65
10,15.540800260065875,83.26149493132758,2023-01-25 13:21:04.670090,2023-01-25 13:29:04.670090,8.0,15.540800260065875,83.26149493132758,67
10,15.538864894583014,83.25045926376,2023-01-25 13:30:04.670090,2023-01-25 13:56:18.852952,26.23638103333333,15.538864894583014,83.25045926376,67
10,21.34789424160015,89.7714950298607,2023-01-25 15:02:18.852952,2023-01-25 19:51:50.453999,289.5266841166667,21.34789424160015,89.7714950298607,65
10,15.536100639425834,83.25400382721953,2023-01-25 20:37:05.453999,2023-01-25 21:44:32.425582,67.44952638333334,15.536100639425834,83.25400382721953,67
10,22.657200323249988,92.35848362317697,2023-01-25 22:43:17.425582,2023-01-25 23:29:32.425582,46.25,22.657200323249988,92.35848362317697,64
10,22.659620672100658,92.36156357202873,2023-01-25 23:30:32.425582,2023-01-26 07:57:23.933182,506.85846,22.659620672100658,92.36156357202873,64
10,21.348685594406682,89.77134144470962,2023-01-26 08:05:23.933182,2023-01-26 11:37:53.866669,212.49889145,21.348685594406682,89.77134144470962,65
10,19.125858341577313,77.6065927736577,2023-01-26 13:40:38.866669,2023-01-26 14:16:08.866669,35.5,19.125858341577313,77.6065927736577,69
10,19.123344676697833,77.60423791974368,2023-01-26 14:17:08.866669,2023-01-26 14:51:56.964317,34.801627466666666,19.123344676697833,77.60423791974368,69
10,21.348200623952014,89.77143339219515,2023-01-26 16:10:11.964317,2023-01-26 19:53:05.371620,222.89012171666667,21.348200623952014,89.77143339219515,65
10,22.659549040197895,92.36151691938007,2023-01-26 20:06:50.371620,2023-01-27 07:41:03.729340,694.2226286666667,22.659549040197895,92.36151691938007,64
10,21.34839655344321,89.77225901272281,2023-01-27 07:49:33.729340,2023-01-27 11:51:25.581963,241.86421038333336,21.34839655344321,89.77225901272281,65
10,15.539827201541884,83.2579439480004,2023-01-27 13:43:40.581963,2023-01-27 14:25:48.785483,42.13672533333333,15.539827201541884,83.2579439480004,67
10,21.34869193099194,89.77217965337641,2023-01-27 15:59:33.785483,2023-01-27 19:32:57.779297,213.3998969,21.34869193099194,89.77217965337641,65
10,22.65934211480496,92.36140454737992,2023-01-27 19:46:42.779297,2023-01-29 08:15:37.011399,2188.9038683666668,22.65934211480496,92.36140454737992,64
10,15.001864084823376,87.84922685656336,2023-01-29 09:06:22.011399,2023-01-29 12:50:23.712009,224.0283435,15.001864084823376,87.84922685656336,66
10,22.65908257076928,92.36144291829669,2023-01-29 13:41:08.712009,2023-01-30 08:20:28.531859,1119.3303308333334,22.65908257076928,92.36144291829669,64
10,21.347707781579498,89.77015088231919,2023-01-30 08:29:13.531859,2023-01-30 12:28:17.325203,239.0632224,21.347707781579498,89.77015088231919,65
10,15.007454229082537,87.85113531103256,2023-01-30 13:53:32.325203,2023-01-30 14:03:02.325203,9.5,15.007454229082537,87.85113531103256,66
10,15.002072735097553,87.84810836243985,2023-01-30 14:04:02.325203,2023-01-30 15:18:38.672549,74.6057891,15.002072735097553,87.84810836243985,66
10,21.346668782544704,89.77083510066866,2023-01-30 16:06:53.672549,2023-01-30 16:12:08.672549,5.25,21.346668782544704,89.77083510066866,65
10,21.347553834110286,89.77186512020626,2023-01-30 16:13:08.672549,2023-01-30 20:32:41.532542,259.54766655,21.347553834110286,89.77186512020626,65
10,22.657217223788646,92.36053512358879,2023-01-30 20:45:56.532542,2023-01-30 21:58:11.532542,72.25,22.657217223788646,92.36053512358879,64
10,22.659388067911692,92.36163818055063,2023-01-30 21:59:11.532542,2023-01-31 08:41:02.602450,641.8511651333333,22.659388067911692,92.36163818055063,64
10,21.34729052925262,89.7712829490922,2023-01-31 08:47:47.602450,2023-01-31 12:38:15.132251,230.45883001666667,21.34729052925262,89.7712829490922,65
10,15.539773887855384,83.25427137198017,2023-01-31 13:59:45.132251,2023-01-31 14:40:35.473502,40.83902085,15.539773887855384,83.25427137198017,67
10,21.34788154387039,89.77184024277739,2023-01-31 16:21:20.473502,2023-01-31 20:21:30.069501,240.15993331666667,21.34788154387039,89.77184024277739,65
10,22.659456507815754,92.35851082450353,2023-01-31 20:35:00.069501,2023-01-31 21:15:15.069501,40.25,22.659456507815754,92.35851082450353,64
10,22.659427950049245,92.36185058492582,2023-01-31 21:16:15.069501,2023-02-01 07:39:31.087387,623.2669647666667,22.659427950049245,92.36185058492582,64
10,21.34779286832803,89.77098459716777,2023-02-01 07:47:01.087387,2023-02-01 11:28:24.731961,221.3940762333333,21.34779286832803,89.77098459716777,65
10,15.00474782580472,87.84901416405962,2023-02-01 12:36:09.731961,2023-02-01 13:11:13.571824,35.06399771666667,15.00474782580472,87.84901416405962,66
10,21.347961563335375,89.77118456561873,2023-02-01 14:03:58.571824,2023-02-01 17:58:02.955896,234.0730678666667,21.347961563335375,89.77118456561873,65
10,22.659665226377065,92.35990234872008,2023-02-01 18:11:32.955896,2023-02-01 18:53:47.955896,42.25,22.659665226377065,92.35990234872008,64
10,22.659523502678482,92.36129336052677,2023-02-01 18:54:47.955896,2023-02-02 08:03:47.562920,788.9934503999999,22.659523502678482,92.36129336052677,64
10,21.348035182768577,89.77150729902043,2023-02-02 08:14:47.562920,2023-02-02 12:31:03.321541,256.2626436833333,21.348035182768577,89.77150729902043,65
10,15.537134009712382,83.25348790839077,2023-02-02 13:35:48.321541,2023-02-02 14:45:23.925577,69.5934006,15.537134009712382,83.25348790839077,67
10,21.34799340083902,89.77268538956852,2023-02-02 15:41:08.925577,2023-02-02 18:32:43.047060,171.56869138333334,21.34799340083902,89.77268538956852,65
10,22.65903333022402,92.36053684152242,2023-02-02 18:46:13.047060,2023-02-02 20:53:28.047060,127.25,22.65903333022402,92.36053684152242,64
10,22.659642639348334,92.36176061090002,2023-02-02 20:54:28.047060,2023-02-03 07:42:41.456920,648.2234976666666,22.659642639348334,92.36176061090002,64
10,21.347992658222243,89.77119514351739,2023-02-03 07:50:56.456920,2023-02-03 11:49:45.218174,238.81268756666665,21.347992658222243,89.77119514351739,65
10,15.539509947252382,83.25546270055828,2023-02-03 12:52:30.218174,2023-02-03 13:43:06.448904,50.603845500000006,15.539509947252382,83.25546270055828,67
10,21.3467680450416,89.7700264374688,2023-02-03 15:16:21.448904,2023-02-03 15:40:51.448904,24.5,21.3467680450416,89.7700264374688,65
10,21.347766260212797,89.77231378051977,2023-02-03 15:41:51.448904,2023-02-03 18:32:22.072272,170.51038946666668,21.347766260212797,89.77231378051977,65
10,22.659173861417592,92.36145157126265,2023-02-03 18:45:52.072272,2023-02-04 08:07:06.241492,801.2361536666667,22.659173861417592,92.36145157126265,64
10,19.126160510988246,77.60533209823456,2023-02-04 09:14:51.241492,2023-02-04 10:04:06.241492,49.25,19.126160510988246,77.60533209823456,69
10,19.124547548555256,77.6035675812694,2023-02-04 10:05:06.241492,2023-02-04 11:52:43.651094,107.62349336666666,19.124547548555256,77.6035675812694,69
10,22.657763014705324,92.35942685786017,2023-02-04 13:00:28.651094,2023-02-04 13:47:43.651094,47.25,22.657763014705324,92.35942685786017,64
10,22.65934752125633,92.36197588540966,2023-02-04 13:48:43.651094,2023-02-05 05:47:00.000000,958.2724817666666,22.65934752125633,92.36197588540966,64
10,22.65854082934311,92.36195571245665,2023-02-05 05:48:00.000000,2023-02-05 08:10:00.000000,142.0,22.65854082934311,92.36195571245665,64
10,22.657760613174876,92.36358547978045,2023-02-05 08:11:00.000000,2023-02-05 08:53:35.050321,42.58417201666667,22.657760613174876,92.36358547978045,64
10,15.008091910591968,87.85297348479341,2023-02-05 09:44:20.050321,2023-02-05 10:00:58.139217,16.634814933333335,15.008091910591968,87.85297348479341,66
10,22.6567382653801,92.36221888647191,2023-02-05 10:51:13.139217,2023-02-05 11:20:28.139217,29.25,22.6567382653801,92.36221888647191,64
10,22.659091816294424,92.36136398591508,2023-02-05 11:21:28.139217,2023-02-06 08:49:49.523215,1288.356399966667,22.659091816294424,92.36136398591508,64
10,21.347743184393238,89.7711262560184,2023-02-06 08:57:49.523215,2023-02-06 11:40:38.911070,162.82313091666668,21.347743184393238,89.7711262560184,65
10,17.817777473337145,86.3630991031014,2023-02-06 12:09:53.911070,2023-02-06 12:47:08.911070,37.25,17.817777473337145,86.3630991031014,68
10,17.814742387128046,86.35780136726305,2023-02-06 12:48:08.911070,2023-02-06 13:08:34.037922,20.41878086666667,17.814742387128046,86.35780136726305,68
10,21.348447578841093,89.77185837363419,2023-02-06 13:42:34.037922,2023-02-06 17:50:12.547914,247.6418332,21.348447578841093,89.77185837363419,65
10,22.659034153029523,92.3539790655537,2023-02-06 18:03:42.547914,2023-02-06 18:10:57.547914,7.25,22.659034153029523,92.3539790655537,64
10,22.659384581923163,92.36145296793079,2023-02-06 18:11:57.547914,2023-02-07 08:10:22.873865,838.4220991833333,22.659384581923163,92.36145296793079,64
10,21.348054054624818,89.77086314397458,2023-02-07 08:17:07.873865,2023-02-07 11:52:29.821501,215.3657939333333,21.348054054624818,89.77086314397458,65
10,15.537874742432992,83.25314503567544,2023-02-07 13:13:44.821501,2023-02-07 14:14:05.606446,60.34641575,15.537874742432992,83.25314503567544,67
10,21.34379843242714,89.77314450108462,2023-02-07 15:03:35.606446,2023-02-07 15:11:50.606446,8.25,21.34379843242714,89.77314450108462,65
10,21.348601986749976,89.77147414572869,2023-02-07 15:12:50.606446,2023-02-07 19:11:05.960134,238.2558948,21.348601986749976,89.77147414572869,65
10,22.659673759514536,92.3612967834685,2023-02-07 19:24:35.960134,2023-02-08 08:02:52.333942,758.2728967999999,22.659673759514536,92.3612967834685,64
10,21.34796779926905,89.77099756351112,2023-02-08 08:12:37.333942,2023-02-08 12:02:43.812205,230.10797105,21.34796779926905,89.77099756351112,65
10,19.124316791664995,77.60691678093674,2023-02-08 15:28:43.812205,2023-02-08 16:12:10.379333,43.44278546666667,19.124316791664995,77.60691678093674,69
10,21.348301919207906,89.77028248000735,2023-02-08 17:22:55.379333,2023-02-08 19:00:10.379333,97.25,21.348301919207906,89.77028248000735,65
10,21.349422407300988,89.77150683851163,2023-02-08 19:01:10.379333,2023-02-08 22:26:47.507591,205.6188043,21.349422407300988,89.77150683851163,65
10,22.6595062607432,92.36113903496421,2023-02-08 22:40:17.507591,2023-02-09 07:44:11.894603,543.9064502,22.6595062607432,92.36113903496421,64
10,21.348073800626196,89.77180974888842,2023-02-09 07:51:26.894603,2023-02-09 11:16:48.310348,205.3569290833333,21.348073800626196,89.77180974888842,65
10,15.008944421285593,87.85025993283556,2023-02-09 12:16:18.310348,2023-02-09 12:54:14.153027,37.93071131666667,15.008944421285593,87.85025993283556,66
10,21.347225165050464,89.77258648428173,2023-02-09 14:58:29.153027,2023-02-09 18:39:45.543104,221.27316795,21.347225165050464,89.77258648428173,65
10,22.659024682159043,92.36224722039229,2023-02-09 18:53:30.543104,2023-02-10 07:45:48.709382,772.3027712999999,22.659024682159043,92.36224722039229,64
10,21.347443479498512,89.77056201605703,2023-02-10 07:57:48.709382,2023-02-10 11:37:32.416456,219.7284512333333,21.347443479498512,89.77056201605703,65
10,19.124223033574967,77.60486109615684,2023-02-10 14:24:17.416456,2023-02-10 15:46:46.771980,82.48925873333333,19.124223033574967,77.60486109615684,69
10,21.346379108999642,89.76100320750032,2023-02-10 17:46:46.771980,2023-02-10 17:52:16.771980,5.5,21.346379108999642,89.76100320750032,65
10,21.348745295464234,89.77198805226527,2023-02-10 17:53:16.771980,2023-02-10 21:46:16.224695,232.9908785833333,21.348745295464234,89.77198805226527,65
10,22.654044173359697,92.36016095994515,2023-02-10 21:59:31.224695,2023-02-10 22:04:46.224695,5.25,22.654044173359697,92.36016095994515,64
10,22.659476795642853,92.36147376909787,2023-02-10 22:05:46.224695,2023-02-11 07:24:49.101650,559.04794925,22.659476795642853,92.36147376909787,64
10,15.00218159738722,87.84787605953014,2023-02-11 08:15:49.101650,2023-02-11 12:20:56.733893,245.12720405,15.00218159738722,87.84787605953014,66
10,22.65911585728081,92.3618857537547,2023-02-11 13:11:41.733893,2023-02-12 08:43:14.721922,1171.5498004833332,22.65911585728081,92.3618857537547,64
10,17.817522543044294,86.35959239651477,2023-02-12 09:22:29.721922,2023-02-12 12:05:31.213909,163.02486645,17.817522543044294,86.35959239651477,68
10,22.655889306690447,92.35538516921304,2023-02-12 12:44:31.213909,2023-02-12 12:49:46.213909,5.25,22.655889306690447,92.35538516921304,64
10,22.659337672952017,92.36127605767531,2023-02-12 12:50:46.213909,2023-02-13 07:56:02.941051,1145.2787857,22.659337672952017,92.36127605767531,64
10,21.34828968475523,89.77157895288872,2023-02-13 08:04:02.941051,2023-02-13 12:26:48.734295,262.76322073333336,21.34828968475523,89.77157895288872,65
10,17.8188366121694,86.3608416800046,2023-02-13 13:07:03.734295,2023-02-13 14:07:26.687551,60.382554266666666,17.8188366121694,86.3608416800046,68
10,21.345127215527853,89.77040882124625,2023-02-13 14:58:41.687551,2023-02-13 15:32:11.687551,33.5,21.345127215527853,89.77040882124625,65
10,21.348229751760186,89.77094400036623,2023-02-13 15:33:11.687551,2023-02-13 19:26:03.911944,232.87040655,21.348229751760186,89.77094400036623,65
10,22.6590075804601,92.36145471428607,2023-02-13 19:39:33.911944,2023-02-14 08:04:28.381412,744.9078244666667,22.6590075804601,92.36145471428607,64
10,21.348541019404323,89.7713671595802,2023-02-14 08:15:28.381412,2023-02-14 11:46:47.723927,211.32237525,21.348541019404323,89.7713671595802,65
10,17.818527403290183,86.36498947515612,2023-02-14 12:47:47.723927,2023-02-14 13:56:51.842200,69.06863788333334,17.818527403290183,86.36498947515612,68
10,21.34788224462421,89.77233440455842,2023-02-14 14:52:51.842200,2023-02-14 18:19:30.970809,206.65214348333333,21.34788224462421,89.77233440455842,65
10,19.12409414310988,77.60639780353543,2023-02-14 19:14:15.970809,2023-02-14 19:39:06.718345,24.845792266666667,19.12409414310988,77.60639780353543,69
10,22.659241740717984,92.36188979571182,2023-02-14 20:47:06.718345,2023-02-15 08:23:10.495537,696.0629532,22.659241740717984,92.36188979571182,64
10,21.347562370072914,89.77109576105053,2023-02-15 08:30:55.495537,2023-02-15 12:33:06.367424,242.18119811666665,21.347562370072914,89.77109576105053,65
10,15.537502634930707,83.25480375616773,2023-02-15 13:57:06.367424,2023-02-15 15:07:30.243418,70.39793323333333,15.537502634930707,83.25480375616773,67
10,21.34289478880386,89.76705191110017,2023-02-15 16:09:45.243418,2023-02-15 16:21:00.243418,11.25,21.34289478880386,89.76705191110017,65
10,21.34850713234701,89.7708686281623,2023-02-15 16:22:00.243418,2023-02-15 20:00:50.661679,218.84030435000005,21.34850713234701,89.7708686281623,65
10,22.65927171636509,92.36185106563045,2023-02-15 20:14:20.661679,2023-02-16 08:17:46.941936,723.4380042833333,22.65927171636509,92.36185106563045,64
10,21.347787795246706,89.77126231410658,2023-02-16 08:29:46.941936,2023-02-16 11:31:36.299543,181.82262678333333,21.347787795246706,89.77126231410658,65
10,17.819252914848278,86.36229028537012,2023-02-16 11:57:51.299543,2023-02-16 13:06:57.031306,69.09552938333333,17.819252914848278,86.36229028537012,68
10,21.347955538185367,89.77156265930742,2023-02-16 13:52:57.031306,2023-02-16 17:44:10.250450,231.2203190666667,21.347955538185367,89.77156265930742,65
10,22.659104638153373,92.35977178706428,2023-02-16 17:57:40.250450,2023-02-16 18:31:55.250450,34.25,22.659104638153373,92.35977178706428,64
10,22.659302570193994,92.36154468310154,2023-02-16 18:32:55.250450,2023-02-17 08:36:49.123302,843.8978808666667,22.659302570193994,92.36154468310154,64
10,21.347940340914498,89.77159268902325,2023-02-17 08:46:04.123302,2023-02-17 13:17:18.384017,271.2376785833333,21.347940340914498,89.77159268902325,65
10,17.823191472017065,86.36813005326016,2023-02-17 14:01:03.384017,2023-02-17 14:07:33.384017,6.5,17.823191472017065,86.36813005326016,68
10,17.816006602032946,86.3593877987974,2023-02-17 14:08:33.384017,2023-02-17 15:11:12.958331,62.6595719,17.816006602032946,86.3593877987974,68
10,21.3495121944319,89.771663991799,2023-02-17 16:29:57.958331,2023-02-17 17:26:27.958331,56.5,21.3495121944319,89.771663991799,65
10,21.348904869190523,89.77140098800783,2023-02-17 17:27:27.958331,2023-02-17 20:37:23.250135,189.92153006666663,21.348904869190523,89.77140098800783,65
10,15.00190929567452,87.84933360320491,2023-02-17 21:17:08.250135,2023-02-17 22:04:50.021114,47.69618298333333,15.00190929567452,87.84933360320491,66
10,22.65934204444377,92.36186027517903,2023-02-17 22:55:35.021114,2023-02-18 07:54:07.288751,538.53779395,22.65934204444377,92.36186027517903,64
10,19.12435803284129,77.60310607465755,2023-02-18 09:02:22.288751,2023-02-18 10:57:27.753966,115.09108691666668,19.12435803284129,77.60310607465755,69
10,22.658877320184207,92.35948890463918,2023-02-18 12:05:12.753966,2023-02-18 12:31:27.753966,26.25,22.658877320184207,92.35948890463918,64
10,22.659658471684292,92.36132133681784,2023-02-18 12:32:27.753966,2023-02-20 07:28:37.812711,2576.16764575,22.659658471684292,92.36132133681784,64
10,21.34806433349668,89.77125409809763,2023-02-20 07:37:07.812711,2023-02-20 10:37:17.043791,180.1538513333333,21.34806433349668,89.77125409809763,65
10,15.538447126016933,83.25473386150787,2023-02-20 11:53:47.043791,2023-02-20 12:29:02.043791,35.25,15.538447126016933,83.25473386150787,67
10,15.539426554229465,83.25782135297442,2023-02-20 12:30:02.043791,2023-02-20 12:41:30.366893,11.4720517,15.539426554229465,83.25782135297442,67
10,21.344010322065827,89.7701023302443,2023-02-20 13:38:00.366893,2023-02-20 13:49:15.366893,11.25,21.344010322065827,89.7701023302443,65
10,21.34933586747192,89.77158192187075,2023-02-20 13:50:15.366893,2023-02-20 17:24:09.650131,213.9047206333333,21.34933586747192,89.77158192187075,65
10,22.659820469287197,92.36193165234025,2023-02-20 17:37:39.650131,2023-02-21 07:57:09.277398,859.4937877833333,22.659820469287197,92.36193165234025,64
10,21.34777200653445,89.77218485106549,2023-02-21 08:06:39.277398,2023-02-21 12:26:36.928648,259.9608541666667,21.34777200653445,89.77218485106549,65
10,17.825266860522234,86.36358209483419,2023-02-21 14:09:36.928648,2023-02-21 14:16:36.928648,7.0,17.825266860522234,86.36358209483419,68
10,17.81779840053257,86.36071642596725,2023-02-21 14:17:36.928648,2023-02-21 15:15:42.575471,58.09411371666667,17.81779840053257,86.36071642596725,68
10,21.34300753646143,89.76615202667381,2023-02-21 15:45:12.575471,2023-02-21 15:51:27.575471,6.25,21.34300753646143,89.76615202667381,65
10,21.347855366188266,89.7716540746379,2023-02-21 15:52:27.575471,2023-02-21 19:51:56.796917,239.4870241,21.347855366188266,89.7716540746379,65
10,15.00536166526424,87.84832567799477,2023-02-21 20:31:11.796917,2023-02-21 20:51:26.796917,20.25,15.00536166526424,87.84832567799477,66
10,14.997717293284797,87.84975607928328,2023-02-21 20:52:26.796917,2023-02-21 21:08:07.854532,15.684293583333334,14.997717293284797,87.84975607928328,66
10,22.659573960800486,92.36132654139894,2023-02-21 21:59:07.854532,2023-02-22 08:33:14.442961,634.10980715,22.659573960800486,92.36132654139894,64
10,21.348568578066114,89.77171632010544,2023-02-22 08:41:44.442961,2023-02-22 12:27:36.436478,225.86655861666668,21.348568578066114,89.77171632010544,65
10,15.004094586221704,87.84757457420942,2023-02-22 13:31:36.436478,2023-02-22 13:39:51.436478,8.25,15.004094586221704,87.84757457420942,66
10,15.002650982925102,87.84952660038797,2023-02-22 13:40:51.436478,2023-02-22 14:40:32.629459,59.68654968333333,15.002650982925102,87.84952660038797,66
10,21.346058164839963,89.77314487984721,2023-02-22 15:31:47.629459,2023-02-22 16:13:02.629459,41.25,21.346058164839963,89.77314487984721,65
10,21.3474489547495,89.77120093061109,2023-02-22 16:14:02.629459,2023-02-22 19:41:39.538077,207.61514363333333,21.3474489547495,89.77120093061109,65
10,22.65901925187616,92.36159935336667,2023-02-22 19:55:09.538077,2023-02-22 23:58:09.538077,243.0,22.65901925187616,92.36159935336667,64
