user_id,stay_lat,stay_lon,arrival_time,departure_time,dwell_time_minutes
1,39.92491321579597,116.53274699209582,2023-01-01 00:00:00.000000,2023-01-01 06:47:04.609533,407.07682554999997
1,39.93924462850933,116.23512651342611,2023-01-01 08:02:19.609533,2023-01-01 08:08:34.609533,6.25
1,39.93917512671379,116.23500114768453,2023-01-01 08:09:34.609533,2023-01-01 12:49:11.657768,279.61747058333333
1,39.92492610803045,116.53261963324135,2023-01-01 14:04:26.657768,2023-01-01 14:12:41.657768,8.25
1,39.924914119538,116.53274717075548,2023-01-01 14:13:41.657768,2023-01-01 17:34:41.657768,201.0
1,39.92490774897734,116.53274643393881,2023-01-01 17:35:41.657768,2023-01-02 08:03:32.668672,867.8501817333333
1,39.878080271892195,116.49933031540897,2023-01-02 08:17:02.668672,2023-01-02 11:49:11.064148,212.1399246
1,39.87857779502289,116.42789507184202,2023-01-02 12:14:11.064148,2023-01-02 13:51:00.912202,96.8308009
1,39.878092645950964,116.4993126147097,2023-01-02 14:54:00.912202,2023-01-02 19:38:58.930376,284.9669695666667
1,39.94182864675924,116.31677468199352,2023-01-02 20:29:28.930376,2023-01-02 21:09:21.998070,39.884461566666666
1,39.92490991664927,116.53275215340126,2023-01-02 22:03:51.998070,2023-01-03 04:19:00.000000,375.13336549999997
1,39.9249008037399,116.53275496292243,2023-01-03 04:20:00.000000,2023-01-03 07:04:34.201157,164.57001928333332
1,39.878079106709734,116.49932242295134,2023-01-03 07:18:34.201157,2023-01-03 11:06:14.944973,227.6790636
1,39.93907076766856,116.23515103114877,2023-01-03 15:07:59.944973,2023-01-03 15:18:59.944973,11.0
1,39.939148442547086,116.23502408859268,2023-01-03 15:19:59.944973,2023-01-03 16:14:46.657700,54.77854545
1,39.87807203057816,116.4993216171171,2023-01-03 18:16:01.657700,2023-01-03 18:55:16.657700,39.25
1,39.878098664117964,116.49931760654489,2023-01-03 18:56:16.657700,2023-01-03 22:20:55.210050,204.64253916666667
1,39.924902987475974,116.53274949987508,2023-01-03 22:38:25.210050,2023-01-04 07:09:41.537800,511.2721291666667
1,39.87809024322866,116.49933000409732,2023-01-04 07:25:26.537800,2023-01-04 11:36:45.907564,251.3228294
1,40.0377052536428,116.20028491505742,2023-01-04 13:32:00.907564,2023-01-04 14:45:00.544303,72.99394564999999
1,39.87809193382877,116.49933118324132,2023-01-04 20:41:15.544303,2023-01-04 23:08:00.544303,146.75
1,39.87806914570635,116.49932744195561,2023-01-04 23:09:00.544303,2023-01-04 23:59:00.544303,50.0
1,39.92486746544984,116.53268219858609,2023-01-05 02:47:41.570346,2023-01-05 03:02:00.000000,14.307160900000001
1,39.92491387068719,116.53274882409836,2023-01-05 03:03:00.000000,2023-01-05 07:56:21.210052,293.35350086666665
1,39.87808647005684,116.49932232966204,2023-01-05 08:12:51.210052,2023-01-05 12:26:29.418907,253.63681425000001
1,39.939112480855535,116.23502742155308,2023-01-05 13:53:44.418907,2023-01-05 14:13:59.418907,20.25
1,39.93917363767748,116.23499873777924,2023-01-05 14:14:59.418907,2023-01-05 14:59:44.888929,44.7578337
1,39.878100704588626,116.49932122676996,2023-01-05 17:53:29.888929,2023-01-05 22:01:44.495580,248.24344418333334
1,39.94179373765954,116.3168307720766,2023-01-05 22:52:14.495580,2023-01-05 23:09:29.495580,17.25
1,39.94183073677632,116.31679612699867,2023-01-05 23:10:29.495580,2023-01-06 00:00:30.634939,50.01898931666666
1,39.9249050351638,116.53274717980067,2023-01-06 00:55:00.000000,2023-01-06 07:37:40.431008,402.6738501333333
1,39.87807051821282,116.49932195887193,2023-01-06 07:49:25.431008,2023-01-06 12:03:02.123223,253.61153691666667
1,39.941842051689115,116.31694784328884,2023-01-06 13:06:47.123223,2023-01-06 13:13:02.123223,6.25
1,39.941855280473796,116.3167952301905,2023-01-06 13:14:02.123223,2023-01-06 14:14:06.822512,60.07832148333333
1,39.87809071202564,116.49931152760882,2023-01-06 17:28:06.822512,2023-01-06 18:48:51.822512,80.75
1,39.87808103868954,116.49934210128968,2023-01-06 18:49:51.822512,2023-01-06 21:08:58.811942,139.1164905
1,39.92482660384119,116.53269282257348,2023-01-06 21:25:58.811942,2023-01-06 21:32:13.811942,6.25
1,39.92491483810334,116.53275491874416,2023-01-06 21:33:13.811942,2023-01-07 07:45:12.187165,611.9729203833334
1,39.94186298190507,116.31680557918332,2023-01-07 08:39:42.187165,2023-01-07 09:55:57.187165,76.25
1,39.94185037317537,116.31680089425701,2023-01-07 09:56:57.187165,2023-01-07 11:02:15.886305,65.31165233333334
1,39.92490725834984,116.53274900964075,2023-01-07 11:57:00.886305,2023-01-09 08:31:28.833315,2674.4657835000003
1,39.878082099289955,116.4993072560082,2023-01-09 08:46:13.833315,2023-01-09 13:04:14.191683,258.0059728
1,40.03764606551584,116.20044702624111,2023-01-09 17:55:29.191683,2023-01-09 18:04:14.191683,8.75
1,40.037694637684616,116.20028647397444,2023-01-09 18:05:14.191683,2023-01-09 18:51:25.272272,46.184676483333334
1,39.87806299362629,116.49933169084186,2023-01-09 21:21:25.272272,2023-01-09 23:59:40.272272,158.25
1,39.92491027141151,116.53274680042539,2023-01-10 01:30:00.000000,2023-01-10 07:29:37.773409,359.6295568166667
1,39.87809563827637,116.49932840952013,2023-01-10 07:40:37.773409,2023-01-10 12:28:00.737219,287.3827301666667
1,39.86127462840311,116.45276183387968,2023-01-10 12:59:30.737219,2023-01-10 13:18:00.737219,18.5
1,39.86128831887324,116.452680244837,2023-01-10 13:19:00.737219,2023-01-10 14:09:35.135131,50.57329853333333
1,39.878103636230904,116.49931924040251,2023-01-10 14:24:50.135131,2023-01-10 18:38:42.343633,253.8701417
1,39.92491051456179,116.53275424071889,2023-01-10 18:55:57.343633,2023-01-11 08:08:56.411178,792.9844590833333
1,39.87808254899833,116.49931067775677,2023-01-11 08:20:11.411178,2023-01-11 12:23:08.115708,242.9450755
1,39.93914944529839,116.23499851898094,2023-01-11 13:44:53.115708,2023-01-11 14:34:16.323183,49.38679125
1,39.878081361644206,116.49934358325828,2023-01-11 16:46:16.323183,2023-01-11 20:50:14.249464,243.96543801666667
1,39.92490802912317,116.53274641933228,2023-01-11 21:07:29.249464,2023-01-12 08:21:10.725611,673.6912691166667
1,39.878079510309114,116.49932707176043,2023-01-12 08:33:55.725611,2023-01-12 12:29:29.745639,235.56700046666668
1,39.94183107192654,116.31687715609216,2023-01-12 14:07:14.745639,2023-01-12 14:51:33.787518,44.317364649999995
1,39.87809152918275,116.49932813820111,2023-01-12 17:11:18.787518,2023-01-12 21:19:24.328190,248.09234453333332
1,39.92486908720674,116.53274743507733,2023-01-12 21:36:39.328190,2023-01-12 22:25:54.328190,49.25
1,39.92491765251508,116.53275351281779,2023-01-12 22:26:54.328190,2023-01-13 08:22:39.423961,595.7515961833334
1,39.878086444365024,116.49931914771005,2023-01-13 08:37:09.423961,2023-01-13 12:52:05.160144,254.92893638333334
1,39.878580237565444,116.4278800780379,2023-01-13 13:13:35.160144,2023-01-13 14:14:11.486396,60.60543753333333
1,39.878087233309095,116.49932515488464,2023-01-13 14:53:56.486396,2023-01-13 19:32:16.746069,278.3376612166667
1,39.94188500342423,116.31682862012451,2023-01-13 20:23:01.746069,2023-01-13 20:43:22.734135,20.349801099999997
1,39.92491110651273,116.53274731414771,2023-01-13 21:38:07.734135,2023-01-15 08:07:58.019699,2069.8380927333333
1,39.93915666889151,116.23508441022318,2023-01-15 09:23:28.019699,2023-01-15 09:37:43.019699,14.25
1,39.93917631880647,116.23498042008757,2023-01-15 09:38:43.019699,2023-01-15 13:17:28.595947,218.7596041333333
1,39.92491035370631,116.53276248551059,2023-01-15 14:32:58.595947,2023-01-15 15:24:13.595947,51.25
1,39.9249071052213,116.53275263095995,2023-01-15 15:25:13.595947,2023-01-16 08:00:12.430197,994.9805708333333
1,39.878087431791634,116.49932186878799,2023-01-16 08:10:27.430197,2023-01-16 12:30:21.549057,259.90198100000003
1,39.86131990233107,116.45281094349929,2023-01-16 12:43:51.549057,2023-01-16 13:46:25.785627,62.5706095
1,39.8781292682837,116.49911059669776,2023-01-16 14:32:10.785627,2023-01-16 14:37:55.785627,5.75
1,39.878081788609315,116.49931921299105,2023-01-16 14:38:55.785627,2023-01-16 18:38:54.481551,239.9782654
1,39.954904363742926,116.35128538188877,2023-01-16 19:23:39.481551,2023-01-16 19:33:54.481551,10.25
1,39.95498702698625,116.35121361361836,2023-01-16 19:34:54.481551,2023-01-16 20:06:56.189651,32.028468333333336
1,39.92489650188072,116.5327541203991,2023-01-16 20:53:41.189651,2023-01-17 08:07:50.294114,674.15174105
1,39.87809259080508,116.49932549425577,2023-01-17 08:18:20.294114,2023-01-17 12:01:47.092249,223.44663558333332
1,39.87856596393428,116.42786527711284,2023-01-17 12:31:47.092249,2023-01-17 13:13:36.402851,41.82184336666667
1,39.87807484111436,116.4993272791138,2023-01-17 13:37:36.402851,2023-01-17 17:53:48.221622,256.19697951666666
1,39.92474524017844,116.53271461492606,2023-01-17 18:11:03.221622,2023-01-17 18:16:18.221622,5.25
1,39.92490850151165,116.53274627537532,2023-01-17 18:17:18.221622,2023-01-18 08:20:58.431947,843.6701720833333
1,39.87807369549636,116.49932340755275,2023-01-18 08:31:13.431947,2023-01-18 11:34:59.040762,183.76014691666666
1,39.939128541791625,116.23505186727893,2023-01-18 13:16:44.040762,2023-01-18 14:07:03.107282,50.31777533333333
1,39.878102408088935,116.49932960951999,2023-01-18 15:29:03.107282,2023-01-18 17:17:18.107282,108.25
1,39.878082572351694,116.49932864106076,2023-01-18 17:18:18.107282,2023-01-18 19:19:44.379437,121.43786924999999
1,39.924909849196595,116.53275411892042,2023-01-18 19:36:59.379437,2023-01-19 08:28:50.007038,771.84379335
1,39.87807333182354,116.49933082761059,2023-01-19 08:39:35.007038,2023-01-19 12:56:04.897049,256.49816685
1,40.03771186737038,116.20034853196898,2023-01-19 15:11:04.897049,2023-01-19 15:55:10.966816,44.10116278333333
1,39.878054281597414,116.49934195339002,2023-01-19 18:16:40.966816,2023-01-19 18:48:55.966816,32.25
1,39.87807038588058,116.49933382170993,2023-01-19 18:49:55.966816,2023-01-19 21:54:57.920803,185.03256645000002
1,39.86129544914408,116.45267424625027,2023-01-19 22:07:27.920803,2023-01-19 23:05:31.121506,58.05334505
1,39.92491624919357,116.5327527109593,2023-01-19 23:34:16.121506,2023-01-20 07:53:56.883751,499.67937075000003
1,39.878093105605146,116.49932514040484,2023-01-20 08:04:11.883751,2023-01-20 11:13:56.786014,189.74837105
1,39.9391636039074,116.23503814073464,2023-01-20 13:00:56.786014,2023-01-20 14:04:18.420840,63.36058043333333
1,39.87808143721664,116.49933856815284,2023-01-20 16:28:03.420840,2023-01-20 18:10:18.420840,102.25
1,39.878079792815925,116.4993585824596,2023-01-20 18:11:18.420840,2023-01-20 20:06:51.477222,115.5509397
1,39.92491302635222,116.53275511676009,2023-01-20 20:24:06.477222,2023-01-22 07:19:40.059515,2095.5597048833333
1,39.9549487660994,116.3512448498656,2023-01-22 08:06:10.059515,2023-01-22 08:16:25.059515,10.25
1,39.954944094194715,116.35118445670213,2023-01-22 08:17:25.059515,2023-01-22 09:49:52.514712,92.45758661666667
1,39.9249556964088,116.53265399748072,2023-01-22 10:36:22.514712,2023-01-22 10:42:37.514712,6.25
1,39.92490774910877,116.53275994603746,2023-01-22 10:43:37.514712,2023-01-23 07:54:31.444248,1270.8988256
1,39.878077210295416,116.49931130811343,2023-01-23 08:04:16.444248,2023-01-23 12:58:38.437869,294.36656035000004
1,39.878566309419455,116.4278827171926,2023-01-23 13:28:38.437869,2023-01-23 14:45:37.865931,76.9904677
1,39.87809727760977,116.49920272330483,2023-01-23 15:21:22.865931,2023-01-23 15:30:52.865931,9.5
1,39.87810276636201,116.49933788336018,2023-01-23 15:31:52.865931,2023-01-23 19:07:05.320022,215.20756818333334
1,39.92490274196489,116.53275271033581,2023-01-23 19:24:20.320022,2023-01-24 08:51:29.258191,807.1489694833333
1,39.878090682793115,116.4993149374271,2023-01-24 09:01:59.258191,2023-01-24 13:03:18.228370,241.31616965
1,39.93907639965498,116.23509823441792,2023-01-24 17:41:03.228370,2023-01-24 17:47:48.228370,6.75
1,39.939169929088685,116.23501873433835,2023-01-24 17:48:48.228370,2023-01-24 18:55:15.697719,66.45782248333333
1,39.8780870769178,116.49932190578357,2023-01-24 21:43:15.697719,2023-01-24 23:59:45.697719,136.5
1,39.924881145107875,116.53271497262212,2023-01-25 05:58:49.106260,2023-01-25 06:14:00.000000,15.181562333333334
1,39.92490097887611,116.53275895827117,2023-01-25 06:15:00.000000,2023-01-25 07:55:13.936583,100.23227638333333
1,39.878089623110604,116.49932647739391,2023-01-25 08:04:13.936583,2023-01-25 12:32:47.926974,268.56650651666666
1,39.878583486651074,116.42786173211414,2023-01-25 13:11:02.926974,2023-01-25 14:10:20.716685,59.296495183333334
1,39.87808728581336,116.49932727999536,2023-01-25 14:35:35.716685,2023-01-25 18:23:10.116021,227.57332226666668
1,39.92479909115818,116.5327814278534,2023-01-25 18:40:25.116021,2023-01-25 18:53:40.116021,13.25
1,39.92491391100855,116.53274833973664,2023-01-25 18:54:40.116021,2023-01-26 08:23:45.389588,809.0878927833332
1,39.87808997113645,116.49933340788458,2023-01-26 08:36:00.389588,2023-01-26 12:48:06.245987,252.09760665000002
1,39.941836004264786,116.31689775882063,2023-01-26 13:49:36.245987,2023-01-26 14:35:29.672694,45.89044511666667
1,39.878087898096666,116.49933211790412,2023-01-26 16:02:29.672694,2023-01-26 20:30:56.844478,268.4528630666667
1,39.92491380574361,116.53275246307241,2023-01-26 20:48:11.844478,2023-01-27 07:48:28.542649,660.2783028499999
1,39.878090663690145,116.49932617787631,2023-01-27 08:02:43.542649,2023-01-27 12:01:06.681114,238.38564108333333
1,39.86131467293196,116.45269812720906,2023-01-27 12:17:51.681114,2023-01-27 13:10:06.681114,52.25
1,39.86125217744005,116.45264032250418,2023-01-27 13:11:06.681114,2023-01-27 13:17:08.609273,6.032135983333333
1,39.87808942468767,116.49930399699308,2023-01-27 13:33:53.609273,2023-01-27 16:57:34.253187,203.67739856666668
1,39.886672529210045,116.30662401661557,2023-01-27 17:46:04.253187,2023-01-27 17:54:19.253187,8.25
1,39.886681975177495,116.30652237436614,2023-01-27 17:55:19.253187,2023-01-27 18:32:49.549187,37.504933333333334
1,39.924913990275165,116.53271642659035,2023-01-27 19:31:19.549187,2023-01-27 20:22:34.549187,51.25
1,39.92491201827938,116.53275002311611,2023-01-27 20:23:34.549187,2023-01-29 07:57:48.649604,2134.23500695
1,39.87861926303487,116.42785657252423,2023-01-29 08:28:03.649604,2023-01-29 08:35:18.649604,7.25
1,39.87858058307641,116.42781832534008,2023-01-29 08:36:18.649604,2023-01-29 10:20:31.291093,104.21069148333332
1,39.924864597346435,116.53277133703727,2023-01-29 10:50:31.291093,2023-01-29 11:22:46.291093,32.25
1,39.92491187415497,116.5327503670307,2023-01-29 11:23:46.291093,2023-01-30 06:51:29.203646,1167.7152092166666
1,39.878094575399814,116.49933403951886,2023-01-30 07:05:14.203646,2023-01-30 11:55:16.145903,290.03237095
1,39.9418081378339,116.31677232594038,2023-01-30 12:52:01.145903,2023-01-30 13:06:16.145903,14.25
1,39.94184581227824,116.31679385948402,2023-01-30 13:07:16.145903,2023-01-30 14:15:59.756446,68.72684238333333
1,39.87809436248281,116.49931676039235,2023-01-30 16:46:59.756446,2023-01-30 20:44:02.042122,237.0380946
1,39.92492963011718,116.53272557432123,2023-01-30 21:01:02.042122,2023-01-30 21:15:17.042122,14.25
1,39.92490555570267,116.53275037939865,2023-01-30 21:16:17.042122,2023-01-31 07:15:21.091889,599.0674961166666
1,39.878088162169576,116.49932823897495,2023-01-31 07:27:21.091889,2023-01-31 11:43:24.176118,256.05140381666666
1,39.939144964287664,116.23502821239518,2023-01-31 13:06:09.176118,2023-01-31 14:24:41.887949,78.54519718333333
1,39.87809317254113,116.49931914597192,2023-01-31 15:52:11.887949,2023-01-31 17:08:26.887949,76.25
1,39.878074232910926,116.49932635213322,2023-01-31 17:09:26.887949,2023-01-31 20:10:18.224037,180.85560146666666
1,39.924900226397895,116.53274531505183,2023-01-31 20:27:48.224037,2023-02-01 08:54:41.332019,746.8851330333333
1,39.87808911805886,116.49931443678574,2023-02-01 09:03:56.332019,2023-02-01 12:55:57.368771,232.0172792
1,39.941814511620194,116.31683223922018,2023-02-01 14:41:27.368771,2023-02-01 15:51:57.368771,70.5
1,39.94193450324561,116.31678947402544,2023-02-01 15:52:57.368771,2023-02-01 16:06:15.697270,13.305474983333333
1,39.87808494592601,116.49935086324687,2023-02-01 17:38:00.697270,2023-02-01 21:09:05.361856,211.07774310000002
1,39.92490601096041,116.53274977422454,2023-02-01 21:26:35.361856,2023-02-02 08:18:44.733636,652.1561963333334
1,39.87809394975399,116.49932150464618,2023-02-02 08:28:44.733636,2023-02-02 12:53:19.342709,264.5768178833333
1,39.94182110074544,116.31686636537603,2023-02-02 14:40:19.342709,2023-02-02 15:31:44.635793,51.4215514
1,39.87807889425071,116.49931432815225,2023-02-02 16:52:29.635793,2023-02-02 21:04:47.294388,252.2943099166667
1,39.861249586735816,116.45267770771709,2023-02-02 21:17:17.294388,2023-02-02 21:45:18.019801,28.012090216666664
1,39.92490641448253,116.53274907626576,2023-02-02 22:14:03.019801,2023-02-03 08:00:40.688330,586.6278088166667
1,39.878223051980136,116.49932990214378,2023-02-03 08:14:40.688330,2023-02-03 08:28:55.688330,14.25
1,39.87808484964121,116.49933384402112,2023-02-03 08:29:55.688330,2023-02-03 11:51:00.093546,201.07342026666666
1,39.87858320585544,116.42794415118595,2023-02-03 12:25:00.093546,2023-02-03 12:33:30.093546,8.5
1,39.87857865696548,116.42781536388881,2023-02-03 12:34:30.093546,2023-02-03 13:49:58.887218,75.47989453333334
1,39.8780786362656,116.49931511502203,2023-02-03 14:34:58.887218,2023-02-03 18:05:29.315391,210.50713621666668
1,39.92490218524629,116.53274267143996,2023-02-03 18:22:59.315391,2023-02-04 08:27:30.049874,844.5122413833334
1,40.03762331422258,116.20032653692452,2023-02-04 09:59:30.049874,2023-02-04 10:08:45.049874,9.25
1,40.03771301259518,116.20027987828917,2023-02-04 10:09:45.049874,2023-02-04 13:19:43.450241,189.97333945
1,39.924906771149985,116.5327424147171,2023-02-04 14:51:43.450241,2023-02-04 15:24:58.450241,33.25
1,39.924908808194324,116.53274956557766,2023-02-04 15:25:58.450241,2023-02-05 07:08:55.358583,942.9484723666667
1,39.87864512981853,116.42790244214491,2023-02-05 07:38:55.358583,2023-02-05 07:46:10.358583,7.25
1,39.87856068497308,116.42782769141124,2023-02-05 07:47:10.358583,2023-02-05 10:45:47.074672,178.61193481666666
1,39.92490637007493,116.53275312896781,2023-02-05 11:16:02.074672,2023-02-06 07:58:16.761139,1242.24477445
1,39.87808353509204,116.4993187077116,2023-02-06 08:14:31.761139,2023-02-06 10:50:37.002870,156.08736218333334
1,39.93916106903036,116.23504983703194,2023-02-06 12:30:52.002870,2023-02-06 13:43:16.520463,72.40862655
1,39.878071500046346,116.49933214658496,2023-02-06 15:09:01.520463,2023-02-06 19:18:50.513957,249.81655823333332
1,39.9391597190991,116.23513197507633,2023-02-06 20:28:35.513957,2023-02-06 20:34:50.513957,6.25
1,39.93915779243182,116.23499156414954,2023-02-06 20:35:50.513957,2023-02-06 21:38:11.903750,62.356496549999996
1,39.92490578503314,116.53274837667506,2023-02-06 22:53:41.903750,2023-02-07 01:00:00.000000,126.30160416666666
1,39.92491287234093,116.53274841765092,2023-02-07 01:01:00.000000,2023-02-07 08:34:12.965461,453.21609101666667
1,39.87806383046203,116.4993222800703,2023-02-07 08:43:27.965461,2023-02-07 13:11:00.966203,267.5500123666667
1,39.87857419793309,116.42784803570423,2023-02-07 13:30:15.966203,2023-02-07 14:45:19.496666,75.05884105
1,39.87809996517189,116.49932123724024,2023-02-07 15:06:49.496666,2023-02-07 16:56:04.496666,109.25
1,39.87809775634383,116.49935084335009,2023-02-07 16:57:04.496666,2023-02-07 18:39:42.260448,102.62939636666667
1,39.92490919899278,116.53275033638411,2023-02-07 18:56:57.260448,2023-02-08 07:28:52.078403,751.9136325833333
1,39.878217233548334,116.49938438878,2023-02-08 07:44:22.078403,2023-02-08 07:50:37.078403,6.25
1,39.87808792197659,116.49934050193062,2023-02-08 07:51:37.078403,2023-02-08 12:10:15.223472,258.63575115
1,39.93913427079854,116.23502027874517,2023-02-08 13:36:45.223472,2023-02-08 14:44:50.289280,68.08443013333333
1,39.87812447575657,116.49928857092765,2023-02-08 16:00:35.289280,2023-02-08 16:25:50.289280,25.25
1,39.87809091982422,116.49933570692222,2023-02-08 16:26:50.289280,2023-02-08 19:19:52.380673,173.03485655
1,40.037711639524915,116.20031164170783,2023-02-08 20:52:37.380673,2023-02-08 21:40:19.756980,47.706271783333335
1,39.92490523385874,116.53275428623652,2023-02-08 23:12:19.756980,2023-02-09 08:09:05.513727,536.76261245
1,39.87807536548094,116.4993421908953,2023-02-09 08:20:05.513727,2023-02-09 11:48:27.876678,208.37271585
1,39.87858700680698,116.42786055725311,2023-02-09 12:25:27.876678,2023-02-09 13:15:57.876678,50.5
1,39.87854356236012,116.42781611260128,2023-02-09 13:16:57.876678,2023-02-09 13:30:22.320324,13.4073941
1,39.87814247092154,116.49902369450322,2023-02-09 14:02:07.320324,2023-02-09 14:07:37.320324,5.5
1,39.87809765296147,116.49932921488727,2023-02-09 14:08:37.320324,2023-02-09 17:15:25.314391,186.79990111666666
1,39.86130273294811,116.45261464998782,2023-02-09 17:27:55.314391,2023-02-09 17:42:41.955831,14.777357333333333
1,39.924840722733315,116.53270977634801,2023-02-09 18:11:26.955831,2023-02-09 18:18:41.955831,7.25
1,39.92490328185649,116.5327551308792,2023-02-09 18:19:41.955831,2023-02-10 08:07:40.375742,827.9736651833333
1,39.878084636418706,116.49931365488526,2023-02-10 08:20:10.375742,2023-02-10 12:00:26.084706,220.26181606666665
1,39.86128859435334,116.45273781409833,2023-02-10 12:36:26.084706,2023-02-10 13:37:11.084706,60.75
1,39.861224216718156,116.45275451797606,2023-02-10 13:38:11.084706,2023-02-10 13:46:45.505136,8.573673833333334
1,39.878089598373165,116.49932384591906,2023-02-10 14:09:15.505136,2023-02-10 18:42:00.005519,272.74167305000003
1,39.92491008585968,116.53275432795078,2023-02-10 18:59:30.005519,2023-02-11 07:38:15.493935,758.7581402666667
1,39.94183600216,116.31680797658332,2023-02-11 08:33:00.493935,2023-02-11 11:16:45.076858,163.74304871666666
1,39.924872620532405,116.53268794637721,2023-02-11 12:11:15.076858,2023-02-11 12:19:30.076858,8.25
1,39.92490512681581,116.5327513612725,2023-02-11 12:20:30.076858,2023-02-12 09:08:09.796386,1247.6619921333333
1,39.941871442963865,116.31680602268762,2023-02-12 10:03:09.796386,2023-02-12 12:50:36.945548,167.45248603333332
1,39.92490883564755,116.53275222035556,2023-02-12 13:45:21.945548,2023-02-13 07:49:24.894421,1084.0491478833333
1,39.87808808395637,116.49931604317592,2023-02-13 08:02:09.894421,2023-02-13 12:37:36.299991,275.4400928333333
1,40.03762232561496,116.2003913385449,2023-02-13 15:48:36.299991,2023-02-13 16:28:54.932567,40.31054293333333
1,39.87809392417169,116.49932000736825,2023-02-13 20:24:24.932567,2023-02-13 23:59:54.932567,215.5
1,39.92489957060736,116.53274991976697,2023-02-14 00:37:35.252431,2023-02-14 08:17:10.486931,459.58724166666667
1,39.87809630520675,116.49932489482524,2023-02-14 08:29:25.486931,2023-02-14 11:59:15.178002,209.82818451666665
1,40.037721435919295,116.2003086395415,2023-02-14 13:33:15.178002,2023-02-14 14:44:43.364575,71.46977621666666
1,39.878106087895205,116.49921433682348,2023-02-14 20:23:43.364575,2023-02-14 20:34:28.364575,10.75
1,39.87808674792658,116.49934475137157,2023-02-14 20:35:28.364575,2023-02-14 23:59:28.364575,204.0
1,39.92490217984061,116.5327492088292,2023-02-15 00:38:00.000000,2023-02-15 08:35:26.524294,477.44207156666664
1,39.87809622979954,116.49934495887103,2023-02-15 08:47:56.524294,2023-02-15 13:03:51.639797,255.91859171666667
1,40.03770306746143,116.20027272697659,2023-02-15 15:38:21.639797,2023-02-15 16:41:52.077924,63.507302116666665
1,39.87807923002285,116.49932013919015,2023-02-15 18:53:37.077924,2023-02-15 20:11:52.077924,78.25
1,39.8780812957979,116.49931340300977,2023-02-15 20:12:52.077924,2023-02-15 22:38:32.252344,145.66957366666665
1,39.92487777607936,116.53271874267725,2023-02-15 22:55:47.252344,2023-02-15 23:19:02.252344,23.25
1,39.92490706207246,116.53277838358044,2023-02-15 23:20:02.252344,2023-02-15 23:58:02.252344,38.0
2,39.95484766550752,116.51349055849178,2023-01-01 00:00:00.000000,2023-01-01 08:12:58.149637,492.96916061666667
2,39.91198781254535,116.32091244800921,2023-01-01 09:03:28.149637,2023-01-01 12:38:46.908438,215.31264668333333
2,39.95480894111111,116.5134370815588,2023-01-01 13:29:01.908438,2023-01-01 13:41:16.908438,12.25
2,39.954849511131606,116.51350086657325,2023-01-01 13:42:16.908438,2023-01-02 07:31:29.534819,1069.2104396833333
2,39.996730880699026,116.56314015412721,2023-01-02 07:44:59.534819,2023-01-02 11:20:00.245421,215.01184336666665
2,39.99044103102635,116.44116462804634,2023-01-02 12:04:45.245421,2023-01-02 13:06:42.998576,61.962552583333334
2,39.99672258406864,116.56316263372526,2023-01-02 14:20:42.998576,2023-01-02 18:06:13.565008,225.50944053333333
2,40.03464040026979,116.25078161327656,2023-01-02 19:26:13.565008,2023-01-02 19:51:02.989000,24.8237332
2,39.95484629252624,116.51350046496731,2023-01-02 21:02:32.989000,2023-01-03 08:20:48.505306,678.2586051
2,39.9967530869574,116.56315348501492,2023-01-03 08:31:33.505306,2023-01-03 12:07:13.207844,215.66170896666665
2,40.034655225197135,116.25085594344017,2023-01-03 13:45:43.207844,2023-01-03 14:52:28.648320,66.75734126666667
2,39.996745285933,116.56314631306853,2023-01-03 19:48:58.648320,2023-01-03 21:44:43.648320,115.75
2,39.99673777707377,116.563160582652,2023-01-03 21:45:43.648320,2023-01-03 23:59:43.648320,134.0
2,39.91229050173487,116.3218377070907,2023-01-04 01:23:47.972310,2023-01-04 01:47:44.958145,23.949763916666665
2,39.95484422936949,116.51349938804994,2023-01-04 02:37:59.958145,2023-01-04 08:29:25.520279,351.42603556666666
2,39.99672975754695,116.56314127135596,2023-01-04 08:39:40.520279,2023-01-04 11:57:36.444957,197.93207796666667
2,39.990443261832695,116.44114552384812,2023-01-04 12:47:36.444957,2023-01-04 14:09:26.928892,81.84139891666668
2,39.99674311574918,116.56315417268203,2023-01-04 15:04:41.928892,2023-01-04 19:21:08.874353,256.44909101666667
2,39.95490237734078,116.5135027374569,2023-01-04 19:39:08.874353,2023-01-04 20:18:23.874353,39.25
2,39.9548427886346,116.51349880315486,2023-01-04 20:19:23.874353,2023-01-05 07:51:42.498451,692.3104016333333
2,39.99672034025306,116.56314483578588,2023-01-05 08:04:27.498451,2023-01-05 12:36:09.366298,271.69779745
2,39.990459767476516,116.44126389614216,2023-01-05 13:55:24.366298,2023-01-05 14:34:07.021653,38.71092258333333
2,39.9966054697615,116.56294283906641,2023-01-05 16:12:22.021653,2023-01-05 16:19:07.021653,6.75
2,39.996742501562906,116.56315352871823,2023-01-05 16:20:07.021653,2023-01-05 20:05:57.047555,225.83376503333332
2,39.95492478476662,116.51359018303421,2023-01-05 20:24:12.047555,2023-01-05 20:35:27.047555,11.25
2,39.95484854543662,116.5135054160869,2023-01-05 20:36:27.047555,2023-01-06 08:37:29.637304,721.0431624833333
2,39.996706331658835,116.56311494640532,2023-01-06 08:54:44.637304,2023-01-06 09:03:59.637304,9.25
2,39.99673751456824,116.56314328480822,2023-01-06 09:04:59.637304,2023-01-06 12:51:10.672437,226.18391888333332
2,39.990463190182886,116.44117736798881,2023-01-06 14:49:10.672437,2023-01-06 15:44:55.049280,55.73961405
2,39.99673379026618,116.56315408684316,2023-01-06 16:58:40.049280,2023-01-06 19:45:10.049280,166.5
2,39.996723340417105,116.56316178487451,2023-01-06 19:46:10.049280,2023-01-06 20:56:48.438696,70.6398236
2,39.95484644532767,116.51350607401469,2023-01-06 21:15:03.438696,2023-01-09 07:05:08.969590,3470.0921815666666
2,39.996738061764496,116.56317005863667,2023-01-09 07:17:53.969590,2023-01-09 10:38:11.387119,200.29029215
2,40.03466531403098,116.25075562494969,2023-01-09 12:19:26.387119,2023-01-09 13:36:05.735481,76.65580603333333
2,39.99675642570144,116.56310972708359,2023-01-09 15:04:20.735481,2023-01-09 15:40:35.735481,36.25
2,39.99674173910444,116.5631500008623,2023-01-09 15:41:35.735481,2023-01-09 19:25:57.482276,224.3624465833333
2,39.954852314901935,116.513504623367,2023-01-09 19:44:27.482276,2023-01-10 08:24:51.400311,760.3986339166667
2,39.99672719761298,116.56315171092217,2023-01-10 08:41:21.400311,2023-01-10 12:21:34.561664,220.21935588333332
2,40.034664130153615,116.25075200388176,2023-01-10 15:18:04.561664,2023-01-10 16:33:02.637191,74.96792545
2,39.996781853801636,116.56302124846853,2023-01-10 18:03:02.637191,2023-01-10 18:12:17.637191,9.25
2,39.996734226524566,116.56315842957882,2023-01-10 18:13:17.637191,2023-01-10 21:53:20.498974,220.04769638333335
2,39.95485298604853,116.51350347254362,2023-01-10 22:11:50.498974,2023-01-11 07:17:49.642290,545.9857219333334
2,39.996744229249785,116.56315655963796,2023-01-11 07:27:49.642290,2023-01-11 11:20:33.022688,232.7230066333333
2,40.01735615610689,116.42418429518412,2023-01-11 12:13:03.022688,2023-01-11 13:41:46.855775,88.73055145
2,39.99674708934844,116.56314445785034,2023-01-11 14:31:01.855775,2023-01-11 18:02:50.845233,211.81649096666666
2,39.95484273779166,116.51349671982882,2023-01-11 18:21:05.845233,2023-01-12 08:32:42.597734,851.6125416833333
2,39.99671974212272,116.56314606485037,2023-01-12 08:42:27.597734,2023-01-12 12:11:38.385063,209.17978881666667
2,40.01735121689642,116.4241686714194,2023-01-12 13:18:38.385063,2023-01-12 14:12:02.189815,53.39674586666667
2,39.99674724642132,116.56313280274219,2023-01-12 14:51:32.189815,2023-01-12 18:03:30.165006,191.96625318333332
2,39.99040826970733,116.4411347066452,2023-01-12 18:34:00.165006,2023-01-12 18:53:57.807220,19.960703566666666
2,39.95483636861182,116.51349825906551,2023-01-12 19:15:12.807220,2023-01-13 07:44:09.543581,748.9456060166667
2,39.99673720969391,116.56316096936354,2023-01-13 07:54:54.543581,2023-01-13 11:59:02.524053,244.13300786666665
2,39.91197771799778,116.32094424305937,2023-01-13 13:14:47.524053,2023-01-13 14:27:36.001489,72.80795726666666
2,39.9967262279906,116.56315416300785,2023-01-13 16:31:51.001489,2023-01-13 21:34:56.186905,303.0864236
2,39.95484424868563,116.51349754445044,2023-01-13 21:53:11.186905,2023-01-16 07:45:20.414609,3472.1537950666666
2,39.99671893661204,116.56316905888708,2023-01-16 07:58:05.414609,2023-01-16 11:17:31.071874,199.42762108333332
2,40.017375577702076,116.4241633398239,2023-01-16 11:54:46.071874,2023-01-16 12:52:27.218765,57.685781516666665
2,39.99673485795398,116.56309749473994,2023-01-16 13:31:42.218765,2023-01-16 13:45:57.218765,14.25
2,39.99673252450445,116.56316004117994,2023-01-16 13:46:57.218765,2023-01-16 18:01:29.689857,254.54118486666667
2,39.95483694038672,116.51350208270048,2023-01-16 18:19:59.689857,2023-01-17 08:38:10.961387,858.1878588333333
2,39.996729911320216,116.56316019877224,2023-01-17 08:47:25.961387,2023-01-17 12:37:20.059850,229.90164105
2,39.91201363727825,116.32097355636427,2023-01-17 14:54:20.059850,2023-01-17 15:15:50.059850,21.5
2,39.911993738026666,116.32090789656354,2023-01-17 15:16:50.059850,2023-01-17 15:51:41.816476,34.86261043333333
2,39.99669375881186,116.5630449110775,2023-01-17 18:18:56.816476,2023-01-17 18:30:26.816476,11.5
2,39.99672195787519,116.56315556596356,2023-01-17 18:31:26.816476,2023-01-17 21:34:44.208357,183.28986468333332
2,39.95484774276324,116.51350663443078,2023-01-17 21:52:59.208357,2023-01-18 07:02:10.302780,549.18490705
2,39.996732771100206,116.56315986602101,2023-01-18 07:17:55.302780,2023-01-18 11:26:36.196930,248.68156916666666
2,40.0347106184294,116.25072014991294,2023-01-18 13:06:36.196930,2023-01-18 13:59:10.857024,52.577668233333334
2,39.99675111803637,116.5631543812071,2023-01-18 15:39:10.857024,2023-01-18 20:09:39.618896,270.4793645333333
2,39.95484878174254,116.51350306558406,2023-01-18 20:27:54.618896,2023-01-19 07:43:37.408889,675.71316655
2,39.99673036938803,116.56316199581883,2023-01-19 07:54:22.408889,2023-01-19 12:01:08.580190,246.76952168333335
2,40.01735120285599,116.42422022365197,2023-01-19 13:15:38.580190,2023-01-19 14:14:45.069116,59.108148766666666
2,39.99674516515114,116.5631531555844,2023-01-19 16:29:30.069116,2023-01-19 19:02:15.069116,152.75
2,39.996748451534586,116.5631454285409,2023-01-19 19:03:15.069116,2023-01-19 20:48:45.172980,105.50173106666666
2,39.954953684587295,116.51361682975363,2023-01-19 21:06:45.172980,2023-01-19 21:13:00.172980,6.25
2,39.954848660169276,116.51351131275395,2023-01-19 21:14:00.172980,2023-01-20 07:17:40.276133,603.6683858833333
2,39.99673602333962,116.56315003530123,2023-01-20 07:29:25.276133,2023-01-20 11:38:01.709391,248.60722096666666
2,39.911995428258656,116.32095706232217,2023-01-20 13:43:01.709391,2023-01-20 14:55:58.770355,72.95101606666667
2,39.996734395579466,116.56315285268892,2023-01-20 16:11:28.770355,2023-01-20 19:44:45.215343,213.27408313333333
2,39.91205722955902,116.32095166486958,2023-01-20 20:51:45.215343,2023-01-20 21:12:00.215343,20.25
2,39.954843970384424,116.51350852194601,2023-01-20 22:07:28.006946,2023-01-21 07:50:42.066633,583.2343281166667
2,39.870552958112576,116.42284420224289,2023-01-21 08:26:27.066633,2023-01-21 11:01:41.817076,155.2458407166667
2,39.95484519247131,116.51350308878726,2023-01-21 11:37:26.817076,2023-01-23 07:49:21.485377,2651.91113835
2,39.99672978434425,116.56314156172895,2023-01-23 08:01:06.485377,2023-01-23 12:12:31.094539,251.4101527
2,40.017360277358975,116.42416521057021,2023-01-23 12:56:16.094539,2023-01-23 14:03:29.648236,67.22589495
2,39.99674069804073,116.56315635391023,2023-01-23 15:08:44.648236,2023-01-23 18:12:15.186930,183.50897823333335
2,39.95483620792961,116.51349828524503,2023-01-23 18:30:30.186930,2023-01-24 07:37:04.775401,786.5764745166667
2,39.996742042805145,116.56313426497509,2023-01-24 07:47:49.775401,2023-01-24 11:30:59.563682,223.16313801666666
2,40.03466773129525,116.25086890142201,2023-01-24 12:59:59.563682,2023-01-24 13:06:14.563682,6.25
2,40.034680064087084,116.25078331555504,2023-01-24 13:07:14.563682,2023-01-24 13:55:22.477340,48.1318943
2,39.996763373442356,116.56312522105864,2023-01-24 15:21:07.477340,2023-01-24 16:04:22.477340,43.25
2,39.99675228883963,116.56315915162605,2023-01-24 16:05:22.477340,2023-01-24 19:22:44.524554,197.36745356666668
2,39.95484278766089,116.51349639020862,2023-01-24 19:40:59.524554,2023-01-25 07:32:31.685182,711.5360104666667
2,39.99672175169742,116.56309906473061,2023-01-25 07:49:46.685182,2023-01-25 08:18:01.685182,28.25
2,39.996742135113536,116.56316441521193,2023-01-25 08:19:01.685182,2023-01-25 12:34:45.254597,255.72615691666667
2,40.017347708173276,116.42419334048142,2023-01-25 13:33:45.254597,2023-01-25 14:37:52.904195,64.1274933
2,39.996735106901774,116.56314615874824,2023-01-25 15:43:52.904195,2023-01-25 19:51:39.500359,247.77660273333333
2,39.954817231493315,116.51335401072784,2023-01-25 21:50:10.600278,2023-01-25 21:59:25.600278,9.25
2,39.95485770375236,116.51351040936518,2023-01-25 22:00:25.600278,2023-01-26 07:52:42.751457,592.2858529833334
2,39.99673032863371,116.56316187812158,2023-01-26 08:07:27.751457,2023-01-26 11:50:25.060272,222.95514691666668
2,40.03468089449157,116.25077179547131,2023-01-26 13:10:55.060272,2023-01-26 14:23:24.953799,72.49822545
2,39.99674628336986,116.56314476978106,2023-01-26 17:37:54.953799,2023-01-26 21:07:38.389787,209.72393313333333
2,39.99042631743032,116.44110333981448,2023-01-26 21:38:08.389787,2023-01-26 22:45:11.143155,67.04588946666667
2,39.954864832426246,116.51342458985691,2023-01-26 23:06:11.143155,2023-01-26 23:14:26.143155,8.25
2,39.954845949257255,116.51349749404633,2023-01-26 23:15:26.143155,2023-01-27 08:10:56.695400,535.5092040833333
2,39.996746515165306,116.5631343876482,2023-01-27 08:21:26.695400,2023-01-27 12:31:32.869659,250.10290431666667
2,40.03465247555019,116.25088017747831,2023-01-27 17:49:02.869659,2023-01-27 18:31:43.256032,42.67310621666666
2,39.9967286661918,116.56307693774477,2023-01-27 22:16:13.256032,2023-01-27 22:25:58.256032,9.75
2,39.996737582126116,116.5631481667286,2023-01-27 22:26:58.256032,2023-01-27 23:59:58.256032,93.0
2,39.95484317769278,116.51350409262179,2023-01-28 02:30:59.370930,2023-01-28 07:25:12.290192,294.21532103333334
2,39.91199906619461,116.32091316676451,2023-01-28 08:15:42.290192,2023-01-28 11:47:44.402681,212.03520815
2,39.954845378092195,116.51350486315471,2023-01-28 12:38:14.402681,2023-01-29 08:28:49.137098,1190.57890695
2,39.99044350222895,116.44111482659162,2023-01-29 08:49:49.137098,2023-01-29 09:57:04.137098,67.25
2,39.99045373499711,116.44108574001075,2023-01-29 09:58:04.137098,2023-01-29 13:53:11.384902,235.12079673333335
2,39.95494690081869,116.51342218670295,2023-01-29 14:14:26.384902,2023-01-29 14:20:41.384902,6.25
2,39.95484628990594,116.5135049816331,2023-01-29 14:21:41.384902,2023-01-30 08:15:19.785695,1073.6400132166666
2,39.99671520120253,116.56315469334727,2023-01-30 08:24:34.785695,2023-01-30 12:21:10.960218,236.60290871666666
2,39.91202160831677,116.32094933717694,2023-01-30 14:37:10.960218,2023-01-30 15:33:14.985694,56.067091266666665
2,39.996718430444815,116.56312913608006,2023-01-30 16:54:44.985694,2023-01-30 17:34:59.985694,40.25
2,39.996748464179355,116.56313816834196,2023-01-30 17:35:59.985694,2023-01-30 20:45:43.216306,189.72051019999998
2,39.870566200046,116.42280728290048,2023-01-30 21:40:28.216306,2023-01-30 22:25:48.201233,45.33308211666667
2,39.954848023522736,116.51350039814567,2023-01-30 23:01:33.201233,2023-01-31 07:43:55.014764,522.36355885
2,39.99674462181001,116.56315476384113,2023-01-31 07:54:10.014764,2023-01-31 12:14:01.251046,259.85393803333335
2,39.99045349851898,116.44112495206029,2023-01-31 12:54:31.251046,2023-01-31 13:36:46.251046,42.25
2,39.99050601975215,116.44108858997544,2023-01-31 13:37:46.251046,2023-01-31 13:54:52.574430,17.105389733333332
2,39.99672837823934,116.56313697848873,2023-01-31 14:30:07.574430,2023-01-31 19:01:31.581961,271.40012551666666
2,39.95496075959367,116.51363372315411,2023-01-31 19:19:31.581961,2023-01-31 19:26:46.581961,7.25
2,39.95484203159371,116.5135050829809,2023-01-31 19:27:46.581961,2023-02-01 08:39:34.492006,791.7985007499999
2,39.996748954131114,116.56314481159303,2023-02-01 08:49:04.492006,2023-02-01 13:43:09.499056,294.08345083333336
2,39.912003732316165,116.32098663155702,2023-02-01 14:59:39.499056,2023-02-01 15:16:54.499056,17.25
2,39.911982401660566,116.32091328940908,2023-02-01 15:17:54.499056,2023-02-01 16:02:30.543379,44.60073871666667
2,39.99673729772519,116.56315298185712,2023-02-01 18:15:00.543379,2023-02-01 22:29:41.507403,254.68273373333335
2,39.95484045617003,116.51349503439792,2023-02-01 22:47:56.507403,2023-02-02 08:01:54.315294,553.9634648499999
2,39.99675374662407,116.56313925922791,2023-02-02 08:12:09.315294,2023-02-02 12:10:56.883709,238.79280691666665
2,39.99044066305013,116.44113784741769,2023-02-02 13:03:26.883709,2023-02-02 14:07:08.454000,63.692838183333336
2,39.996722407734886,116.56315542407843,2023-02-02 14:57:23.454000,2023-02-02 18:19:20.867059,201.95688431666667
2,39.95487356251819,116.51351998402106,2023-02-02 18:37:20.867059,2023-02-02 19:02:35.867059,25.25
2,39.954837917687996,116.5135101306982,2023-02-02 19:03:35.867059,2023-02-03 09:21:06.234922,857.50613105
2,39.99673998514688,116.56315457894588,2023-02-03 09:33:21.234922,2023-02-03 13:42:35.701261,249.24110565
2,40.01738589670162,116.4241343457232,2023-02-03 14:28:05.701261,2023-02-03 15:22:03.702111,53.966680833333335
2,39.996747056831346,116.56314703719364,2023-02-03 15:59:18.702111,2023-02-03 19:34:59.386681,215.67807616666667
2,39.954883241703634,116.513538269054,2023-02-03 19:52:59.386681,2023-02-03 20:35:14.386681,42.25
2,39.954835814991156,116.51350520143596,2023-02-03 20:36:14.386681,2023-02-04 07:22:57.970057,646.7263896000001
2,40.034665918224654,116.25074569151718,2023-02-04 08:34:27.970057,2023-02-04 10:20:02.968586,105.58330881666667
2,39.954843070226275,116.51350272278403,2023-02-04 11:31:32.968586,2023-02-05 07:14:27.823561,1182.9142495833332
2,40.03461345856526,116.25084957619751,2023-02-05 08:25:42.823561,2023-02-05 08:36:57.823561,11.25
2,40.03467878404824,116.25072594914059,2023-02-05 08:37:57.823561,2023-02-05 11:30:09.479287,172.1942621
2,39.95484713436503,116.51349500712922,2023-02-05 12:41:54.479287,2023-02-06 08:10:23.185443,1168.4784359333332
2,39.99674943005996,116.56315176443026,2023-02-06 08:20:53.185443,2023-02-06 13:20:53.180741,299.9999216333334
2,40.01734392674309,116.42420741117874,2023-02-06 14:10:08.180741,2023-02-06 15:12:36.677540,62.47494665
2,39.99673142194815,116.5631327398303,2023-02-06 16:19:51.677540,2023-02-06 20:18:20.461431,238.47973151666665
2,39.87054866091235,116.42287095371918,2023-02-06 21:12:50.461431,2023-02-06 22:34:56.837447,82.10626693333333
2,39.95483125167545,116.51346463611964,2023-02-06 23:10:26.837447,2023-02-06 23:51:41.837447,41.25
2,39.954840043889185,116.5135044086853,2023-02-06 23:52:41.837447,2023-02-07 08:37:32.077989,524.8373423666667
2,39.99673667171921,116.5631455390402,2023-02-07 08:51:32.077989,2023-02-07 13:19:31.414729,267.98894566666667
2,39.91201897810857,116.32101758119799,2023-02-07 15:33:16.414729,2023-02-07 16:17:41.210986,44.41327095
2,39.99671289084259,116.56312190619104,2023-02-07 20:20:11.210986,2023-02-07 21:46:56.210986,86.75
2,39.99671283908554,116.56317426624457,2023-02-07 21:47:56.210986,2023-02-07 23:59:56.210986,132.0
2,39.95487460786121,116.51350973076265,2023-02-08 01:15:42.871341,2023-02-08 03:04:00.000000,108.28547765
2,39.95484514354257,116.51350647561904,2023-02-08 03:05:00.000000,2023-02-08 08:16:37.257431,311.62095718333336
2,39.9967500870077,116.56314817015632,2023-02-08 08:31:37.257431,2023-02-08 12:25:03.157750,233.43167198333333
2,40.03468367840662,116.25079336785637,2023-02-08 14:40:33.157750,2023-02-08 15:40:31.175295,59.966959083333336
2,39.99678333080116,116.5628282045094,2023-02-08 19:01:31.175295,2023-02-08 19:07:16.175295,5.75
2,39.99673973458162,116.5631535191196,2023-02-08 19:08:16.175295,2023-02-08 23:28:07.240176,259.85108135
2,39.92838786511016,116.41440149415274,2023-02-09 00:11:52.240176,2023-02-09 01:26:26.152056,74.565198
2,39.954847469753894,116.51351084696775,2023-02-09 01:52:41.152056,2023-02-09 08:04:17.695500,371.6090574
2,39.99673931350229,116.56314143797746,2023-02-09 08:18:32.695500,2023-02-09 12:41:04.533115,262.5306269166667
2,40.0346630622327,116.25094303277837,2023-02-09 16:07:34.533115,2023-02-09 16:14:19.533115,6.75
2,40.03469299733076,116.25076894030008,2023-02-09 16:15:19.533115,2023-02-09 17:09:06.439871,53.78177926666667
2,39.996741232736206,116.56315280583723,2023-02-09 18:40:36.439871,2023-02-09 20:41:51.439871,121.25
2,39.99673527241353,116.56314645165811,2023-02-09 20:42:51.439871,2023-02-09 22:58:33.616235,135.7029394
2,39.95483652851596,116.51348290681574,2023-02-10 01:45:50.122888,2023-02-10 08:23:34.682052,397.74265273333333
2,39.996736362374314,116.56314279751716,2023-02-10 08:34:19.682052,2023-02-10 12:10:32.940998,216.22098243333332
2,40.01738370761106,116.42417536866361,2023-02-10 13:26:32.940998,2023-02-10 14:36:49.251385,70.27183978333333
2,39.996728890722174,116.5630316179788,2023-02-10 15:53:04.251385,2023-02-10 16:07:34.251385,14.5
2,39.99674477234575,116.5631388366099,2023-02-10 16:08:34.251385,2023-02-10 19:30:59.021512,202.41283545
2,39.91200600925287,116.32090236009738,2023-02-10 20:38:29.021512,2023-02-10 21:43:31.402613,65.03968501666667
2,39.95484960847849,116.51350518265512,2023-02-10 22:34:01.402613,2023-02-11 07:34:49.183259,540.7963440999999
2,39.99045279564557,116.44110380243922,2023-02-11 07:56:04.183259,2023-02-11 09:42:08.851862,106.07781005
2,39.954845230089184,116.51350896379029,2023-02-11 10:03:38.851862,2023-02-12 08:00:36.500557,1316.9608115833332
2,39.91196969166389,116.32090973763665,2023-02-12 08:51:06.500557,2023-02-12 09:50:10.681377,59.06968033333333
2,39.954851688747155,116.51350726760477,2023-02-12 10:40:40.681377,2023-02-13 08:33:15.834422,1312.5858840833332
2,39.996749088968436,116.56314805961962,2023-02-13 08:43:45.834422,2023-02-13 13:12:16.190033,268.50592685000004
2,39.99045540432837,116.44117315582422,2023-02-13 14:24:16.190033,2023-02-13 15:38:24.647810,74.14096294999999
2,39.99675861981211,116.5631568097017,2023-02-13 16:23:24.647810,2023-02-13 20:41:55.446423,258.5133102166667
2,39.99036417300354,116.44113723754046,2023-02-13 21:12:25.446423,2023-02-13 21:37:34.660052,25.153560483333333
2,39.9548520318968,116.51349870371136,2023-02-13 21:58:49.660052,2023-02-14 07:55:01.519451,596.19765665
2,39.99674607177953,116.56315859390699,2023-02-14 08:08:01.519451,2023-02-14 11:33:38.218807,205.6116559333333
2,39.99044812063258,116.44114808731935,2023-02-14 12:44:08.218807,2023-02-14 13:27:38.218807,43.5
2,39.99046590738729,116.44114477260085,2023-02-14 13:28:38.218807,2023-02-14 14:00:01.915776,31.394949483333335
2,39.9967521208964,116.56312749937439,2023-02-14 15:59:01.915776,2023-02-14 18:02:46.915776,123.75
2,39.996734175249884,116.56315403932794,2023-02-14 18:03:46.915776,2023-02-14 20:01:48.967964,118.03420313333332
2,40.03466949194212,116.25074215720662,2023-02-14 21:22:03.967964,2023-02-14 22:34:26.098298,72.3688389
2,39.95485088804958,116.51350666406913,2023-02-14 23:45:56.098298,2023-02-15 07:08:26.299158,442.5033476666667
2,39.99676208174147,116.56316094544421,2023-02-15 07:18:26.299158,2023-02-15 11:18:06.706199,239.67345068333333
2,39.990464859335624,116.44114394392315,2023-02-15 12:11:06.706199,2023-02-15 12:51:59.842778,40.88560965
2,39.996738399306764,116.56314126178417,2023-02-15 13:32:29.842778,2023-02-15 15:35:44.842778,123.25
2,39.996736373427666,116.56314767741794,2023-02-15 15:36:44.842778,2023-02-15 16:59:18.989948,82.5691195
2,39.954840867413935,116.51350494476804,2023-02-15 17:17:48.989948,2023-02-16 07:34:24.190877,856.58668215
2,39.99672574115968,116.56316014212526,2023-02-16 07:49:24.190877,2023-02-16 11:32:40.370846,223.26966615
2,39.99047511709093,116.44116766019327,2023-02-16 12:46:25.370846,2023-02-16 12:53:55.370846,7.5
2,39.99042079942805,116.44110920135276,2023-02-16 12:54:55.370846,2023-02-16 13:52:47.979917,57.876817849999995
2,39.99670329571711,116.56309682235913,2023-02-16 15:01:02.979917,2023-02-16 15:11:32.979917,10.5
2,39.996757575884544,116.56315886860853,2023-02-16 15:12:32.979917,2023-02-16 18:40:14.101566,207.68536081666667
2,39.95483952624908,116.51352426772232,2023-02-16 18:58:29.101566,2023-02-16 19:45:44.101566,47.25
2,39.95484555322046,116.51349763480604,2023-02-16 19:46:44.101566,2023-02-17 07:20:32.531801,693.8071705833333
2,39.99674066873875,116.563142745392,2023-02-17 07:30:02.531801,2023-02-17 11:54:19.381082,264.28082135
2,40.034718178188825,116.25082279288044,2023-02-17 13:52:19.381082,2023-02-17 14:28:13.010327,35.89382075
2,39.99678433336594,116.56309462186677,2023-02-17 15:49:28.010327,2023-02-17 16:00:43.010327,11.25
2,39.99674221592459,116.56315859016533,2023-02-17 16:01:43.010327,2023-02-17 19:56:18.525151,234.59191373333334
2,39.954894115779354,116.51355618350051,2023-02-17 20:14:18.525151,2023-02-17 20:35:33.525151,21.25
2,39.95484664092253,116.51349824418428,2023-02-17 20:36:33.525151,2023-02-19 08:06:37.764069,2130.0706486333333
2,39.99044203372774,116.44110839501258,2023-02-19 08:28:07.764069,2023-02-19 12:25:09.180866,237.02361328333333
2,39.95489618406254,116.51346553654491,2023-02-19 12:46:09.180866,2023-02-19 12:53:24.180866,7.25
2,39.95484714652221,116.51349928628653,2023-02-19 12:54:24.180866,2023-02-20 08:03:47.740931,1149.3926677499999
2,39.99674030535005,116.56314734432665,2023-02-20 08:18:47.740931,2023-02-20 12:16:17.287963,237.49245053333334
2,40.01737127996225,116.42415668593124,2023-02-20 13:06:47.287963,2023-02-20 14:17:54.741724,71.12422935
2,39.99672981853959,116.5631530977206,2023-02-20 15:01:39.741724,2023-02-20 18:34:29.232344,212.82484366666668
2,39.954846271942245,116.51351253841183,2023-02-20 18:52:29.232344,2023-02-20 20:09:44.232344,77.25
2,39.95484472168475,116.51349558181539,2023-02-20 20:10:44.232344,2023-02-21 08:12:18.161004,721.5654776666667
2,39.9967411319588,116.56313855520024,2023-02-21 08:24:48.161004,2023-02-21 12:49:42.381108,264.9036684
2,40.03473560123333,116.25084454146854,2023-02-21 15:10:27.381108,2023-02-21 15:22:57.381108,12.5
2,40.0346846629207,116.25072971021032,2023-02-21 15:23:57.381108,2023-02-21 15:53:33.057253,29.594602416666664
2,39.99673004394959,116.56314689300306,2023-02-21 19:16:48.057253,2023-02-21 22:49:42.076486,212.90032055
2,39.91203132257996,116.3209600688303,2023-02-21 23:56:42.076486,2023-02-22 00:13:57.076486,17.25
2,39.91202415657422,116.32092207152158,2023-02-22 00:14:57.076486,2023-02-22 01:04:36.784489,49.661800050000004
3,39.89866085216935,116.50333170962638,2023-01-01 00:00:00.000000,2023-01-01 09:13:19.529125,553.3254854166667
3,39.95431011287421,116.39050794929281,2023-01-01 09:47:04.529125,2023-01-01 13:04:33.195800,197.47777791666667
3,39.898779043739545,116.50327977960323,2023-01-01 13:38:03.195800,2023-01-01 13:46:18.195800,8.25
3,39.898671939445414,116.50334031754741,2023-01-01 13:47:18.195800,2023-01-02 07:39:44.714963,1072.44198605
3,39.919624158405654,116.52805937499406,2023-01-02 07:44:44.714963,2023-01-02 10:53:57.145614,189.2071775166667
3,39.861293736102084,116.47047274721903,2023-01-02 11:26:57.145614,2023-01-02 12:01:12.145614,34.25
3,39.9196188538559,116.52806005610572,2023-01-02 12:41:51.047114,2023-01-02 17:02:06.047114,260.25
3,39.91966988077271,116.52818725536066,2023-01-02 17:03:06.047114,2023-01-02 17:08:39.666437,5.56032205
3,39.86129015866191,116.47041404780948,2023-01-02 17:32:39.666437,2023-01-02 18:31:57.837888,59.30285751666667
3,39.89867203734229,116.50333104023275,2023-01-02 18:46:27.837888,2023-01-03 08:05:58.599896,799.5127001333333
3,39.9196258794337,116.52806783204359,2023-01-03 08:12:13.599896,2023-01-03 12:12:11.464163,239.96440445000002
3,39.95433362487123,116.39048871616959,2023-01-03 13:11:41.464163,2023-01-03 14:09:15.731919,57.57112926666667
3,39.919605094084964,116.52798326118464,2023-01-03 14:46:45.731919,2023-01-03 14:57:00.731919,10.25
3,39.919622887590236,116.52806528610635,2023-01-03 14:58:00.731919,2023-01-03 19:07:03.953374,249.05369091666668
3,39.89867195927517,116.50333452206834,2023-01-03 19:16:03.953374,2023-01-04 07:52:28.374552,756.4070196333333
3,39.91961831358837,116.52807486788898,2023-01-04 08:00:28.374552,2023-01-04 12:00:18.886813,239.84187101666666
3,39.928250101599495,116.48149991488727,2023-01-04 12:14:48.886813,2023-01-04 13:22:08.246293,67.322658
3,39.91961092292933,116.5280568782917,2023-01-04 13:35:38.246293,2023-01-04 17:34:28.326475,238.8346697
3,39.89867470711399,116.50333250080408,2023-01-04 17:43:13.326475,2023-01-05 08:23:53.505665,880.6696531666668
3,39.91963544107026,116.528068775567,2023-01-05 08:30:23.505665,2023-01-05 12:38:04.313082,247.68012361666666
3,39.999608745948834,116.22944272624007,2023-01-05 16:09:49.313082,2023-01-05 16:23:19.313082,13.5
3,39.99958115232849,116.22941643594152,2023-01-05 16:24:19.313082,2023-01-05 17:00:20.004897,36.01153025
3,39.919611386464084,116.52805909157831,2023-01-05 18:36:20.004897,2023-01-05 20:29:35.004897,113.25
3,39.91962068330522,116.52807132874632,2023-01-05 20:30:35.004897,2023-01-05 21:49:43.551324,79.14244045000001
3,39.88285363338156,116.24654414023028,2023-01-05 23:01:58.551324,2023-01-05 23:10:13.551324,8.25
3,39.882855600365865,116.24637144983078,2023-01-05 23:11:13.551324,2023-01-05 23:47:32.977975,36.323777516666674
3,39.89866834399781,116.50332167944687,2023-01-06 00:53:00.000000,2023-01-06 08:10:44.285774,437.73809623333335
3,39.919619248323635,116.52807846268927,2023-01-06 08:15:59.285774,2023-01-06 12:44:06.660387,268.12291021666664
3,39.99958077244853,116.22943957736332,2023-01-06 15:00:21.660387,2023-01-06 16:18:34.229979,78.2094932
3,39.919636160607226,116.52801459841474,2023-01-06 19:35:04.229979,2023-01-06 19:56:34.229979,21.5
3,39.919625626358865,116.52805539347334,2023-01-06 19:57:34.229979,2023-01-07 00:12:57.459812,255.38716388333333
3,39.89866463638275,116.50333537985475,2023-01-07 00:21:42.459812,2023-01-09 07:41:37.093264,3319.9105575333333
3,39.91960664222662,116.5280763111332,2023-01-09 07:47:07.093264,2023-01-09 12:06:01.766283,258.9112169833333
3,39.95431046803298,116.39049494462347,2023-01-09 12:48:46.766283,2023-01-09 13:43:01.766283,54.25
3,39.95431223876716,116.39053559967371,2023-01-09 13:44:01.766283,2023-01-09 14:06:14.921738,22.219257583333334
3,39.9196130311746,116.52807081897984,2023-01-09 15:15:59.921738,2023-01-09 19:46:36.477111,270.60925621666667
3,39.898670910795104,116.5033457821653,2023-01-09 20:28:20.852448,2023-01-10 08:07:51.760959,699.5151418500001
3,39.91962271676721,116.52806367129413,2023-01-10 08:14:21.760959,2023-01-10 12:25:22.883780,251.01871368333335
3,39.86131095385354,116.47048360710285,2023-01-10 12:51:07.883780,2023-01-10 13:02:22.883780,11.25
3,39.86128321064687,116.47042906434682,2023-01-10 13:03:22.883780,2023-01-10 13:48:56.057514,45.55289556666666
3,39.91961977796191,116.52806929078756,2023-01-10 14:30:41.057514,2023-01-10 18:37:45.950460,247.0815491
3,39.86130115396068,116.47041301278774,2023-01-10 19:01:30.950460,2023-01-10 19:48:05.505958,46.57592496666667
3,39.898678406836474,116.50331814939192,2023-01-10 20:02:20.505958,2023-01-10 23:24:35.505958,202.25
3,39.89866478846641,116.5033331855539,2023-01-10 23:25:35.505958,2023-01-11 07:31:38.664638,486.05264466666665
3,39.91964039919225,116.52805612178501,2023-01-11 07:37:23.664638,2023-01-11 11:23:03.144898,225.65800433333334
3,39.92828005409685,116.48151130061854,2023-01-11 11:56:48.144898,2023-01-11 12:56:18.144898,59.5
3,39.92830724695443,116.48144346565547,2023-01-11 12:57:18.144898,2023-01-11 13:12:26.616177,15.141187983333333
3,39.919620763000495,116.52807495678675,2023-01-11 13:33:56.616177,2023-01-11 17:33:36.792345,239.6696028
3,39.92823581019975,116.48156297083885,2023-01-11 17:44:51.792345,2023-01-11 17:54:06.792345,9.25
3,39.928290418880245,116.4814962821895,2023-01-11 17:55:06.792345,2023-01-11 18:38:55.125320,43.80554958333333
3,39.89867214027819,116.50333472671944,2023-01-11 18:49:40.125320,2023-01-12 08:12:48.019753,803.1315738833333
3,39.919620098427224,116.52806272345944,2023-01-12 08:19:48.019753,2023-01-12 12:02:08.993385,222.34956053333332
3,39.861314542561885,116.47049495235274,2023-01-12 12:27:08.993385,2023-01-12 13:14:32.983769,47.39983973333334
3,39.91963111405105,116.52805287313048,2023-01-12 13:58:47.983769,2023-01-12 16:59:59.053692,181.18449871666664
3,39.93117824464484,116.28062186249885,2023-01-12 18:02:44.053692,2023-01-12 19:05:48.714246,63.0776759
3,39.898670029807924,116.50333924011392,2023-01-12 20:03:18.714246,2023-01-13 08:01:37.045178,718.3055155333333
3,39.91963483511928,116.52806004718947,2023-01-13 08:06:52.045178,2023-01-13 11:57:57.023151,231.08296621666665
3,39.86133114535433,116.47045906575764,2023-01-13 13:08:27.023151,2023-01-13 14:08:05.816525,59.64655623333333
3,39.91957063801928,116.52803380164967,2023-01-13 14:42:50.816525,2023-01-13 14:58:05.816525,15.25
3,39.919622152201654,116.52806942125969,2023-01-13 14:59:05.816525,2023-01-13 18:36:48.758882,217.71570595
3,39.882889718499875,116.24651747628366,2023-01-13 19:49:03.758882,2023-01-13 20:23:09.820884,34.10103336666666
3,39.898642588461854,116.503321720606,2023-01-13 21:27:54.820884,2023-01-13 22:22:09.820884,54.25
3,39.898670781406835,116.50333369463317,2023-01-13 22:23:09.820884,2023-01-16 08:12:50.108265,3469.67145635
3,39.91962277273444,116.52806222740442,2023-01-16 08:19:50.108265,2023-01-16 12:54:51.189515,275.0180208333333
3,39.99960490096681,116.22942707078207,2023-01-16 14:45:06.189515,2023-01-16 15:45:56.233788,60.834071216666665
3,39.919612542452896,116.52808108323168,2023-01-16 17:31:11.233788,2023-01-16 21:34:04.179119,242.88242218333335
3,39.89871875234167,116.50337935508105,2023-01-16 21:42:34.179119,2023-01-16 22:05:49.179119,23.25
3,39.898669051919725,116.50333247558424,2023-01-16 22:06:49.179119,2023-01-17 07:58:20.149952,591.51618055
3,39.91962681167129,116.52806349393059,2023-01-17 08:04:35.149952,2023-01-17 12:48:01.716856,283.44278173333333
3,39.86129660651635,116.47046203635026,2023-01-17 13:28:16.716856,2023-01-17 14:35:29.120180,67.20672206666667
3,39.91955486153152,116.52796856901548,2023-01-17 15:01:59.120180,2023-01-17 15:08:14.120180,6.25
3,39.91962714125807,116.52806812460913,2023-01-17 15:09:14.120180,2023-01-17 18:55:47.328216,226.55346726666667
3,39.900995014605755,116.40674676706098,2023-01-17 19:26:47.328216,2023-01-17 20:20:10.337693,53.383491283333335
3,39.89867701179297,116.50333522530615,2023-01-17 20:44:10.337693,2023-01-18 08:36:57.019671,712.7780329666667
3,39.91961294220699,116.52806503858976,2023-01-18 08:45:12.019671,2023-01-18 12:39:07.298735,233.92131773333332
3,39.954280484082545,116.39066581072747,2023-01-18 13:47:22.298735,2023-01-18 13:52:52.298735,5.5
3,39.954326151963016,116.39050013825364,2023-01-18 13:53:52.298735,2023-01-18 14:53:10.218817,59.298668033333335
3,39.91961318040939,116.52805645148092,2023-01-18 15:39:55.218817,2023-01-18 17:05:10.218817,85.25
3,39.91962568766091,116.52807609138961,2023-01-18 17:06:10.218817,2023-01-18 19:48:20.306655,162.16813063333333
3,39.89867768600327,116.50333667373563,2023-01-18 19:57:05.306655,2023-01-19 08:14:27.354446,737.3674631833333
3,39.919618809018296,116.52805521777344,2023-01-19 08:20:12.354446,2023-01-19 10:53:49.029534,153.61125146666666
3,39.99959736540252,116.22948151313429,2023-01-19 14:27:34.029534,2023-01-19 15:20:33.597675,52.992802350000005
3,39.91962180538749,116.52806385337769,2023-01-19 17:24:03.597675,2023-01-19 22:08:01.797650,283.96999958333333
3,39.89866635226045,116.50332615971115,2023-01-19 22:16:46.797650,2023-01-20 07:43:46.503551,566.99509835
3,39.919621518159666,116.52806467603588,2023-01-20 07:48:46.503551,2023-01-20 11:58:24.992992,249.64149068333333
3,39.928244941702964,116.48150208009841,2023-01-20 12:11:39.992992,2023-01-20 12:42:54.992992,31.25
3,39.92827278982306,116.48152284490133,2023-01-20 12:43:54.992992,2023-01-20 13:05:52.611415,21.960307049999997
3,39.919624212116815,116.52806601206652,2023-01-20 13:20:52.611415,2023-01-20 16:57:46.120392,216.89181628333333
3,39.89866787147839,116.50334298673829,2023-01-20 17:06:31.120392,2023-01-21 08:07:18.924394,900.7967333666667
3,39.99952014175533,116.22954709757295,2023-01-21 09:24:03.924394,2023-01-21 09:30:18.924394,6.25
3,39.99960292828922,116.22941438511504,2023-01-21 09:31:18.924394,2023-01-21 13:16:06.740291,224.79693161666668
3,39.898668493814554,116.5033372683538,2023-01-21 14:33:06.740291,2023-01-22 07:48:47.366299,1035.6771001333334
3,39.93118967708966,116.28064740695082,2023-01-22 08:46:02.366299,2023-01-22 11:30:48.426453,164.76766923333335
3,39.89866774746922,116.50333871148595,2023-01-22 12:28:03.426453,2023-01-23 08:31:26.728381,1203.3883654666668
3,39.919627697855994,116.52806852903237,2023-01-23 08:37:41.728381,2023-01-23 12:47:28.137802,249.77349035
3,39.99961805632732,116.22944059034073,2023-01-23 14:54:28.137802,2023-01-23 16:10:49.956525,76.36364538333333
3,39.91962971568152,116.52808449511514,2023-01-23 17:35:04.956525,2023-01-23 21:06:13.289308,211.13887971666665
3,39.99950198642392,116.22954724985769,2023-01-23 22:26:13.289308,2023-01-23 22:32:28.289308,6.25
3,39.99960755355722,116.22937806115736,2023-01-23 22:33:28.289308,2023-01-23 23:03:39.853745,30.192740616666665
3,39.89866877688609,116.50332567105434,2023-01-24 00:20:54.853745,2023-01-24 08:13:07.334949,472.2080200666667
3,39.91962993480644,116.52806420085156,2023-01-24 08:19:07.334949,2023-01-24 13:19:03.302002,299.9327842166667
3,39.92819786369994,116.48152295826436,2023-01-24 13:35:48.302002,2023-01-24 13:44:03.302002,8.25
3,39.928294336800235,116.48146872212133,2023-01-24 13:45:03.302002,2023-01-24 14:04:51.989892,19.811464833333332
3,39.91965601733718,116.52782287991464,2023-01-24 14:39:51.989892,2023-01-24 14:46:36.989892,6.75
3,39.91963947747176,116.52806400887974,2023-01-24 14:47:36.989892,2023-01-24 18:27:35.508760,219.97531446666665
3,39.89867217931126,116.50333077556087,2023-01-24 18:36:20.508760,2023-01-25 08:00:56.817725,804.6051494166666
3,39.919612880608035,116.52803110848163,2023-01-25 08:08:11.817725,2023-01-25 11:56:00.882422,227.81774495
3,39.92827622895979,116.48150103822086,2023-01-25 12:27:00.882422,2023-01-25 13:47:18.676878,80.29657426666667
3,39.919625076368,116.52806896455711,2023-01-25 13:59:48.676878,2023-01-25 17:10:03.676878,190.25
3,39.91963228773173,116.52806931907205,2023-01-25 17:11:03.676878,2023-01-25 18:15:49.177832,64.75834923333333
3,39.89867179477936,116.50332983868253,2023-01-25 18:24:49.177832,2023-01-26 07:44:45.868913,799.9448513499999
3,39.91960240479457,116.52802142424969,2023-01-26 07:52:30.868913,2023-01-26 08:08:45.868913,16.25
3,39.91962371186421,116.52805731542465,2023-01-26 08:09:45.868913,2023-01-26 11:51:00.599179,221.24550443333334
3,39.954383420631345,116.39054584981494,2023-01-26 12:27:45.599179,2023-01-26 12:56:00.599179,28.25
3,39.95427715241434,116.39049780925647,2023-01-26 12:57:00.599179,2023-01-26 13:33:06.076312,36.091285549999995
3,39.91962368684637,116.52807447553513,2023-01-26 14:24:51.076312,2023-01-26 19:00:31.391155,275.67191405
3,39.89867484806898,116.50333618874994,2023-01-26 19:09:16.391155,2023-01-27 08:24:51.139571,795.5791402666667
3,39.91962343679277,116.52805565872049,2023-01-27 08:29:21.139571,2023-01-27 12:04:05.997335,214.7476294
3,39.999605744327766,116.22951000893165,2023-01-27 14:26:50.997335,2023-01-27 15:14:52.351529,48.0225699
3,39.919625168967855,116.52809099531562,2023-01-27 18:40:07.351529,2023-01-27 21:25:37.351529,165.5
3,39.91963500534493,116.5280842541772,2023-01-27 21:26:37.351529,2023-01-27 23:15:52.173991,109.24704103333333
3,39.89867844718712,116.50332742352929,2023-01-28 02:40:36.248497,2023-01-28 07:40:53.967511,300.2953169
3,39.92824887794115,116.48148243304888,2023-01-28 07:51:38.967511,2023-01-28 11:14:50.527910,203.19267331666666
3,39.89867331217644,116.50333410818799,2023-01-28 11:25:35.527910,2023-01-29 07:24:56.301824,1199.3462319
3,39.9995929896845,116.22943212723617,2023-01-29 08:41:41.301824,2023-01-29 09:40:56.301824,59.25
3,39.99962520353981,116.22943037446255,2023-01-29 09:41:56.301824,2023-01-29 11:45:03.401704,123.11833133333333
3,39.89868514249092,116.50327840275246,2023-01-29 13:02:03.401704,2023-01-29 13:20:18.401704,18.25
3,39.89867592656733,116.50333530111953,2023-01-29 13:21:18.401704,2023-01-30 07:41:54.601735,1100.60333385
3,39.9196256633781,116.5280731748586,2023-01-30 07:49:54.601735,2023-01-30 12:06:29.132376,256.57551068333333
3,39.99959970137208,116.2294334545982,2023-01-30 14:14:14.132376,2023-01-30 15:14:37.048489,60.38193521666667
3,39.919617238501566,116.5280690950268,2023-01-30 17:16:52.048489,2023-01-30 20:29:39.973702,192.79875355000001
3,39.898672534794365,116.5033319388937,2023-01-30 20:38:24.973702,2023-01-31 08:18:26.115663,700.0190326833333
3,39.91961528228882,116.52805828478422,2023-01-31 08:24:56.115663,2023-01-31 12:48:12.973578,263.28096525
3,39.901080120797275,116.40690195342852,2023-01-31 14:41:42.973578,2023-01-31 15:16:49.683543,35.11183275
3,39.919626167795,116.52806688442463,2023-01-31 16:39:34.683543,2023-01-31 20:15:57.061195,216.37296086666666
3,39.882863025678034,116.24637140300251,2023-01-31 21:28:12.061195,2023-01-31 21:49:30.479617,21.3069737
3,39.89866705991995,116.50332720275983,2023-01-31 22:54:45.479617,2023-02-01 08:37:41.028424,582.92581345
3,39.919627421091356,116.52807696127479,2023-02-01 08:43:41.028424,2023-02-01 12:58:12.968965,254.53234235
3,39.90098713401942,116.40690335408974,2023-02-01 13:52:57.968965,2023-02-01 14:05:52.741715,12.912879166666666
3,39.91961010402604,116.52806080160832,2023-02-01 14:46:07.741715,2023-02-01 18:53:47.574071,247.66387260000002
3,39.8612670108926,116.47041636326932,2023-02-01 19:17:32.574071,2023-02-01 20:19:19.183449,61.77682296666667
3,39.898670562613916,116.5033346705411,2023-02-01 20:33:49.183449,2023-02-02 08:04:48.568524,690.9897512499999
3,39.91962298555012,116.52804785918033,2023-02-02 08:11:48.568524,2023-02-02 12:31:44.993890,259.94042276666664
3,39.9543052189634,116.39048739799173,2023-02-02 14:14:14.993890,2023-02-02 14:59:59.993890,45.75
3,39.95434863749345,116.39052167473304,2023-02-02 15:00:59.993890,2023-02-02 15:17:28.542857,16.475816116666667
3,39.91964654359462,116.52792917512517,2023-02-02 17:00:43.542857,2023-02-02 17:17:28.542857,16.75
3,39.91962861424168,116.52807249224597,2023-02-02 17:18:28.542857,2023-02-02 20:53:05.371008,214.61380251666665
3,39.898672605409374,116.50333368855165,2023-02-02 21:02:05.371008,2023-02-03 08:27:34.232023,685.4810169166667
3,39.91962279737064,116.5280730645696,2023-02-03 08:33:49.232023,2023-02-03 13:28:49.586640,295.0059102833333
3,39.90102590309187,116.40683244079639,2023-02-03 14:47:49.586640,2023-02-03 15:38:18.391658,50.48008363333334
3,39.919574328527744,116.52802442818302,2023-02-03 16:43:03.391658,2023-02-03 16:55:33.391658,12.5
3,39.91965812623153,116.52807017795412,2023-02-03 16:56:33.391658,2023-02-03 20:05:45.613454,189.2036966
3,39.89867037180642,116.5033337870191,2023-02-03 20:14:45.613454,2023-02-06 07:52:05.166385,3577.3258821833338
3,39.91964312099447,116.52807253834948,2023-02-06 07:59:05.166385,2023-02-06 11:55:56.891255,236.86208116666666
3,39.9282852245,116.48149815765048,2023-02-06 12:07:56.891255,2023-02-06 13:17:46.065210,69.81956591666668
3,39.919648846377086,116.52800051636972,2023-02-06 13:31:46.065210,2023-02-06 13:42:01.065210,10.25
3,39.919625697261864,116.52807737612666,2023-02-06 13:43:01.065210,2023-02-06 17:30:57.177525,227.93520525
3,39.89870298277302,116.50337368510338,2023-02-06 17:39:27.177525,2023-02-06 18:10:42.177525,31.25
3,39.89866779478817,116.50333265406358,2023-02-06 18:11:42.177525,2023-02-07 07:37:53.672237,806.1915785333333
3,39.919615783990174,116.52805179851696,2023-02-07 07:45:53.672237,2023-02-07 11:14:54.702655,209.01717363333333
3,39.999617812251934,116.22944577933434,2023-02-07 14:43:39.702655,2023-02-07 15:39:20.193869,55.67485356666667
3,39.91963940067918,116.52804534661763,2023-02-07 17:01:50.193869,2023-02-07 18:16:05.193869,74.25
3,39.91962635926029,116.52806538570867,2023-02-07 18:17:05.193869,2023-02-07 21:41:27.532789,204.37231533333335
3,39.89866925292639,116.50333444705173,2023-02-07 21:50:12.532789,2023-02-08 07:39:50.102550,589.6261626833333
3,39.919633815532066,116.52807467132811,2023-02-08 07:47:35.102550,2023-02-08 12:03:13.653653,255.64251838333334
3,39.928278021419295,116.48150775721999,2023-02-08 12:15:28.653653,2023-02-08 12:51:18.189773,35.825602
3,39.91962916005602,116.52806765973737,2023-02-08 13:03:03.189773,2023-02-08 17:18:44.163205,255.68289053333334
3,39.89866588454143,116.50333015728911,2023-02-08 17:27:29.163205,2023-02-09 07:49:45.372358,862.27015255
3,39.91962205067858,116.52806044468628,2023-02-09 07:57:45.372358,2023-02-09 12:26:16.074834,268.51170793333335
3,39.999598345221166,116.22947719383093,2023-02-09 14:04:31.074834,2023-02-09 15:06:49.385112,62.3051713
3,39.919631483572836,116.52806868200706,2023-02-09 18:22:34.385112,2023-02-09 22:10:50.967144,228.2763672
3,39.90101727305707,116.40676538114651,2023-02-09 22:41:50.967144,2023-02-09 23:21:15.726647,39.41265838333334
3,39.8986780513565,116.50333282909189,2023-02-09 23:45:15.726647,2023-02-10 08:23:22.749825,518.1170529666666
3,39.9196389750128,116.52806093984825,2023-02-10 08:27:52.749825,2023-02-10 12:25:33.650512,237.68167811666666
3,39.92823045375025,116.48167946322613,2023-02-10 13:08:18.650512,2023-02-10 13:39:10.298428,30.8607986
3,39.91962467332139,116.52798676636543,2023-02-10 14:15:25.298428,2023-02-10 14:38:10.298428,22.75
3,39.9196277562251,116.52804768995979,2023-02-10 14:39:10.298428,2023-02-10 17:17:07.216845,157.94864028333333
3,39.89867228687534,116.5033360648505,2023-02-10 17:25:52.216845,2023-02-11 06:50:14.386351,804.3694917666667
3,39.95430652323273,116.39047820868421,2023-02-11 07:23:59.386351,2023-02-11 10:15:01.468714,171.03470604999998
3,39.89866789364868,116.50333480293193,2023-02-11 10:48:46.468714,2023-02-12 09:03:28.572172,1334.7017243
3,39.999638912551184,116.22942931198935,2023-02-12 10:20:28.572172,2023-02-12 13:26:13.479602,185.74845716666667
3,39.8987118902426,116.50319513775452,2023-02-12 14:42:58.479602,2023-02-12 14:51:13.479602,8.25
3,39.89866881902667,116.5033304822525,2023-02-12 14:52:13.479602,2023-02-13 07:46:31.726778,1014.3041195999999
3,39.91962624227476,116.52806615529057,2023-02-13 07:51:16.726778,2023-02-13 12:22:13.607721,270.94801571666665
3,39.9009974404107,116.4068114611679,2023-02-13 14:24:58.607721,2023-02-13 15:04:07.150961,39.14238733333333
3,39.91962559658589,116.5280684529318,2023-02-13 15:42:07.150961,2023-02-13 18:31:22.150961,169.25
3,39.91962556521745,116.52806078554836,2023-02-13 18:32:22.150961,2023-02-13 19:18:15.638782,45.891463683333335
3,39.898673505232416,116.50333555819786,2023-02-13 19:27:15.638782,2023-02-14 08:26:02.030450,778.7731944666666
3,39.91961813004868,116.52806982719146,2023-02-14 08:33:02.030450,2023-02-14 11:48:29.782445,195.46253325
3,39.999597284964736,116.2293972892165,2023-02-14 14:32:44.782445,2023-02-14 15:22:55.302830,50.17533975
3,39.91961612755472,116.5279455579304,2023-02-14 16:51:25.302830,2023-02-14 17:05:40.302830,14.25
3,39.919614871535956,116.52807148904328,2023-02-14 17:06:40.302830,2023-02-14 21:04:08.480985,237.46963591666665
3,39.931186726697284,116.28067531310056,2023-02-14 22:07:08.480985,2023-02-14 23:14:45.763539,67.6213759
3,39.89866399595743,116.50333352277612,2023-02-15 00:12:00.000000,2023-02-15 08:24:20.250159,492.33750265
3,39.91963315404467,116.52808951223253,2023-02-15 08:30:05.250159,2023-02-15 12:46:59.718451,256.90780486666665
3,39.999554918661644,116.22951733025695,2023-02-15 15:35:14.718451,2023-02-15 15:56:44.718451,21.5
3,39.91968647223779,116.52796101313646,2023-02-15 20:22:04.821217,2023-02-15 20:33:49.821217,11.75
3,39.91962944364076,116.52807620453305,2023-02-15 20:34:49.821217,2023-02-15 23:51:45.255257,196.92390066666667
3,39.88289449826953,116.24730281994191,2023-02-16 01:03:45.255257,2023-02-16 02:20:17.874161,76.5436484
3,39.898664175478785,116.50332857496983,2023-02-16 03:25:00.000000,2023-02-16 08:08:00.339260,283.0056543333333
3,39.919613797065395,116.52805294980926,2023-02-16 08:14:00.339260,2023-02-16 12:22:26.623563,248.43807171666668
3,39.9282832734755,116.48149332339293,2023-02-16 12:35:11.623563,2023-02-16 13:14:26.623563,39.25
3,39.92830241380273,116.48152366059105,2023-02-16 13:15:26.623563,2023-02-16 13:37:24.756642,21.96888465
3,39.91963885638259,116.52782934236481,2023-02-16 13:57:39.756642,2023-02-16 14:04:09.756642,6.5
3,39.919617266740396,116.52807089767911,2023-02-16 14:05:09.756642,2023-02-16 17:41:28.527304,216.31284436666667
3,39.8986686427081,116.50333059288214,2023-02-16 17:50:13.527304,2023-02-17 07:20:11.247645,809.9620056833334
3,39.91961905838663,116.52806010067985,2023-02-17 07:26:11.247645,2023-02-17 12:17:50.243985,291.649939
3,39.954308377619796,116.39056424317664,2023-02-17 13:01:20.243985,2023-02-17 14:04:26.163514,63.09865881666666
3,39.9196074437072,116.52806022290162,2023-02-17 15:07:26.163514,2023-02-17 18:03:58.833240,176.54449543333334
3,39.92826447915201,116.48151497809323,2023-02-17 18:15:28.833240,2023-02-17 19:00:38.157646,45.15540676666667
3,39.89866998695753,116.50333173922182,2023-02-17 19:11:23.157646,2023-02-18 23:58:41.729124,1727.3095246333332
4,39.86088116495814,116.405663193054,2023-01-01 00:00:00.000000,2023-01-01 07:59:19.805088,479.3300848
4,39.89032749532418,116.32775663374204,2023-01-01 08:20:49.805088,2023-01-01 11:16:43.289917,175.89141381666667
4,39.86090550819861,116.40565382088846,2023-01-01 11:37:58.289917,2023-01-01 12:48:13.289917,70.25
4,39.86088304907226,116.40567504035825,2023-01-01 12:49:13.289917,2023-01-02 08:37:41.099619,1188.4634950333334
4,39.81060092021879,116.41199018997968,2023-01-02 08:49:11.099619,2023-01-02 12:57:39.650648,248.47585048333335
4,39.890299348881406,116.32781620399138,2023-01-02 14:40:24.650648,2023-01-02 15:38:43.357505,58.31178095
4,39.81061222393734,116.4119999740924,2023-01-02 16:17:13.357505,2023-01-02 17:23:28.357505,66.25
4,39.81059255500894,116.41197564944967,2023-01-02 17:24:28.357505,2023-01-02 20:08:21.997235,163.89399550000002
4,39.890321112454586,116.32777494619262,2023-01-02 20:42:06.997235,2023-01-02 21:40:40.945490,58.56580425
4,39.860899213298694,116.40559789631288,2023-01-02 22:01:55.945490,2023-01-02 22:13:10.945490,11.25
4,39.86087987920999,116.40567786430127,2023-01-02 22:14:10.945490,2023-01-03 08:54:28.387834,640.2907057333334
4,39.81059899901658,116.41199436623086,2023-01-03 09:05:58.387834,2023-01-03 13:14:43.296840,248.74848343333332
4,39.89161354338793,116.4029846893579,2023-01-03 13:43:28.296840,2023-01-03 15:02:40.772284,79.20792406666666
4,39.81059791994605,116.41200160823831,2023-01-03 15:51:10.772284,2023-01-03 16:24:25.772284,33.25
4,39.810587331417004,116.41198219200712,2023-01-03 16:25:25.772284,2023-01-03 20:16:25.716985,230.99907835000002
4,39.86087162871485,116.40568066753852,2023-01-03 20:32:55.716985,2023-01-04 07:55:01.407836,682.0948475166666
4,39.81059181006571,116.41199305426017,2023-01-04 08:07:16.407836,2023-01-04 12:28:05.329063,260.81535378333336
4,40.02415019125903,116.22995360591074,2023-01-04 14:11:20.329063,2023-01-04 15:06:30.948995,55.176998866666665
4,39.81060766575965,116.41198161127826,2023-01-04 17:12:30.948995,2023-01-04 20:55:07.645725,222.61161216666667
4,39.860873953171634,116.40567082881877,2023-01-04 21:11:22.645725,2023-01-05 07:40:19.758269,628.9518757333334
4,39.810602224883176,116.41199202694835,2023-01-05 07:50:49.758269,2023-01-05 12:10:10.327708,259.34282398333335
4,40.02416746059036,116.22994897900873,2023-01-05 17:42:25.327708,2023-01-05 18:27:10.327708,44.75
4,40.02420306945754,116.22989938557781,2023-01-05 18:28:10.327708,2023-01-05 19:01:10.444453,33.00194575
4,39.810610806709754,116.41200690702671,2023-01-05 20:49:55.444453,2023-01-06 01:11:50.403952,261.91599165
4,39.860879797554425,116.40567364167461,2023-01-06 01:28:00.000000,2023-01-06 07:40:11.389078,372.1898179666667
4,39.8106215597903,116.41198508930943,2023-01-06 07:48:11.389078,2023-01-06 11:51:39.287983,243.46498175
4,39.89158716483024,116.40298624143065,2023-01-06 12:34:09.287983,2023-01-06 13:33:49.097393,59.66349016666666
4,39.81060353150362,116.41198614922943,2023-01-06 14:06:49.097393,2023-01-06 16:12:04.097393,125.25
4,39.810591637496024,116.41196813905968,2023-01-06 16:13:04.097393,2023-01-06 17:59:22.912458,106.31358441666666
4,40.046042511106776,116.4887181023808,2023-01-06 19:19:52.912458,2023-01-06 20:13:43.847603,53.848919083333335
4,39.86091069395362,116.40574678807694,2023-01-06 21:18:13.847603,2023-01-06 21:30:28.847603,12.25
4,39.860879799296264,116.40567611615224,2023-01-06 21:31:28.847603,2023-01-08 07:29:10.668451,2037.6970141333334
4,39.89032008999704,116.32779205367694,2023-01-08 07:50:25.668451,2023-01-08 09:02:09.991654,71.73872005
4,39.86088686070482,116.40552235822838,2023-01-08 09:23:24.991654,2023-01-08 09:28:39.991654,5.25
4,39.86087192702972,116.40566998030143,2023-01-08 09:29:39.991654,2023-01-09 07:34:49.782085,1325.16317385
4,39.81059323889298,116.41198045563492,2023-01-09 07:44:04.782085,2023-01-09 12:24:12.322316,280.1256705166667
4,39.891568458632186,116.40293153518871,2023-01-09 13:09:57.322316,2023-01-09 14:11:41.518474,61.736602633333334
4,39.810649118164775,116.41204552713843,2023-01-09 14:44:41.518474,2023-01-09 14:53:56.518474,9.25
4,39.810603572502735,116.41198118505555,2023-01-09 14:54:56.518474,2023-01-09 17:53:40.839616,178.73868570000002
4,39.860879498598194,116.40567973041809,2023-01-09 18:10:10.839616,2023-01-10 08:54:51.446157,884.6767756833334
4,39.810767451276405,116.41200520452814,2023-01-10 09:10:06.446157,2023-01-10 09:15:21.446157,5.25
4,39.810601851863446,116.41200030098896,2023-01-10 09:16:21.446157,2023-01-10 13:41:23.482037,265.0339313333333
4,40.02416913986349,116.22997048104527,2023-01-10 16:59:08.482037,2023-01-10 18:21:38.482037,82.5
4,40.02417234661395,116.22995272328052,2023-01-10 18:22:38.482037,2023-01-10 18:50:38.006618,27.992076349999998
4,39.81060575470161,116.41200225361874,2023-01-10 21:12:53.006618,2023-01-11 00:45:47.677335,212.9111786166667
4,40.04561456868756,116.48853360256801,2023-01-11 02:05:47.677335,2023-01-11 03:25:20.142814,79.54109131666668
4,39.86086416066198,116.405665989528,2023-01-11 04:29:35.142814,2023-01-11 04:46:00.000000,16.414286433333334
4,39.86088885715404,116.40567883984788,2023-01-11 04:47:00.000000,2023-01-11 08:01:53.684369,194.89473948333335
4,39.810605080046564,116.41199201763041,2023-01-11 08:15:53.684369,2023-01-11 12:47:31.042274,271.62263175000004
4,39.890281825202564,116.32782480234957,2023-01-11 13:48:31.042274,2023-01-11 14:28:40.319405,40.15461885
4,39.81069166706619,116.41182215550464,2023-01-11 16:11:55.319405,2023-01-11 16:17:40.319405,5.75
4,39.81058563276989,116.4120098785389,2023-01-11 16:18:40.319405,2023-01-11 20:24:22.320061,245.70001093333335
4,39.86087986044067,116.40567091641883,2023-01-11 20:40:52.320061,2023-01-12 08:09:36.939969,688.7436651333334
4,39.81060287778045,116.41198964272382,2023-01-12 08:21:51.939969,2023-01-12 12:23:34.351395,241.7068571
4,39.89028685501151,116.32776920494595,2023-01-12 13:59:34.351395,2023-01-12 15:06:34.717425,67.0061005
4,39.81060508836013,116.41200282061318,2023-01-12 15:56:04.717425,2023-01-12 20:27:03.487256,270.9794971833333
4,39.89160224480113,116.40294957808537,2023-01-12 20:53:33.487256,2023-01-12 21:30:50.146027,37.27764618333333
4,39.86087470569632,116.40567338745795,2023-01-12 21:40:35.146027,2023-01-13 08:01:32.207028,620.9510166833334
4,39.81059859759401,116.41198407165,2023-01-13 08:14:17.207028,2023-01-13 12:19:45.837323,245.47717158333336
4,39.890290569978525,116.32779636199041,2023-01-13 13:07:30.837323,2023-01-13 13:52:30.401924,44.99274335
4,39.81066713677647,116.41195426530244,2023-01-13 14:30:45.401924,2023-01-13 14:43:00.401924,12.25
4,39.81059568385519,116.4119805936001,2023-01-13 14:44:00.401924,2023-01-13 19:57:05.913538,313.0918602333333
4,39.860881682434425,116.40567561380243,2023-01-13 20:13:35.913538,2023-01-14 07:15:24.712885,661.81332245
4,39.8902974895582,116.32783845816321,2023-01-14 07:36:39.712885,2023-01-14 07:55:54.712885,19.25
4,39.890323767178096,116.32776486752944,2023-01-14 07:56:54.712885,2023-01-14 10:31:00.202135,154.0914875
4,39.86087395294179,116.40567329521429,2023-01-14 10:52:45.202135,2023-01-15 08:01:28.473560,1268.7211904166666
4,40.02416488220492,116.22997146190383,2023-01-15 09:11:28.473560,2023-01-15 10:40:43.473560,89.25
4,40.024155993252094,116.22991556339416,2023-01-15 10:41:43.473560,2023-01-15 12:15:52.567137,94.15155961666666
4,39.86088511603158,116.40554327112443,2023-01-15 13:25:37.567137,2023-01-15 13:36:52.567137,11.25
4,39.860882809080785,116.40567995754175,2023-01-15 13:37:52.567137,2023-01-16 07:08:26.515103,1050.5657994333333
4,39.810668811170665,116.4119288292737,2023-01-16 07:22:11.515103,2023-01-16 07:34:26.515103,12.25
4,39.810583394941695,116.41198816157475,2023-01-16 07:35:26.515103,2023-01-16 10:55:00.696097,199.56968323333334
4,40.02416140397393,116.22993512012722,2023-01-16 13:28:15.696097,2023-01-16 14:32:45.020162,64.48873441666666
4,39.810590340083756,116.41199928726358,2023-01-16 16:48:45.020162,2023-01-16 20:27:14.918487,218.49830541666668
4,39.8903015483415,116.3277965331958,2023-01-16 21:00:44.918487,2023-01-16 21:21:09.330780,20.40687155
4,39.86086910150735,116.40567807965752,2023-01-16 21:42:39.330780,2023-01-17 08:02:58.376384,620.3174267333333
4,39.81058029263052,116.41199203204985,2023-01-17 08:12:13.376384,2023-01-17 12:22:19.618327,250.10403238333336
4,40.02409284356576,116.22998200374532,2023-01-17 14:22:49.618327,2023-01-17 15:16:45.495326,53.931283316666665
4,39.81065322217663,116.41192901862674,2023-01-17 18:24:15.495326,2023-01-17 18:41:45.495326,17.5
4,39.81059249798951,116.41199261706413,2023-01-17 18:42:45.495326,2023-01-17 22:47:20.605000,244.5851612333333
4,39.86077704802434,116.40569015639447,2023-01-17 23:03:35.605000,2023-01-17 23:12:50.605000,9.25
4,39.86087453897808,116.4056707331576,2023-01-17 23:13:50.605000,2023-01-18 08:27:08.510675,553.2984279166667
4,39.810593801721254,116.41198650205297,2023-01-18 08:39:53.510675,2023-01-18 13:27:19.786499,287.4379304
4,39.89157141143811,116.40297650061763,2023-01-18 14:30:04.786499,2023-01-18 15:03:34.786499,33.5
4,39.891599630800286,116.40300362406502,2023-01-18 15:04:34.786499,2023-01-18 15:36:44.686208,32.16499515
4,39.81062547087966,116.41197200395764,2023-01-18 16:09:29.686208,2023-01-18 16:37:44.686208,28.25
4,39.810592233084925,116.4119998150684,2023-01-18 16:38:44.686208,2023-01-18 20:29:14.553549,230.49778901666664
4,39.860807262675046,116.40567137169587,2023-01-18 20:45:29.553549,2023-01-18 20:56:44.553549,11.25
4,39.86086745874051,116.4056970214529,2023-01-18 20:57:44.553549,2023-01-19 00:08:00.000000,190.25744085
4,39.86083796498652,116.40568569505048,2023-01-19 00:09:00.000000,2023-01-19 00:46:00.000000,37.0
4,39.86088506516741,116.40566388113206,2023-01-19 00:47:00.000000,2023-01-19 08:02:27.750661,435.4625110166666
4,39.81060356433327,116.41199256488154,2023-01-19 08:14:27.750661,2023-01-19 11:35:42.264092,201.24189051666664
4,39.8915509029331,116.40296804510257,2023-01-19 12:07:42.264092,2023-01-19 13:15:11.388533,67.48540735
4,39.810583438871774,116.41200822764583,2023-01-19 13:55:26.388533,2023-01-19 18:11:37.562998,256.18624108333336
4,39.86087643161961,116.40567136228191,2023-01-19 18:27:52.562998,2023-01-20 08:35:41.171075,847.8101346166666
4,39.810592710913326,116.41200658908183,2023-01-20 08:47:11.171075,2023-01-20 12:36:19.242354,229.13452131666665
4,39.890287617965896,116.32784027337227,2023-01-20 13:12:04.242354,2023-01-20 13:39:19.242354,27.25
4,39.890332961682326,116.32780204667772,2023-01-20 13:40:19.242354,2023-01-20 14:36:59.960605,56.67863751666666
4,39.81058989520358,116.41200601930974,2023-01-20 16:00:29.960605,2023-01-20 20:28:16.739089,267.7796414
4,39.99993645080435,116.496418219773,2023-01-20 21:34:01.739089,2023-01-20 22:40:47.318729,66.75966066666666
4,39.8608973039879,116.40570284392297,2023-01-20 23:31:47.318729,2023-01-21 00:15:00.000000,43.21135451666667
4,39.860876136419336,116.40567355501047,2023-01-21 00:16:00.000000,2023-01-22 08:38:17.337082,1942.2889513666667
4,39.99992160634554,116.49643159182033,2023-01-22 09:29:47.337082,2023-01-22 12:23:33.019797,173.76137858333334
4,39.86087316315758,116.40567053034498,2023-01-22 13:14:48.019797,2023-01-23 07:48:31.624535,1113.7267456333332
4,39.81058936212311,116.41198601602596,2023-01-23 08:01:01.624535,2023-01-23 13:18:21.351017,317.3287747
4,39.890332850974175,116.32779458558893,2023-01-23 14:07:36.351017,2023-01-23 15:19:16.161376,71.66350598333334
4,39.81060136166934,116.4119932183429,2023-01-23 16:02:16.161376,2023-01-23 20:07:30.313451,245.23586791666668
4,40.02412992142853,116.22998166066864,2023-01-23 21:31:45.313451,2023-01-23 21:49:00.313451,17.25
4,40.02416427340649,116.22990648296789,2023-01-23 21:50:00.313451,2023-01-23 22:32:37.804530,42.624851316666664
4,39.8609055349713,116.40569210275228,2023-01-23 23:42:22.804530,2023-01-23 23:49:37.804530,7.25
4,39.86087786790422,116.40567162681992,2023-01-23 23:50:37.804530,2023-01-24 07:50:22.393793,479.7431543833334
4,39.81060027813399,116.41200431814919,2023-01-24 08:03:52.393793,2023-01-24 12:10:48.443761,246.93416613333332
4,39.89157816070346,116.40295136952105,2023-01-24 12:41:48.443761,2023-01-24 13:45:43.569499,63.918762300000004
4,39.810601053400184,116.41200176158209,2023-01-24 14:58:58.569499,2023-01-24 17:23:28.569499,144.5
4,39.81057975883173,116.41198023012184,2023-01-24 17:24:28.569499,2023-01-24 19:40:06.983944,135.64024075
4,39.86087904531799,116.40567882723026,2023-01-24 19:56:36.983944,2023-01-25 07:48:35.622665,711.9773120166667
4,39.810606342423135,116.41200858239462,2023-01-25 08:01:05.622665,2023-01-25 12:11:29.379358,250.39594488333333
4,39.89152095104714,116.40294431154209,2023-01-25 13:29:14.379358,2023-01-25 14:13:56.527889,44.70247551666667
4,39.810591907873004,116.41200195507317,2023-01-25 14:41:56.527889,2023-01-25 18:55:49.684502,253.88594354999998
4,39.86085879365628,116.40568347090597,2023-01-25 19:12:04.684502,2023-01-25 19:37:19.684502,25.25
4,39.860879410551895,116.40567864157481,2023-01-25 19:38:19.684502,2023-01-26 08:17:29.442925,759.1626403833333
4,39.81060347890432,116.41198853694297,2023-01-26 08:25:44.442925,2023-01-26 12:30:37.435899,244.88321623333334
4,39.89158980018534,116.40299734855503,2023-01-26 13:00:07.435899,2023-01-26 13:13:22.435899,13.25
4,39.89160087431682,116.40296336938613,2023-01-26 13:14:22.435899,2023-01-26 14:03:01.017173,48.643021233333336
4,39.81083437442933,116.41201418281217,2023-01-26 14:48:01.017173,2023-01-26 14:53:31.017173,5.5
4,39.81058790578926,116.41197586980036,2023-01-26 14:54:31.017173,2023-01-26 18:54:37.277897,240.1043454
4,39.86087023013273,116.40567118688256,2023-01-26 19:54:22.612469,2023-01-27 07:15:02.618290,680.6667636833333
4,39.81066802165414,116.41204792193068,2023-01-27 07:30:47.618290,2023-01-27 07:49:02.618290,18.25
4,39.810601228279396,116.41199956265781,2023-01-27 07:50:02.618290,2023-01-27 12:06:47.387208,256.74614863333335
4,40.02402937853762,116.22992264754643,2023-01-27 13:37:17.387208,2023-01-27 13:42:32.387208,5.25
4,40.024139417749495,116.22995414010344,2023-01-27 13:43:32.387208,2023-01-27 14:22:39.822766,39.12392596666667
4,39.81061100621513,116.41199862027798,2023-01-27 16:49:54.822766,2023-01-27 21:59:22.488478,309.46109520000005
4,39.86087721243546,116.40567200174377,2023-01-27 22:15:37.488478,2023-01-30 07:53:58.496281,3458.3501300499997
4,39.81060783927054,116.41196095291895,2023-01-30 08:03:43.496281,2023-01-30 12:06:50.987671,243.1248565
4,40.02411159995657,116.22996245929797,2023-01-30 17:15:50.987671,2023-01-30 17:35:35.987671,19.75
4,40.02417353635594,116.22993229095647,2023-01-30 17:36:35.987671,2023-01-30 18:45:48.589398,69.21002878333334
4,39.81058556265445,116.41199066777736,2023-01-30 20:45:03.589398,2023-01-31 00:28:41.220084,223.6271781
4,39.86087335175504,116.40567086345605,2023-01-31 01:33:00.000000,2023-01-31 08:01:49.236698,388.82061163333333
4,39.81059472065848,116.41199811979574,2023-01-31 08:11:49.236698,2023-01-31 11:45:00.217572,213.18301456666669
4,40.02409054534627,116.23002518476596,2023-01-31 13:48:30.217572,2023-01-31 14:32:14.024847,43.73012125
4,39.81059321629394,116.41198084247112,2023-01-31 19:30:44.024847,2023-01-31 23:34:27.051927,243.717118
4,39.86088257345377,116.40567257388973,2023-01-31 23:50:42.051927,2023-02-01 07:59:17.753289,488.5950227
4,39.81058962355203,116.41198687679305,2023-02-01 08:08:02.753289,2023-02-01 12:26:47.130615,258.7396221
4,40.02412938413339,116.2299919722735,2023-02-01 14:12:47.130615,2023-02-01 14:48:05.319314,35.30314498333333
4,39.81060280762386,116.41198521290623,2023-02-01 16:42:35.319314,2023-02-01 17:46:50.319314,64.25
4,39.8105838381056,116.41199903555403,2023-02-01 17:47:50.319314,2023-02-01 19:45:42.925062,117.87676246666666
4,40.0459547635433,116.48870479883655,2023-02-01 21:06:12.925062,2023-02-01 21:20:03.421080,13.841600300000001
4,39.86085351703464,116.40569903703687,2023-02-01 22:24:18.421080,2023-02-01 22:44:33.421080,20.25
4,39.860871441012414,116.4056733684899,2023-02-01 22:45:33.421080,2023-02-02 08:40:11.810087,594.6398167833333
4,39.81059676786388,116.41198521158104,2023-02-02 08:48:56.810087,2023-02-02 12:29:45.033114,220.80371711666666
4,40.02417626769401,116.22996090174205,2023-02-02 15:42:00.033114,2023-02-02 16:35:44.083761,53.73417745
4,39.810642339141125,116.41198625396493,2023-02-02 19:20:14.083761,2023-02-02 20:14:29.083761,54.25
4,39.81058321589693,116.41198459148285,2023-02-02 20:15:29.083761,2023-02-02 23:15:37.064614,180.13301421666665
4,39.86080778212014,116.40569970905129,2023-02-02 23:31:52.064614,2023-02-02 23:43:07.064614,11.25
4,39.86087222736245,116.40566661798276,2023-02-02 23:44:07.064614,2023-02-03 07:39:49.005048,475.69900723333336
4,39.810608547819605,116.4119961355994,2023-02-03 07:52:19.005048,2023-02-03 11:56:49.949202,244.5157359
4,39.89160483335368,116.40295502860626,2023-02-03 12:30:34.949202,2023-02-03 12:45:49.949202,15.25
4,39.89161146347081,116.40293589082049,2023-02-03 12:46:49.949202,2023-02-03 13:48:19.817983,61.49781301666667
4,39.81060147560117,116.41199334069788,2023-02-03 14:34:19.817983,2023-02-03 19:26:59.760006,292.66570038333333
4,40.02407329176719,116.23001098850743,2023-02-03 20:51:14.760006,2023-02-03 21:33:06.326676,41.8594445
4,39.86087786432892,116.40566890631085,2023-02-03 22:42:36.326676,2023-02-04 08:34:40.223726,592.0649508333333
4,39.890361183177305,116.32777636517586,2023-02-04 08:56:10.223726,2023-02-04 12:23:54.514258,207.73817553333336
4,39.860947298643104,116.40557056674861,2023-02-04 12:45:09.514258,2023-02-04 12:56:24.514258,11.25
4,39.86087630349951,116.4056736059358,2023-02-04 12:57:24.514258,2023-02-06 07:30:22.196759,2552.961375016667
4,39.81062477489734,116.41197530814111,2023-02-06 07:44:07.196759,2023-02-06 11:20:09.873256,216.04460828333333
4,40.02413228473954,116.22997290242189,2023-02-06 15:42:54.873256,2023-02-06 16:01:39.873256,18.75
4,40.02417617998356,116.2299208087522,2023-02-06 16:02:39.873256,2023-02-06 16:14:33.414446,11.892353166666668
4,39.81068123074612,116.41198796679258,2023-02-06 17:41:18.414446,2023-02-06 17:49:33.414446,8.25
4,39.81058709093086,116.41198233571804,2023-02-06 17:50:33.414446,2023-02-06 21:58:34.266809,248.01420605
4,39.8608576469614,116.4056421836595,2023-02-06 22:14:49.266809,2023-02-06 23:06:04.266809,51.25
4,39.86086936901161,116.40566988231745,2023-02-06 23:07:04.266809,2023-02-07 07:56:07.493120,529.05377185
4,39.81059675836989,116.41199479713818,2023-02-07 08:05:07.493120,2023-02-07 11:55:27.607484,230.33523939999998
4,39.890257955589135,116.32783467969963,2023-02-07 12:47:27.607484,2023-02-07 13:42:02.912079,54.58840991666667
4,39.810612940536885,116.41200220777014,2023-02-07 15:38:02.912079,2023-02-07 18:56:05.682257,198.04616963333334
4,39.860875775999396,116.40567243590162,2023-02-07 19:12:20.682257,2023-02-08 07:59:50.336821,767.4942427333333
4,39.81059647937721,116.41199089963891,2023-02-08 08:09:50.336821,2023-02-08 12:10:32.730248,240.7065571166667
4,39.89036060791875,116.32775213526405,2023-02-08 12:46:32.730248,2023-02-08 13:23:23.911432,36.85301973333333
4,39.81059289066167,116.4119891861411,2023-02-08 14:16:38.911432,2023-02-08 17:42:53.911432,206.25
4,39.810571846487726,116.41199374763654,2023-02-08 17:43:53.911432,2023-02-08 18:22:20.793809,38.44803961666666
4,39.86090896760623,116.4057177893231,2023-02-08 18:38:35.793809,2023-02-08 18:44:50.793809,6.25
4,39.8608768351055,116.40566734497892,2023-02-08 18:45:50.793809,2023-02-09 08:36:04.382478,830.2264778166666
4,39.81057909456453,116.41199617604028,2023-02-09 08:47:34.382478,2023-02-09 12:59:21.860518,251.79130066666667
4,39.89157781383252,116.40294254346405,2023-02-09 13:42:21.860518,2023-02-09 14:55:26.775280,73.0819127
4,39.81059315661748,116.41198928914338,2023-02-09 15:39:41.775280,2023-02-09 19:44:06.510389,244.41225181666667
4,39.89029175809933,116.32782763746016,2023-02-09 20:17:21.510389,2023-02-09 20:22:36.510389,5.25
4,39.89034945750175,116.32777893906784,2023-02-09 20:23:36.510389,2023-02-09 20:59:31.669380,35.91931651666666
4,39.86086858298057,116.40565583837865,2023-02-09 21:21:16.669380,2023-02-09 23:58:16.669380,157.0
5,40.016854897133065,116.26561025286013,2023-01-01 00:00:00.000000,2023-01-01 08:14:01.209553,494.0201592166667
5,39.98384180525088,116.36544452051282,2023-01-01 08:41:16.209553,2023-01-01 11:15:27.454268,154.1874119166667
5,40.01680299737748,116.26566269409695,2023-01-01 11:42:12.454268,2023-01-01 12:01:27.454268,19.25
5,40.016857758035975,116.26561115328067,2023-01-01 12:02:27.454268,2023-01-02 08:14:20.468864,1211.8835766
5,39.97993699412876,116.22547487000206,2023-01-02 08:25:50.468864,2023-01-02 14:00:10.186559,334.32862825
5,39.88734371923527,116.36343728530537,2023-01-02 15:02:10.186559,2023-01-02 15:43:43.033593,41.54745056666666
5,39.97991435371635,116.22547344986575,2023-01-02 16:48:43.033593,2023-01-02 20:49:58.033593,241.25
5,39.97994767214314,116.2254329218916,2023-01-02 20:50:58.033593,2023-01-02 21:08:16.742014,17.311807016666666
5,39.93763859435633,116.49815091190692,2023-01-02 22:18:46.742014,2023-01-02 22:28:01.742014,9.25
5,39.93759520148237,116.49823419889962,2023-01-02 22:29:01.742014,2023-01-02 23:17:28.398727,48.44427855
5,40.01684659258962,116.26572957211023,2023-01-03 00:21:43.398727,2023-01-03 00:32:00.000000,10.276687883333333
5,40.01685400030937,116.26561622343608,2023-01-03 00:33:00.000000,2023-01-03 06:56:01.897011,383.03161685000003
5,39.97992780647773,116.22545760775684,2023-01-03 07:05:46.897011,2023-01-03 11:57:09.015091,291.36863466666665
5,39.956350465045965,116.49135659823074,2023-01-03 13:41:24.015091,2023-01-03 14:52:44.361295,71.33910340000001
5,39.97993486206865,116.22547762411963,2023-01-03 16:54:44.361295,2023-01-03 21:29:31.026131,274.77774726666667
5,40.01685998649327,116.26561507372395,2023-01-03 21:45:01.026131,2023-01-04 09:05:13.683425,680.2109548999999
5,39.979929818206884,116.2254749094331,2023-01-04 09:15:13.683425,2023-01-04 13:45:51.801015,270.63529316666666
5,39.956330054592925,116.49135117958015,2023-01-04 16:47:06.801015,2023-01-04 17:45:42.075992,58.587916283333335
5,39.979938259323454,116.22546092327856,2023-01-04 20:33:57.075992,2023-01-04 23:59:12.075992,205.25
5,40.01685250634163,116.2656148164894,2023-01-05 01:05:49.096199,2023-01-05 07:27:47.890196,381.97989995
5,39.97993285838779,116.22546809560323,2023-01-05 07:37:17.890196,2023-01-05 11:38:53.663079,241.59621471666665
5,39.983833101078574,116.36545918511902,2023-01-05 12:19:08.663079,2023-01-05 13:17:16.086067,58.123716466666664
5,39.97991084736879,116.2255328412521,2023-01-05 14:38:16.086067,2023-01-05 14:45:46.086067,7.5
5,39.97993279711406,116.22545733430721,2023-01-05 14:46:46.086067,2023-01-05 19:07:19.484701,260.5566439
5,39.95641058754556,116.49135789066115,2023-01-05 20:15:04.484701,2023-01-05 20:31:19.484701,16.25
5,39.95633235471802,116.49143094765975,2023-01-05 20:32:19.484701,2023-01-05 21:12:23.008379,40.058727966666666
5,40.01682515801526,116.26571844046602,2023-01-05 22:12:53.008379,2023-01-05 22:21:08.008379,8.25
5,40.01686385465545,116.26561189935856,2023-01-05 22:22:08.008379,2023-01-06 07:37:31.832076,555.3970616166666
5,39.97992983293192,116.22546984936318,2023-01-06 07:51:31.832076,2023-01-06 12:21:19.792661,269.7993430833333
5,39.956326477929096,116.49138277106759,2023-01-06 14:08:19.792661,2023-01-06 15:00:44.890388,52.418295449999995
5,39.97995707658704,116.2255586178865,2023-01-06 16:23:29.890388,2023-01-06 16:39:44.890388,16.25
5,39.97993883689772,116.22546549934967,2023-01-06 16:40:44.890388,2023-01-06 21:02:36.351834,261.8576907666667
5,39.93759545232808,116.49820049312984,2023-01-06 22:13:21.351834,2023-01-06 23:06:12.385096,52.850554366666664
5,40.01685971280043,116.26564025527536,2023-01-07 00:10:12.385096,2023-01-07 00:22:00.000000,11.793581733333333
5,40.016844778012995,116.26561750950876,2023-01-07 00:23:00.000000,2023-01-07 07:28:32.680291,425.54467151666665
5,39.95633414188327,116.49125598793886,2023-01-07 08:29:02.680291,2023-01-07 08:35:17.680291,6.25
5,39.95633627401505,116.491427078102,2023-01-07 08:36:17.680291,2023-01-07 12:04:15.524695,207.9640734
5,40.01684920909223,116.26561726942556,2023-01-07 13:04:45.524695,2023-01-08 07:54:34.070234,1129.8090923166667
5,39.88729945982929,116.36338844168213,2023-01-08 08:43:49.070234,2023-01-08 10:30:14.324503,106.42090448333333
5,40.01685334378479,116.2656183813569,2023-01-08 11:19:29.324503,2023-01-09 08:00:29.640147,1241.0052607333334
5,39.97992694469188,116.22546853495602,2023-01-09 08:08:14.640147,2023-01-09 11:58:34.747339,230.33511986666664
5,39.983838208162986,116.36540600915043,2023-01-09 13:03:04.747339,2023-01-09 14:28:33.388091,85.47734586666667
5,39.97992497018803,116.22551050499908,2023-01-09 16:18:03.388091,2023-01-09 16:48:48.388091,30.75
5,39.97993258954491,116.22547333690459,2023-01-09 16:49:48.388091,2023-01-09 20:12:52.214956,203.06378108333334
5,40.01684935259767,116.26561213248631,2023-01-09 20:28:22.214956,2023-01-10 08:50:43.687481,742.3578754166666
5,39.979934815042284,116.22548084315319,2023-01-10 08:58:43.687481,2023-01-10 12:32:56.222657,214.2089196
5,39.98383477178681,116.3653304198204,2023-01-10 13:57:26.222657,2023-01-10 14:34:54.561289,37.472310533333335
5,39.97993369734735,116.22547835551309,2023-01-10 16:19:09.561289,2023-01-10 20:43:03.676785,263.90192493333336
5,40.016862113948264,116.26561873051222,2023-01-10 20:58:33.676785,2023-01-11 07:45:15.162485,646.6914283333333
5,39.97994373348289,116.22547478516371,2023-01-11 07:58:30.162485,2023-01-11 10:44:55.655446,166.42488268333332
5,39.88731445669864,116.36339078263549,2023-01-11 12:15:55.655446,2023-01-11 13:28:43.742111,72.80144441666667
5,39.97993856464856,116.225461153643,2023-01-11 14:55:13.742111,2023-01-11 19:03:34.207566,248.34109091666667
5,40.016880222548174,116.26558897685068,2023-01-11 19:19:04.207566,2023-01-11 20:05:19.207566,46.25
5,40.01685471547727,116.26562101116262,2023-01-11 20:06:19.207566,2023-01-12 07:43:37.271271,697.30106175
5,39.97992181756061,116.22549242762987,2023-01-12 07:52:37.271271,2023-01-12 12:15:55.457343,263.3031012
5,39.95635413250105,116.49140101867675,2023-01-12 13:40:25.457343,2023-01-12 14:29:40.457343,49.25
5,39.95635083672618,116.49142974351467,2023-01-12 14:30:40.457343,2023-01-12 15:11:27.640297,40.78638256666667
5,39.979909944706684,116.22555853247349,2023-01-12 17:23:57.640297,2023-01-12 17:46:27.640297,22.5
5,39.97993744731186,116.225460532667,2023-01-12 17:47:27.640297,2023-01-12 21:53:27.527350,245.99811755000002
5,40.01681947301083,116.26561689404946,2023-01-12 22:08:57.527350,2023-01-12 22:40:12.527350,31.25
5,40.0168477918235,116.26561755867488,2023-01-12 22:41:12.527350,2023-01-13 07:57:09.141871,555.9435753500001
5,39.97993533119624,116.22546226020575,2023-01-13 08:07:54.141871,2023-01-13 12:32:39.525849,264.75639963333333
5,39.983836987523645,116.36542826816604,2023-01-13 13:26:09.525849,2023-01-13 14:44:21.689800,78.20273251666667
5,39.979925361827114,116.22545980385641,2023-01-13 15:25:51.689800,2023-01-13 18:56:53.226565,211.02561275000002
5,40.01684925057283,116.26562081929237,2023-01-13 19:12:23.226565,2023-01-14 08:12:40.986645,780.2960013333334
5,39.98383358363634,116.3654453151538,2023-01-14 08:39:25.986645,2023-01-14 09:45:40.986645,66.25
5,39.983822136722345,116.36548393997332,2023-01-14 09:46:40.986645,2023-01-14 11:06:36.682744,79.92826831666666
5,40.016840658803396,116.26561313970656,2023-01-14 11:33:36.682744,2023-01-14 12:21:51.682744,48.25
5,40.01685210055702,116.26561422291523,2023-01-14 12:22:51.682744,2023-01-15 08:30:24.827907,1207.5524193833332
5,39.95632794782135,116.49142157293126,2023-01-15 09:31:09.827907,2023-01-15 13:03:51.478126,212.69417031666666
5,40.016754129762916,116.26566335571673,2023-01-15 14:04:06.478126,2023-01-15 14:17:21.478126,13.25
5,40.01685155344935,116.26561172724992,2023-01-15 14:18:21.478126,2023-01-16 07:56:39.458068,1058.2996656999999
5,39.97992205574791,116.22547335727235,2023-01-16 08:07:39.458068,2023-01-16 12:10:32.994572,242.89227506666666
5,39.95631900206508,116.49117401908165,2023-01-16 16:30:02.994572,2023-01-16 16:37:02.994572,7.0
5,39.95634669138257,116.49141056654234,2023-01-16 16:38:02.994572,2023-01-16 17:47:57.388689,69.90656861666666
5,39.97991358010552,116.22546415447697,2023-01-16 19:53:42.388689,2023-01-16 23:59:57.388689,246.25
5,40.01685405261999,116.26561047068786,2023-01-17 00:57:00.000000,2023-01-17 07:58:56.001632,421.9333605333333
5,39.97993428264288,116.22546030241986,2023-01-17 08:11:56.001632,2023-01-17 12:39:57.677199,268.02792611666666
5,39.95635690337906,116.491355792204,2023-01-17 14:25:42.677199,2023-01-17 15:53:12.999036,87.50536395
5,39.9799371529487,116.22545826683954,2023-01-17 20:11:27.999036,2023-01-17 23:59:57.999036,228.5
5,40.01684093260641,116.26562295070431,2023-01-18 01:35:46.472054,2023-01-18 08:17:13.433131,401.4493512833333
5,39.97991806984446,116.22545980809534,2023-01-18 08:28:13.433131,2023-01-18 12:01:17.576011,213.06904799999998
5,39.887309254030306,116.36335096921036,2023-01-18 13:45:02.576011,2023-01-18 14:31:30.085656,46.458494083333335
5,39.97992599792682,116.22547695453115,2023-01-18 16:04:30.085656,2023-01-18 20:53:32.639432,289.04256293333333
5,40.016759668873085,116.26549369762579,2023-01-18 21:08:47.639432,2023-01-18 21:17:02.639432,8.25
5,40.01684957281071,116.2656160212748,2023-01-18 21:18:02.639432,2023-01-19 07:40:25.003874,622.3727407
5,39.97993300658311,116.2254653726387,2023-01-19 07:52:40.003874,2023-01-19 11:37:55.163468,225.2526599
5,39.956356367172226,116.49136651654005,2023-01-19 14:49:55.163468,2023-01-19 16:24:38.512579,94.72248518333335
5,39.97990659112658,116.22552906815929,2023-01-19 18:54:23.512579,2023-01-19 19:24:53.512579,30.5
5,39.97994895818968,116.22548081744036,2023-01-19 19:25:53.512579,2023-01-19 23:08:01.050414,222.12563058333333
5,40.01678787260833,116.26559062098728,2023-01-19 23:23:16.050414,2023-01-19 23:41:31.050414,18.25
5,40.01685141425136,116.265613365854,2023-01-19 23:42:31.050414,2023-01-20 08:05:23.814594,502.87940299999997
5,39.97994466107886,116.22547393781515,2023-01-20 08:20:23.814594,2023-01-20 12:16:39.730195,236.26526001666667
5,39.88729421649462,116.36338500289325,2023-01-20 13:08:54.730195,2023-01-20 14:36:30.529718,87.59665871666667
5,39.97984462344495,116.22562461160042,2023-01-20 16:03:45.529718,2023-01-20 16:09:15.529718,5.5
5,39.97994284682572,116.22546001535288,2023-01-20 16:10:15.529718,2023-01-20 19:53:30.581872,223.25086923333336
5,40.01685394674577,116.26562087157461,2023-01-20 20:09:00.581872,2023-01-21 08:43:21.106714,754.3420807
5,39.983849432094786,116.36545672392013,2023-01-21 09:10:21.106714,2023-01-21 11:19:19.278809,128.96953491666667
5,40.016854915170306,116.26561634560983,2023-01-21 11:46:34.278809,2023-01-22 07:53:01.232258,1206.44922415
5,39.9375943884366,116.49814184130841,2023-01-22 08:57:16.232258,2023-01-22 09:14:31.232258,17.25
5,39.9375955339908,116.4982179826012,2023-01-22 09:15:31.232258,2023-01-22 11:58:15.666760,162.74057503333333
5,40.016855820226944,116.26560977066632,2023-01-22 13:02:30.666760,2023-01-23 08:01:09.594584,1138.6487970666667
5,39.97992987015914,116.22545973552899,2023-01-23 08:12:09.594584,2023-01-23 12:33:08.302518,260.97846556666667
5,39.983830080990565,116.36539599354403,2023-01-23 13:11:08.302518,2023-01-23 14:21:44.048260,70.59576236666666
5,39.97992850242319,116.22548913604098,2023-01-23 15:37:29.048260,2023-01-23 16:22:59.048260,45.5
5,39.97994304478696,116.22545703592637,2023-01-23 16:23:59.048260,2023-01-23 18:58:03.069172,154.0670152
5,39.93767711909947,116.49801017523409,2023-01-23 20:08:33.069172,2023-01-23 20:22:34.167440,14.018304466666667
5,40.01684955705064,116.2657957610122,2023-01-23 21:26:19.167440,2023-01-23 21:34:34.167440,8.25
5,40.016859403707365,116.2656194675743,2023-01-23 21:35:34.167440,2023-01-24 07:54:12.149448,618.6330334666667
5,39.97994742766461,116.22546599974378,2023-01-24 08:03:12.149448,2023-01-24 11:40:41.177808,217.48380600000002
5,39.98380127443879,116.36542117796914,2023-01-24 12:21:11.177808,2023-01-24 13:08:45.361892,47.569734733333334
5,39.97996605364111,116.22543147450139,2023-01-24 13:50:00.361892,2023-01-24 14:05:15.361892,15.25
5,39.979936340006454,116.22545840523752,2023-01-24 14:06:15.361892,2023-01-24 18:25:38.844306,259.3913735666667
5,39.887273089457196,116.36339040122321,2023-01-24 19:11:38.844306,2023-01-24 19:31:53.844306,20.25
5,39.88730268366322,116.36342873386799,2023-01-24 19:32:53.844306,2023-01-24 19:54:58.649206,22.08008166666667
5,40.016776219103875,116.2655945910882,2023-01-24 20:44:13.649206,2023-01-24 21:19:28.649206,35.25
5,40.0168576416909,116.2656190394159,2023-01-24 21:20:28.649206,2023-01-25 07:22:24.351423,601.9283702833333
5,39.979925345361174,116.2254706616448,2023-01-25 07:34:54.351423,2023-01-25 11:11:38.370677,216.73365423333334
5,39.9563408695262,116.49133160877312,2023-01-25 13:29:38.370677,2023-01-25 14:12:12.979424,42.576812450000006
5,39.97994947347882,116.22572269676964,2023-01-25 16:16:57.979424,2023-01-25 16:22:27.979424,5.5
5,39.97994392919729,116.22546077136023,2023-01-25 16:23:27.979424,2023-01-25 19:54:30.331211,211.03919645
5,40.01680188729741,116.26559317765164,2023-01-25 20:09:45.331211,2023-01-25 20:30:00.331211,20.25
5,40.01685494907737,116.26561721788997,2023-01-25 20:31:00.331211,2023-01-26 08:02:07.863018,691.1255301166667
5,39.9799394396237,116.22546307898308,2023-01-26 08:11:07.863018,2023-01-26 11:50:26.893990,219.31718286666668
5,39.983814043144626,116.36543427051632,2023-01-26 12:34:41.893990,2023-01-26 13:37:56.037913,63.23573205
5,39.979936147229125,116.22548069697652,2023-01-26 14:36:11.037913,2023-01-26 18:00:05.126978,203.90148441666668
5,40.01685739356648,116.26561240074896,2023-01-26 18:15:35.126978,2023-01-27 07:50:28.181433,814.8842409166666
5,39.979928361174316,116.22547610334307,2023-01-27 07:59:13.181433,2023-01-27 12:15:46.547906,256.5561078833333
5,39.88733115320641,116.36342045153529,2023-01-27 13:42:16.547906,2023-01-27 14:43:58.786442,61.7039756
5,39.97992164668934,116.22546239125927,2023-01-27 15:32:28.786442,2023-01-27 19:50:00.026536,257.52066823333337
5,40.01685011971948,116.2656168105611,2023-01-27 20:05:30.026536,2023-01-29 08:51:00.913800,2205.5147877333334
5,39.95633776228629,116.49142669352369,2023-01-29 09:51:30.913800,2023-01-29 14:27:02.768896,275.5309182666667
5,40.01689300980727,116.2657114773653,2023-01-29 15:27:17.768896,2023-01-29 15:33:32.768896,6.25
5,40.01685529446729,116.26561552856214,2023-01-29 15:34:32.768896,2023-01-30 07:57:50.156177,983.2897880166668
5,39.9799317293058,116.22547806904882,2023-01-30 08:07:05.156177,2023-01-30 12:00:17.785856,233.21049465
5,39.88730731433659,116.36339209983491,2023-01-30 13:32:47.785856,2023-01-30 14:16:17.785856,43.5
5,39.88726490498196,116.3633891181885,2023-01-30 14:17:17.785856,2023-01-30 14:42:29.156389,25.189508883333335
5,39.979920137236434,116.22547159283776,2023-01-30 15:54:14.156389,2023-01-30 20:06:26.263548,252.2017859833333
5,39.887364118659185,116.36339069202121,2023-01-30 20:52:41.263548,2023-01-30 21:27:22.406379,34.68571385
5,40.01683313962519,116.26562375142231,2023-01-30 22:16:22.406379,2023-01-30 22:51:37.406379,35.25
5,40.01685182465716,116.2656163738278,2023-01-30 22:52:37.406379,2023-01-31 07:34:19.709351,521.7050495333334
5,39.979939707651525,116.22545293103364,2023-01-31 07:44:49.709351,2023-01-31 11:43:12.793867,238.38474193333334
5,39.887347986126656,116.36334463197043,2023-01-31 14:15:12.793867,2023-01-31 14:43:25.813826,28.216999316666666
5,39.97994950550664,116.22547756316983,2023-01-31 15:45:25.813826,2023-01-31 19:51:02.742572,245.6154791
5,40.016848484420485,116.26561416199729,2023-01-31 20:06:32.742572,2023-02-01 08:13:04.595423,726.53088085
5,39.979934112862246,116.2254693078848,2023-02-01 08:27:04.595423,2023-02-01 12:40:56.821730,253.87043845000002
5,39.98381180170429,116.36539004445513,2023-02-01 13:25:56.821730,2023-02-01 13:32:11.821730,6.25
5,39.98383042665272,116.36545446059252,2023-02-01 13:33:11.821730,2023-02-01 14:28:02.846297,54.85040945
5,39.97990843648537,116.2255167795078,2023-02-01 15:43:17.846297,2023-02-01 16:12:47.846297,29.5
5,39.97993309762694,116.22545823674905,2023-02-01 16:13:47.846297,2023-02-01 20:30:55.596463,257.12916943333335
5,40.01685982210761,116.2656188579276,2023-02-01 20:46:40.596463,2023-02-02 08:18:05.656214,691.4176625166667
5,39.97995153415231,116.225496652372,2023-02-02 08:31:50.656214,2023-02-02 08:56:05.656214,24.25
5,39.979923191970535,116.22547713686734,2023-02-02 08:57:05.656214,2023-02-02 13:08:24.093936,251.30729536666666
5,39.88733396824207,116.36337599578646,2023-02-02 14:49:24.093936,2023-02-02 15:51:11.514854,61.79034863333333
5,39.97983764160188,116.22560875848299,2023-02-02 18:25:26.514854,2023-02-02 18:31:11.514854,5.75
5,39.979951601509406,116.22545484809291,2023-02-02 18:32:11.514854,2023-02-02 22:47:57.174565,255.76099518333334
5,40.01685055634272,116.26562700934869,2023-02-02 23:03:27.174565,2023-02-03 07:41:45.554448,518.3063313833334
5,39.979931468987395,116.22547372906863,2023-02-03 07:55:30.554448,2023-02-03 12:43:12.553787,287.69998898333336
5,39.98378362255887,116.36543621034296,2023-02-03 13:29:12.553787,2023-02-03 13:53:27.553787,24.25
5,39.98381916254877,116.36547961872255,2023-02-03 13:54:27.553787,2023-02-03 14:14:09.804077,19.704171499999998
5,39.979943770143,116.22546229222012,2023-02-03 15:23:09.804077,2023-02-03 20:27:03.521393,303.89528859999996
5,40.01685861334154,116.26559873312938,2023-02-03 20:42:18.521393,2023-02-03 20:57:33.521393,15.25
5,40.01685493017872,116.26561818190358,2023-02-03 20:58:33.521393,2023-02-05 08:00:11.280399,2101.6293167666668
5,39.937584887663306,116.49823219829369,2023-02-05 09:04:41.280399,2023-02-05 13:03:29.048327,238.79613213333332
5,40.01685232957426,116.2656183085619,2023-02-05 14:07:44.048327,2023-02-06 07:58:53.362763,1071.1552406
5,39.9799278492935,116.22547781638849,2023-02-06 08:06:53.362763,2023-02-06 12:47:15.789043,280.3737713333333
5,39.88731641103599,116.36340739887683,2023-02-06 13:48:00.789043,2023-02-06 14:38:51.355431,50.84277313333334
5,39.97994662256338,116.22548011439072,2023-02-06 15:25:51.355431,2023-02-06 18:37:40.609322,191.82089818333333
5,39.887303161040926,116.36341663597516,2023-02-06 19:23:55.609322,2023-02-06 20:30:41.861300,66.7708663
5,40.016857155687795,116.26560996788128,2023-02-06 21:19:56.861300,2023-02-07 07:45:28.538028,625.5279454666667
5,39.979924419254004,116.22547684630008,2023-02-07 07:55:43.538028,2023-02-07 12:06:47.250484,251.06187426666665
5,39.88735209334475,116.36335300862443,2023-02-07 14:06:02.250484,2023-02-07 14:35:32.250484,29.5
5,39.8873443093401,116.36336133984278,2023-02-07 14:36:32.250484,2023-02-07 15:05:12.558543,28.671800983333334
5,39.979924506198614,116.22546240408477,2023-02-07 16:21:42.558543,2023-02-07 20:42:54.119614,261.19268451666665
5,40.0168571914029,116.26561012377556,2023-02-07 20:58:24.119614,2023-02-08 08:04:49.935132,666.4302586333334
5,39.979925741699695,116.22549138583095,2023-02-08 08:16:04.935132,2023-02-08 11:52:32.283703,216.45580951666668
5,39.88737597458092,116.36336620709613,2023-02-08 13:05:17.283703,2023-02-08 13:20:32.283703,15.25
5,39.88730699935203,116.36340795768983,2023-02-08 13:21:32.283703,2023-02-08 13:48:03.024509,26.512346766666667
5,39.97992904073618,116.22547524935618,2023-02-08 15:02:18.024509,2023-02-08 18:46:40.874446,224.38083228333335
5,39.9375768504621,116.49822043941012,2023-02-08 19:57:10.874446,2023-02-08 21:06:14.260415,69.05643281666667
5,40.016854174856704,116.26562595964529,2023-02-08 22:10:29.260415,2023-02-09 07:43:58.817531,573.4926186
5,39.97993327538043,116.22546990356574,2023-02-09 07:53:43.817531,2023-02-09 12:04:14.929847,250.5185386
5,39.88736562248901,116.36329310829417,2023-02-09 13:10:44.929847,2023-02-09 13:46:31.499628,35.77616301666667
5,39.979852948190114,116.22557166156835,2023-02-09 16:37:16.499628,2023-02-09 16:44:01.499628,6.75
5,39.97991447893066,116.22546411292456,2023-02-09 16:45:01.499628,2023-02-09 20:28:52.157685,223.84430095000002
5,40.016863059310126,116.26561757261713,2023-02-09 20:44:37.157685,2023-02-10 08:09:56.173834,685.3169358166667
5,39.9799444339314,116.2254570132054,2023-02-10 08:24:11.173834,2023-02-10 12:02:14.133244,218.04932349999999
5,39.88733171805124,116.36339218478545,2023-02-10 13:02:14.133244,2023-02-10 13:39:29.133244,37.25
5,39.8873380345912,116.36338811932647,2023-02-10 13:40:29.133244,2023-02-10 13:50:45.976591,10.28072245
5,39.97992071605671,116.22547785424896,2023-02-10 15:02:00.976591,2023-02-10 17:48:04.892468,166.06526461666667
5,40.01685909830005,116.26561211766898,2023-02-10 18:03:34.892468,2023-02-11 01:14:00.000000,430.4184588666667
5,40.01685627352867,116.26561964521501,2023-02-11 01:15:00.000000,2023-02-11 11:31:16.147153,616.2691192166666
5,40.01685772845007,116.26561583132839,2023-02-11 11:32:16.147153,2023-02-12 07:54:36.284619,1222.3356244333334
5,39.983819239681914,116.36547581976455,2023-02-12 08:21:36.284619,2023-02-12 12:19:30.242226,237.89929345000002
5,40.0168529121889,116.26561597173108,2023-02-12 12:46:30.242226,2023-02-13 07:16:26.974990,1109.9455460666666
5,39.97993670075616,116.22546723865935,2023-02-13 07:27:56.974990,2023-02-13 10:29:26.581666,181.4934446
5,39.95633375911498,116.4913845593249,2023-02-13 11:43:41.581666,2023-02-13 12:36:09.760466,52.46964666666667
5,39.97993656407635,116.22546828984099,2023-02-13 14:26:39.760466,2023-02-13 17:46:18.061938,199.63835786666667
5,40.01685916990065,116.26560992675562,2023-02-13 18:01:48.061938,2023-02-13 23:58:48.061938,357.0
6,40.04956612849625,116.23552136972219,2023-01-01 00:00:00.000000,2023-01-02 07:40:02.395662,1900.0399277
6,40.10736601072658,116.26194667862886,2023-01-02 07:50:02.395662,2023-01-02 11:11:11.653694,201.15430053333333
6,40.03966980609302,116.38290262621855,2023-01-02 11:55:41.653694,2023-01-02 12:48:53.673532,53.20033063333334
6,40.10735905420321,116.26193885772682,2023-01-02 13:39:53.673532,2023-01-02 18:19:02.002450,279.1388153
6,40.049568480259985,116.23552202391295,2023-01-02 18:38:47.002450,2023-01-03 07:34:44.415696,775.9568874333332
6,40.10734588988523,116.26193346923694,2023-01-03 07:46:59.415696,2023-01-03 11:18:45.490889,211.76791988333335
6,40.03964523884614,116.38292775332168,2023-01-03 12:04:00.490889,2023-01-03 13:06:52.632262,62.86902288333333
6,40.10735974696903,116.26194199896347,2023-01-03 14:02:52.632262,2023-01-03 18:04:51.460460,241.98046996666665
6,40.0495611831672,116.23552822404227,2023-01-03 18:24:36.460460,2023-01-04 07:41:10.976597,796.57526895
6,40.107358666651365,116.2619264327173,2023-01-04 07:56:10.976597,2023-01-04 11:39:45.212322,223.57059541666666
6,39.9207784650953,116.23997239163377,2023-01-04 14:58:30.212322,2023-01-04 15:20:00.212322,21.5
6,39.920756006299136,116.24000096979029,2023-01-04 15:21:00.212322,2023-01-04 15:34:22.617981,13.37342765
6,40.10736557246123,116.26194463939974,2023-01-04 18:01:07.617981,2023-01-04 22:04:37.617981,243.5
6,40.107388675756134,116.26192717929008,2023-01-04 22:05:37.617981,2023-01-04 22:35:33.975282,29.93928835
6,40.04956302542417,116.2355299873389,2023-01-04 22:55:33.975282,2023-01-05 07:39:02.215798,523.4706752666667
6,40.107369385085185,116.26193027038879,2023-01-05 07:50:32.215798,2023-01-05 12:18:46.647251,268.24052421666664
6,40.03128653287572,116.47071609329866,2023-01-05 14:09:46.647251,2023-01-05 15:19:24.547097,69.63166410000001
6,40.10735988585317,116.26194530386924,2023-01-05 16:28:54.547097,2023-01-05 20:54:14.107809,265.32601186666665
6,40.049569247871176,116.23552687376787,2023-01-05 21:13:59.107809,2023-01-06 08:39:49.044356,685.8322757833333
6,40.107362532844114,116.26194027060488,2023-01-06 08:49:49.044356,2023-01-06 13:08:19.754228,258.5118312
6,39.92082295519225,116.23997567596287,2023-01-06 15:20:49.754228,2023-01-06 16:41:25.947135,80.60321511666666
6,40.10735620322104,116.26193010994086,2023-01-06 18:09:55.947135,2023-01-06 20:23:10.947135,133.25
6,40.10735229360359,116.26194619975709,2023-01-06 20:24:10.947135,2023-01-06 22:57:06.193131,152.9207666
6,40.04954920221044,116.23553822036317,2023-01-06 23:17:06.193131,2023-01-07 08:13:02.069536,535.9312734166666
6,40.04508537375092,116.33158873042959,2023-01-07 08:36:47.069536,2023-01-07 08:43:02.069536,6.25
6,40.04511002467347,116.33171776682319,2023-01-07 08:44:02.069536,2023-01-07 10:42:55.977041,118.89845841666667
6,40.049563164233966,116.2355212978245,2023-01-07 11:07:10.977041,2023-01-08 07:42:33.703769,1235.3787788
6,39.91791997470732,116.39197285238532,2023-01-08 08:41:03.703769,2023-01-08 08:47:18.703769,6.25
6,39.91777271345053,116.39207546525701,2023-01-08 08:48:18.703769,2023-01-08 12:36:30.875762,228.20286655
6,40.049561294601006,116.23552748861295,2023-01-08 13:35:30.875762,2023-01-09 07:55:55.148472,1100.4045451666668
6,40.107367298753545,116.26193911558558,2023-01-09 08:13:55.148472,2023-01-09 12:30:02.663732,256.1252543333333
6,39.92084518816463,116.23997173346763,2023-01-09 13:43:17.663732,2023-01-09 14:35:38.678069,52.35023895
6,40.10727624491933,116.26196161225423,2023-01-09 16:48:53.678069,2023-01-09 17:19:23.678069,30.5
6,40.107368424949435,116.26192960192786,2023-01-09 17:20:23.678069,2023-01-09 20:42:51.978798,202.47167881666667
6,39.954646429907456,116.29568604671519,2023-01-09 21:34:06.978798,2023-01-09 21:51:05.273159,16.97157268333333
6,40.04941936840299,116.2355403845001,2023-01-09 22:25:20.273159,2023-01-09 22:34:35.273159,9.25
6,40.049561182777644,116.23553085027872,2023-01-09 22:35:35.273159,2023-01-10 09:18:42.731710,643.1243091833334
6,40.10735784657906,116.26193686014338,2023-01-10 09:32:42.731710,2023-01-10 13:13:42.331186,220.9933246
6,40.02864086261609,116.27651741841268,2023-01-10 14:20:12.331186,2023-01-10 14:47:42.331186,27.5
6,40.028615472953625,116.27649894486382,2023-01-10 14:48:42.331186,2023-01-10 15:04:58.463447,16.268871016666665
6,40.10735912727981,116.26193724775261,2023-01-10 15:49:43.463447,2023-01-10 20:06:01.187467,256.2954003333333
6,40.028663775082556,116.27651252006093,2023-01-10 20:31:31.187467,2023-01-10 20:49:46.187467,18.25
6,40.02859764283529,116.27647876271098,2023-01-10 20:50:46.187467,2023-01-10 21:49:47.051864,59.01440661666666
6,40.04955707359762,116.23552631784675,2023-01-10 22:02:02.051864,2023-01-11 07:59:30.354803,597.47171565
6,40.10734946745882,116.26194473358389,2023-01-11 08:11:15.354803,2023-01-11 12:27:16.202722,256.01413198333336
6,40.02869704188474,116.27654842170512,2023-01-11 14:05:16.202722,2023-01-11 14:28:16.202722,23.0
6,40.02857919535946,116.27648766145323,2023-01-11 14:29:16.202722,2023-01-11 14:45:46.552777,16.50583425
6,40.10735868784361,116.26194366166912,2023-01-11 15:49:46.552777,2023-01-11 20:19:07.122336,269.34282598333334
6,40.0495625587823,116.23552123310944,2023-01-11 20:38:52.122336,2023-01-12 07:40:28.734828,661.6102082
6,40.10737275718058,116.26194227916808,2023-01-12 07:58:58.734828,2023-01-12 11:35:27.307581,216.47621255
6,39.954654045142405,116.2957281154795,2023-01-12 12:47:57.307581,2023-01-12 14:06:04.159207,78.11419376666666
6,40.10734268025026,116.26196957377479,2023-01-12 15:08:19.159207,2023-01-12 17:19:34.159207,131.25
6,40.10737712257182,116.2619588987128,2023-01-12 17:20:34.159207,2023-01-12 18:37:43.760385,77.16001963333333
6,39.9208245948031,116.24000257698015,2023-01-12 19:39:28.760385,2023-01-12 20:28:00.227564,48.52445298333334
6,40.04955621787908,116.23551876282284,2023-01-12 21:10:15.227564,2023-01-13 08:31:15.317719,681.0015025833333
6,40.107368299496535,116.26194352788461,2023-01-13 08:41:30.317719,2023-01-13 13:08:16.792709,266.7745831666667
6,40.03132248803006,116.470675306463,2023-01-13 14:38:16.792709,2023-01-13 15:56:21.636180,78.08072451666666
6,40.10735123145284,116.26196111138685,2023-01-13 19:00:21.636180,2023-01-13 22:07:29.973151,187.13894951666668
6,40.04972252524505,116.23555421023988,2023-01-13 22:26:59.973151,2023-01-13 22:32:14.973151,5.25
6,40.0495610434531,116.23552231520536,2023-01-13 22:33:14.973151,2023-01-15 07:33:23.832483,1980.1476555333334
6,40.031331881698456,116.47070342162957,2023-01-15 08:32:53.832483,2023-01-15 09:16:08.832483,43.25
6,40.031289618910506,116.47073178136027,2023-01-15 09:17:08.832483,2023-01-15 11:29:26.754442,132.29869931666667
6,40.04954746398093,116.23553492356491,2023-01-15 12:29:11.754442,2023-01-15 14:47:26.754442,138.25
6,40.04955907771862,116.23551649152728,2023-01-15 14:48:26.754442,2023-01-16 07:26:13.713704,997.7826543666666
6,40.10736558043032,116.26193777780837,2023-01-16 07:39:13.713704,2023-01-16 11:36:20.255767,237.10903438333335
6,40.02862139932441,116.27651629872814,2023-01-16 12:13:20.255767,2023-01-16 13:21:52.461659,68.53676486666667
6,40.10735958554922,116.26193133460144,2023-01-16 13:58:37.461659,2023-01-16 18:17:17.224194,258.66270891666665
6,40.049610297220205,116.23559472790764,2023-01-16 18:37:02.224194,2023-01-16 18:52:17.224194,15.25
6,40.049561098439206,116.23552103629193,2023-01-16 18:53:17.224194,2023-01-17 07:36:28.952984,763.1954798333334
6,40.10736814874814,116.26194744435863,2023-01-17 07:47:13.952984,2023-01-17 12:37:17.170203,290.05362031666664
6,40.031304383345066,116.47061016931941,2023-01-17 13:39:17.170203,2023-01-17 13:45:32.170203,6.25
6,40.03129100986911,116.47069253687293,2023-01-17 13:46:32.170203,2023-01-17 14:40:47.709637,54.25899056666666
6,40.10734787190472,116.2619406929112,2023-01-17 16:08:17.709637,2023-01-17 20:02:50.441997,234.54553933333332
6,40.04518407572743,116.33164928085402,2023-01-17 20:29:20.441997,2023-01-17 20:36:35.441997,7.25
6,40.04507171368662,116.33170924343315,2023-01-17 20:37:35.441997,2023-01-17 20:57:41.835203,20.106553433333332
6,40.04956254387379,116.23552655407856,2023-01-17 21:21:56.835203,2023-01-18 08:15:34.274370,653.6239861166666
6,40.10736089594289,116.26193264959356,2023-01-18 08:30:49.274370,2023-01-18 12:24:08.622146,233.32246293333336
6,40.0313179002332,116.47069136214259,2023-01-18 14:57:53.622146,2023-01-18 16:12:48.381185,74.91265064999999
6,40.1073537682846,116.2619916450137,2023-01-18 17:13:18.381185,2023-01-18 17:39:33.381185,26.25
6,40.10737692387601,116.2619342339567,2023-01-18 17:40:33.381185,2023-01-18 21:42:11.295667,241.63190803333333
6,40.04961210278304,116.23553275121233,2023-01-18 22:01:41.295667,2023-01-18 22:13:56.295667,12.25
6,40.04955284061341,116.23552675407532,2023-01-18 22:14:56.295667,2023-01-19 07:30:30.452392,555.56927875
6,40.10736091554714,116.26193099470652,2023-01-19 07:41:15.452392,2023-01-19 11:15:52.868561,214.62360281666668
6,40.03967898235885,116.38286346475653,2023-01-19 11:59:22.868561,2023-01-19 12:04:37.868561,5.25
6,40.039634400798,116.38293900790981,2023-01-19 12:05:37.868561,2023-01-19 12:49:14.393456,43.60874825
6,40.10736386883768,116.26194249582865,2023-01-19 14:38:29.393456,2023-01-19 18:25:17.469322,226.80126443333333
6,40.04963530797405,116.23552987736109,2023-01-19 18:44:47.469322,2023-01-19 19:00:02.469322,15.25
6,40.049569967112696,116.23551120475517,2023-01-19 19:01:02.469322,2023-01-20 08:49:08.805666,828.1056057333334
6,40.107366626144895,116.26195437144571,2023-01-20 09:07:08.805666,2023-01-20 13:10:39.830138,243.51707453333333
6,39.95467835461162,116.2957081639597,2023-01-20 14:32:54.830138,2023-01-20 15:27:51.910897,54.95134598333333
6,40.10726636886736,116.2619430720944,2023-01-20 17:17:21.910897,2023-01-20 17:30:51.910897,13.5
6,40.10737259574166,116.26192939555305,2023-01-20 17:31:51.910897,2023-01-20 21:17:13.119049,225.35346919999998
6,40.049559812730614,116.23552130243365,2023-01-20 21:37:13.119049,2023-01-22 08:13:13.241874,2076.0020470833333
6,39.954627986583105,116.29570166571501,2023-01-22 08:47:58.241874,2023-01-22 10:34:45.093288,106.78085689999999
6,40.04938799742266,116.23558501322226,2023-01-22 11:09:00.093288,2023-01-22 11:15:15.093288,6.25
6,40.04956907760846,116.2355257052899,2023-01-22 11:16:15.093288,2023-01-23 07:45:07.208298,1228.8685834999999
6,40.10735827068762,116.26194726712986,2023-01-23 07:55:22.208298,2023-01-23 12:18:17.415763,262.9201244166667
6,40.02858216904936,116.27652730469742,2023-01-23 12:48:32.415763,2023-01-23 13:34:47.415763,46.25
6,40.02856478495256,116.27645099257192,2023-01-23 13:35:47.415763,2023-01-23 13:52:00.112935,16.211619533333334
6,40.10733474284142,116.26190794002648,2023-01-23 14:36:45.112935,2023-01-23 14:44:00.112935,7.25
6,40.107349876872924,116.26193160505507,2023-01-23 14:45:00.112935,2023-01-23 18:06:22.848909,201.3789329
6,40.03133999183708,116.47063103841018,2023-01-23 19:04:37.848909,2023-01-23 19:09:52.848909,5.25
6,40.03130803022676,116.47069310044266,2023-01-23 19:10:52.848909,2023-01-23 19:37:06.056754,26.22013075
6,40.04955587997598,116.23552195066677,2023-01-23 20:36:51.056754,2023-01-24 08:47:25.108247,730.5675248833334
6,40.107377282198975,116.26194105438371,2023-01-24 09:01:55.108247,2023-01-24 13:26:00.473282,264.08941725
6,40.031321306359885,116.47069920051597,2023-01-24 16:13:45.473282,2023-01-24 17:15:55.201043,62.16212935
6,40.10724922257916,116.26211530321001,2023-01-24 18:14:10.201043,2023-01-24 18:19:25.201043,5.25
6,40.10736169013964,116.26195558299207,2023-01-24 18:20:25.201043,2023-01-24 21:52:36.707569,212.19177543333333
6,40.049563928911795,116.23552628047817,2023-01-24 22:12:36.707569,2023-01-25 07:57:55.286260,585.30964485
6,40.107361927543565,116.26193963434936,2023-01-25 08:09:55.286260,2023-01-25 12:16:32.750331,246.62440118333333
6,40.03964625308253,116.382866524569,2023-01-25 13:06:47.750331,2023-01-25 13:52:49.755724,46.03342321666666
6,40.10733426570189,116.26194590760802,2023-01-25 15:18:34.755724,2023-01-25 16:54:04.755724,95.5
6,40.10736360168051,116.26194141826257,2023-01-25 16:55:04.755724,2023-01-25 19:54:13.748756,179.14988386666667
6,40.0495595462399,116.23552577939256,2023-01-25 20:13:58.748756,2023-01-26 08:27:31.717976,733.549487
6,40.10735897546864,116.26193723871744,2023-01-26 08:38:46.717976,2023-01-26 13:41:20.307566,302.5598265
6,39.92085143010405,116.23998718599351,2023-01-26 16:01:50.307566,2023-01-26 16:17:20.307566,15.5
6,39.92074795024392,116.2399947445895,2023-01-26 16:18:20.307566,2023-01-26 17:17:19.068639,58.97935121666667
6,40.10734586072096,116.26195715340475,2023-01-26 19:14:34.068639,2023-01-26 20:41:49.068639,87.25
6,40.10734576231935,116.26194293360876,2023-01-26 20:42:49.068639,2023-01-26 23:18:52.760952,156.06153855
6,40.04956408464865,116.23552443389691,2023-01-26 23:38:52.760952,2023-01-27 08:01:51.297713,502.97561268333334
6,40.10735130965935,116.26195061554826,2023-01-27 08:19:36.297713,2023-01-27 12:10:48.739499,231.20736309999998
6,40.02865392717585,116.27648883296303,2023-01-27 13:06:33.739499,2023-01-27 13:28:03.739499,21.5
6,40.02856948786557,116.27649037634086,2023-01-27 13:29:03.739499,2023-01-27 14:16:27.468330,47.395480516666666
6,40.10728647388155,116.26199915559994,2023-01-27 15:55:12.468330,2023-01-27 16:04:57.468330,9.75
6,40.10736337893707,116.26194763494445,2023-01-27 16:05:57.468330,2023-01-27 20:35:50.839024,269.88951156666667
6,40.04955760484054,116.2355255648541,2023-01-27 20:55:50.839024,2023-01-28 08:37:46.806314,701.9327881666667
6,40.028637757464224,116.27642111114544,2023-01-28 08:49:31.806314,2023-01-28 08:55:46.806314,6.25
6,40.02860206930568,116.27650881123475,2023-01-28 08:56:46.806314,2023-01-28 11:32:29.398593,155.70987131666666
6,40.049574950930364,116.23560821698531,2023-01-28 11:44:29.398593,2023-01-28 11:49:44.398593,5.25
6,40.0495562818867,116.23552251326959,2023-01-28 11:50:44.398593,2023-01-29 07:46:53.228343,1196.1471625000001
6,40.045111583652385,116.33165902690646,2023-01-29 08:10:53.228343,2023-01-29 09:12:52.070590,61.980704116666665
6,40.04956448948643,116.23552631141537,2023-01-29 09:36:37.070590,2023-01-30 07:27:26.760816,1310.8281704333335
6,40.107368397688035,116.26195595175484,2023-01-30 07:37:11.760816,2023-01-30 12:03:43.303531,266.52571191666664
6,40.03133000441439,116.47068317456426,2023-01-30 13:25:28.303531,2023-01-30 14:23:57.036297,58.47887943333333
6,40.10735791904524,116.26194812939197,2023-01-30 15:25:12.036297,2023-01-30 16:12:27.036297,47.25
6,40.107351392526425,116.26193338551883,2023-01-30 16:13:27.036297,2023-01-30 19:50:52.538602,217.42503841666667
6,40.04955671773248,116.23552736356459,2023-01-30 20:10:37.538602,2023-01-31 09:03:26.174937,772.8106055833334
6,40.10735918723477,116.26194847552479,2023-01-31 09:22:11.174937,2023-01-31 13:41:40.479539,259.4884100333333
6,40.03129749315757,116.47069459478755,2023-01-31 15:35:25.479539,2023-01-31 16:38:07.904069,62.707075499999995
6,40.107355791120476,116.26194717212364,2023-01-31 18:17:22.904069,2023-01-31 22:33:13.107811,255.83672903333334
6,40.049564161875956,116.23552519213446,2023-01-31 22:52:58.107811,2023-02-01 07:57:33.728880,544.5936844833334
6,40.10736750354481,116.26193238931863,2023-02-01 08:10:18.728880,2023-02-01 11:09:42.040284,179.3885234
6,40.03962066303843,116.38295851413346,2023-02-01 11:50:12.040284,2023-02-01 13:07:17.293385,77.08755168333333
6,40.107345940711454,116.26193988340847,2023-02-01 13:53:47.293385,2023-02-01 17:37:15.456723,223.46938896666668
6,40.049644653884094,116.23553449814864,2023-02-01 17:56:45.456723,2023-02-01 18:05:00.456723,8.25
6,40.04956338115271,116.23552948746816,2023-02-01 18:06:00.456723,2023-02-02 07:35:14.171117,809.2285732333333
6,40.10735817781527,116.26194841205653,2023-02-02 07:48:59.171117,2023-02-02 11:00:34.094288,191.58205285
6,40.031301566013674,116.47070226427779,2023-02-02 12:21:04.094288,2023-02-02 13:34:40.837087,73.61237998333333
6,40.10736565781811,116.26194733403217,2023-02-02 14:35:55.837087,2023-02-02 19:17:37.462851,281.69376273333336
6,40.04957127637048,116.23553470400518,2023-02-02 19:37:22.462851,2023-02-03 00:00:00.000000,262.62561915
6,40.04956254998,116.23550818230703,2023-02-03 00:01:00.000000,2023-02-03 07:09:56.080230,428.9346705
6,40.10735205487141,116.26194175709581,2023-02-03 07:25:56.080230,2023-02-03 12:03:06.045772,277.1660923666667
6,39.95462881311545,116.29572368144403,2023-02-03 14:48:51.045772,2023-02-03 15:57:06.523327,68.25795925
6,40.10737669051845,116.26192984936431,2023-02-03 17:26:36.523327,2023-02-03 21:14:14.775315,227.63753313333333
6,40.03130243813209,116.47074153013183,2023-02-03 22:12:29.775315,2023-02-03 23:01:11.451094,48.69459631666667
6,40.0495673979178,116.23556860578444,2023-02-04 00:00:41.451094,2023-02-04 00:37:00.000000,36.309148433333334
6,40.049568008573466,116.23552089280157,2023-02-04 00:38:00.000000,2023-02-04 08:21:39.137236,463.65228726666663
6,40.03129154720193,116.47073333889799,2023-02-04 09:21:39.137236,2023-02-04 12:22:16.830122,180.62821476666667
6,40.049558693688255,116.23552264641489,2023-02-04 13:22:01.830122,2023-02-05 08:39:33.741366,1157.5318540666667
6,40.028588785775185,116.27650901406066,2023-02-05 08:51:33.741366,2023-02-05 12:18:37.980557,207.07065318333335
6,40.04955699375667,116.2355290526792,2023-02-05 12:30:37.980557,2023-02-06 07:19:02.667827,1128.4114545
6,40.1073719307578,116.26194213611718,2023-02-06 07:38:47.667827,2023-02-06 11:30:06.887032,231.3203200833333
6,40.03130087967431,116.47071913279423,2023-02-06 12:52:21.887032,2023-02-06 14:04:49.666653,72.46299368333332
6,40.107370965468355,116.26194886236635,2023-02-06 15:06:04.666653,2023-02-06 18:58:06.647967,232.03302190000002
6,40.0495623485809,116.23552632790569,2023-02-06 19:17:51.647967,2023-02-07 08:00:49.300035,762.9608678000001
6,40.107364509346645,116.26194410297165,2023-02-07 08:11:19.300035,2023-02-07 12:52:16.112250,280.94687025
6,40.03131017314114,116.47066320915626,2023-02-07 14:12:46.112250,2023-02-07 14:44:31.555225,31.757382916666664
6,40.1073680619248,116.26195256931429,2023-02-07 16:14:16.555225,2023-02-07 20:20:20.693431,246.0689701
6,40.04955850843962,116.2355234582654,2023-02-07 20:40:20.693431,2023-02-08 07:50:33.961867,670.2211406
6,40.107372979283426,116.26195504371786,2023-02-08 08:07:33.961867,2023-02-08 12:21:51.375750,254.29023138333332
6,40.03125532968342,116.47071711376678,2023-02-08 14:43:36.375750,2023-02-08 16:08:09.661391,84.55476068333334
6,40.107348752652825,116.26194553955696,2023-02-08 17:43:24.661391,2023-02-08 21:21:21.562830,217.94835731666666
6,40.045161556211205,116.33160858861585,2023-02-08 21:47:51.562830,2023-02-08 21:58:06.562830,10.25
6,40.045076515947486,116.33165053484946,2023-02-08 21:59:06.562830,2023-02-08 22:10:29.329757,11.379448783333334
6,40.049548526296746,116.23553799557433,2023-02-08 22:34:14.329757,2023-02-09 01:07:00.000000,152.76117071666667
6,40.049550204644994,116.23551721135588,2023-02-09 01:08:00.000000,2023-02-09 08:04:24.074772,416.4012462
6,40.10736585559404,116.26193040841801,2023-02-09 08:19:54.074772,2023-02-09 12:16:34.180867,236.66843491666665
6,40.03129417928797,116.47067505494473,2023-02-09 13:30:34.180867,2023-02-09 14:13:27.394931,42.88690106666666
6,40.107364530797234,116.26194346252586,2023-02-09 15:36:57.394931,2023-02-09 19:19:12.394931,222.25
6,40.107379849211185,116.26190166057768,2023-02-09 19:20:12.394931,2023-02-09 19:45:52.160550,25.662760316666667
6,39.95470111939718,116.29565153393929,2023-02-09 20:36:52.160550,2023-02-09 20:43:07.160550,6.25
6,39.95459165764431,116.29571103505737,2023-02-09 20:44:07.160550,2023-02-09 21:49:35.140825,65.46633791666666
6,40.049558271757725,116.23551649634338,2023-02-09 22:24:05.140825,2023-02-10 09:00:15.690120,636.1758215833332
6,40.10735422141719,116.26193936130825,2023-02-10 09:10:45.690120,2023-02-10 13:37:20.254607,266.57607478333335
6,40.031279098306285,116.4706987629661,2023-02-10 15:57:20.254607,2023-02-10 16:19:50.254607,22.5
6,40.031283819402205,116.4707505493341,2023-02-10 16:20:50.254607,2023-02-10 17:08:21.711896,47.52428815
6,40.107356779113125,116.26194433183836,2023-02-10 18:51:06.711896,2023-02-10 22:43:34.578904,232.46445013333332
6,40.039662722926735,116.3829398420171,2023-02-10 23:20:49.578904,2023-02-10 23:41:04.578904,20.25
6,40.03962716184552,116.38299809433607,2023-02-10 23:42:04.578904,2023-02-10 23:59:04.578904,17.0
6,40.04956070835435,116.23552290576313,2023-02-11 00:41:00.000000,2023-02-11 08:15:27.318742,454.45531236666665
6,40.028582810679644,116.27650259999297,2023-02-11 08:27:27.318742,2023-02-11 12:21:11.651601,233.73888098333333
6,40.049558812036,116.23552123856534,2023-02-11 12:33:11.651601,2023-02-12 08:13:00.496188,1179.81407645
6,39.95460736932279,116.29571406705011,2023-02-12 08:47:30.496188,2023-02-12 11:48:37.549844,181.11756093333332
6,40.049563485766576,116.23552935198389,2023-02-12 12:23:07.549844,2023-02-13 07:15:25.996134,1132.3074381666668
6,40.10735774215942,116.26194011206488,2023-02-13 07:31:10.996134,2023-02-13 11:36:15.372429,245.07293825
6,39.95459658409541,116.2957195331365,2023-02-13 12:58:00.372429,2023-02-13 13:50:31.590250,52.52029701666667
6,40.10735941546072,116.26193501203068,2023-02-13 14:41:31.590250,2023-02-13 19:10:44.005967,269.2069286166667
6,40.04957823325128,116.23550279109544,2023-02-13 19:30:14.005967,2023-02-13 21:24:29.005967,114.25
6,40.04955281074438,116.23552514866128,2023-02-13 21:25:29.005967,2023-02-14 07:53:21.719408,627.87855735
6,40.10737242916768,116.2619422274477,2023-02-14 08:06:06.719408,2023-02-14 11:59:17.717791,233.18330638333333
6,39.92082276667882,116.239995914558,2023-02-14 13:24:02.717791,2023-02-14 14:00:29.483519,36.44609546666666
6,40.107287467560425,116.2619408505976,2023-02-14 15:02:29.483519,2023-02-14 15:22:44.483519,20.25
6,40.1073803857376,116.26193475985447,2023-02-14 15:23:44.483519,2023-02-14 18:36:56.793074,193.20515925
6,40.04955268915241,116.2355248748151,2023-02-14 20:05:24.563907,2023-02-15 08:03:33.783240,718.15365555
6,40.107371902299015,116.26193532052713,2023-02-15 08:21:18.783240,2023-02-15 13:32:04.302110,310.7586478333333
6,40.03962970741235,116.38289375587553,2023-02-15 14:40:49.302110,2023-02-15 15:53:18.444337,72.48570378333334
6,40.107365029355655,116.26194962457595,2023-02-15 16:50:03.444337,2023-02-15 21:01:28.958074,251.42522895
6,39.92082840502374,116.23999371103959,2023-02-15 22:03:13.958074,2023-02-15 22:30:58.879235,27.748686016666667
6,40.049560438125596,116.23551918207212,2023-02-15 23:13:13.879235,2023-02-16 08:18:14.539479,545.0110040666666
6,40.107367790786746,116.26194314509705,2023-02-16 08:29:44.539479,2023-02-16 12:39:43.961160,249.99036135
6,40.03130141187212,116.47072094479117,2023-02-16 15:02:13.961160,2023-02-16 16:18:02.342485,75.80635541666668
6,40.10736691007638,116.26194588335366,2023-02-16 17:38:02.342485,2023-02-16 21:32:02.593656,234.00418618333333
6,40.0495648136738,116.23548961860388,2023-02-16 21:51:32.593656,2023-02-16 22:16:47.593656,25.25
6,40.049558986242275,116.23551530708932,2023-02-16 22:17:47.593656,2023-02-17 07:31:56.023381,554.1404954166667
6,40.10734627820115,116.26195509355492,2023-02-17 07:42:11.023381,2023-02-17 11:28:39.904802,226.48135701666666
6,40.03962718351813,116.38293790850192,2023-02-17 12:31:54.904802,2023-02-17 13:22:38.157067,50.720871083333336
6,40.10735487120871,116.26193381040802,2023-02-17 14:04:08.157067,2023-02-17 17:54:02.945642,229.9131429166667
6,40.04956287134542,116.2355273650768,2023-02-17 18:14:02.945642,2023-02-17 23:58:02.945642,344.0
7,40.00150009524048,116.41025229960897,2023-01-01 00:00:00.000000,2023-01-01 08:39:20.299355,519.3383225833334
7,39.885800866778666,116.39156272843107,2023-01-01 09:17:50.299355,2023-01-01 13:17:33.875083,239.72626213333334
7,40.00137620189612,116.41025615110158,2023-01-01 13:55:33.875083,2023-01-01 14:00:48.875083,5.25
7,40.001494746533204,116.41024100521561,2023-01-01 14:01:48.875083,2023-01-02 07:19:48.422540,1037.9924576166666
7,39.96668274476651,116.41201138710444,2023-01-02 07:25:18.422540,2023-01-02 11:52:09.025456,266.8433819333333
7,40.031043698162506,116.25421003799693,2023-01-02 13:20:39.025456,2023-01-02 13:37:09.025456,16.5
7,40.03108748023018,116.25410189859801,2023-01-02 13:38:09.025456,2023-01-02 14:41:26.392109,63.289444216666666
7,39.96666652363246,116.41201415078784,2023-01-02 15:37:41.392109,2023-01-02 20:45:46.597089,308.08674966666666
7,39.96503932265944,116.43298452777763,2023-01-02 20:50:46.597089,2023-01-02 21:37:16.492133,46.49825073333333
7,40.00137379829317,116.41032795026004,2023-01-02 21:49:46.492133,2023-01-02 21:55:01.492133,5.25
7,40.00149211493204,116.4102382004977,2023-01-02 21:56:01.492133,2023-01-03 08:20:34.180246,624.5448018833333
7,39.966681565392534,116.4120243751831,2023-01-03 08:29:34.180246,2023-01-03 12:54:22.994795,264.8135758166667
7,39.96498892886269,116.43296903768085,2023-01-03 12:59:52.994795,2023-01-03 14:23:04.921303,83.19877513333333
7,39.9666436461773,116.4120077184995,2023-01-03 14:29:04.921303,2023-01-03 15:31:19.921303,62.25
7,39.96665848997125,116.41203076928305,2023-01-03 15:32:19.921303,2023-01-03 17:54:45.106891,142.4197598
7,40.0013927570323,116.41027341381289,2023-01-03 18:05:45.106891,2023-01-03 18:11:00.106891,5.25
7,40.001491981233215,116.41023798568123,2023-01-03 18:12:00.106891,2023-01-04 08:07:30.993001,835.5147685
7,39.96667959026153,116.4119960870678,2023-01-04 08:18:00.993001,2023-01-04 08:40:15.993001,22.25
7,39.96665545283411,116.41202289304094,2023-01-04 08:41:15.993001,2023-01-04 12:08:44.275851,207.4713808333333
7,39.96501678822121,116.43294292022493,2023-01-04 12:18:29.275851,2023-01-04 13:40:04.222223,81.58243953333334
7,39.966672013342425,116.41202285279627,2023-01-04 13:49:49.222223,2023-01-04 18:07:10.719950,257.35829545
7,40.00149850158624,116.41023548134372,2023-01-04 18:18:10.719950,2023-01-05 08:21:41.614420,843.5149078333333
7,39.96666799058584,116.41201799171407,2023-01-05 08:28:56.614420,2023-01-05 11:52:26.014553,203.49000221666665
7,40.0310974933848,116.25409381800995,2023-01-05 12:46:41.014553,2023-01-05 13:14:56.014553,28.25
7,40.03107722565399,116.25412188238691,2023-01-05 13:15:56.014553,2023-01-05 13:39:19.455127,23.390676233333334
7,39.96669083193402,116.4120118137275,2023-01-05 14:52:04.455127,2023-01-05 15:32:19.455127,40.25
7,39.96667252405049,116.41201024869208,2023-01-05 15:33:19.455127,2023-01-05 18:35:12.551410,181.88493805000002
7,40.001456550894275,116.41024795270775,2023-01-05 18:46:12.551410,2023-01-05 19:28:27.551410,42.25
7,40.00148974944981,116.41023307896162,2023-01-05 19:29:27.551410,2023-01-06 06:55:45.007846,686.2909406
7,39.96666595427437,116.41199859267631,2023-01-06 07:02:45.007846,2023-01-06 09:56:39.259985,173.90420231666667
7,40.03104663838389,116.25413757893978,2023-01-06 11:29:24.259985,2023-01-06 12:37:38.306334,68.23410581666667
7,39.966676451657534,116.4120008216824,2023-01-06 13:36:23.306334,2023-01-06 14:00:38.306334,24.25
7,39.966653068485755,116.41201997065386,2023-01-06 14:01:38.306334,2023-01-06 17:21:14.691441,199.60641845
7,40.001456277172096,116.41024281356067,2023-01-06 17:32:14.691441,2023-01-06 18:09:29.691441,37.25
7,40.001493108692344,116.41023717751828,2023-01-06 18:10:29.691441,2023-01-08 08:17:05.869089,2286.6029608000003
7,40.03107298785443,116.2541067504529,2023-01-08 08:57:35.869089,2023-01-08 12:16:51.980615,199.26852543333334
7,40.001497711613354,116.41022399829714,2023-01-08 12:57:06.980615,2023-01-08 15:02:21.980615,125.25
7,40.00149192602657,116.41023920141181,2023-01-08 15:03:21.980615,2023-01-09 07:49:20.538624,1005.9759668166666
7,39.96667557116041,116.41203053579115,2023-01-09 07:55:35.538624,2023-01-09 12:15:44.922833,260.15640348333335
7,39.96501443465321,116.43294280697512,2023-01-09 12:23:14.922833,2023-01-09 13:43:17.637252,80.04524031666666
7,39.96667410919989,116.41204146326885,2023-01-09 13:51:32.637252,2023-01-09 17:45:11.781745,233.65240821666666
7,40.00149558731364,116.41022675201401,2023-01-09 17:56:11.781745,2023-01-10 07:16:20.305745,800.1420666666667
7,39.96666720145671,116.41202250048958,2023-01-10 07:24:20.305745,2023-01-10 11:14:16.857345,229.94252666666668
7,40.03104148621034,116.25418672777,2023-01-10 12:53:31.857345,2023-01-10 13:09:01.857345,15.5
7,40.03109406421438,116.254064186898,2023-01-10 13:10:01.857345,2023-01-10 13:46:49.755339,36.798299899999996
7,39.96669078185504,116.41202908626177,2023-01-10 14:36:49.755339,2023-01-10 16:25:04.755339,108.25
7,39.96668326110549,116.41199690726488,2023-01-10 16:26:04.755339,2023-01-10 18:38:31.058537,132.43838663333332
7,40.00149039944427,116.41023237266717,2023-01-10 18:49:46.058537,2023-01-11 06:59:17.314097,729.5209259999999
7,39.966665733316056,116.41201098849174,2023-01-11 07:05:17.314097,2023-01-11 11:11:26.686644,246.15620911666667
7,39.88584534302467,116.39157986924687,2023-01-11 11:42:11.686644,2023-01-11 12:26:12.578515,44.01486451666666
7,39.96667261416177,116.41202495095025,2023-01-11 13:11:57.578515,2023-01-11 16:11:22.987857,179.42348903333334
7,40.00149031650737,116.4102370327655,2023-01-11 16:22:37.987857,2023-01-12 08:25:56.423989,963.3072688666667
7,39.966669675812206,116.41200270597635,2023-01-12 08:34:26.423989,2023-01-12 12:50:13.357454,255.78222441666668
7,39.885852523792934,116.3915654734024,2023-01-12 13:18:13.357454,2023-01-12 14:12:25.508438,54.2025164
7,39.96667795614413,116.4120029191475,2023-01-12 14:39:55.508438,2023-01-12 17:48:57.106879,189.02664068333334
7,40.001491797343526,116.41022545397709,2023-01-12 18:00:12.106879,2023-01-13 07:49:45.515983,829.5568184
7,39.96665688093672,116.41199407405657,2023-01-13 07:57:15.515983,2023-01-13 12:15:50.598423,258.5847073333333
7,40.03105672104368,116.25416736726335,2023-01-13 13:52:05.598423,2023-01-13 15:08:35.597356,76.49998221666667
7,39.9666570072061,116.41199436807356,2023-01-13 16:38:20.597356,2023-01-13 18:39:50.597356,121.5
7,39.96665107344368,116.41201673408166,2023-01-13 18:40:50.597356,2023-01-13 20:20:29.746160,99.65248006666667
7,40.00140894456683,116.41024184495689,2023-01-13 20:31:29.746160,2023-01-13 20:36:44.746160,5.25
7,40.00148686566284,116.41024143693157,2023-01-13 20:37:44.746160,2023-01-14 07:39:37.995272,661.8874852
7,39.96502151021055,116.43298184771437,2023-01-14 07:52:37.995272,2023-01-14 11:03:55.059188,191.28439859999997
7,40.00138736252458,116.41031705717714,2023-01-14 11:16:25.059188,2023-01-14 11:24:40.059188,8.25
7,40.001495552642815,116.41023340932728,2023-01-14 11:25:40.059188,2023-01-15 08:01:27.375620,1235.7886072000001
7,39.88584488862166,116.39158677850101,2023-01-15 08:39:42.375620,2023-01-15 08:55:57.375620,16.25
7,39.88578527842651,116.39157851617787,2023-01-15 08:56:57.375620,2023-01-15 10:41:46.958044,104.82637373333334
7,40.00141986609939,116.4102177684718,2023-01-15 11:20:01.958044,2023-01-15 12:06:16.958044,46.25
7,40.00149542783563,116.4102252534337,2023-01-15 12:07:16.958044,2023-01-15 15:59:16.958044,232.0
7,40.0014710900518,116.41022703025348,2023-01-15 16:00:16.958044,2023-01-15 16:31:16.958044,31.0
7,40.00149768857722,116.41023777120613,2023-01-15 16:32:16.958044,2023-01-16 07:33:58.624542,901.6944416333333
7,39.966658754385385,116.4120109508336,2023-01-16 07:41:43.624542,2023-01-16 11:48:38.902690,246.92130246666665
7,39.965039344542085,116.43290795602577,2023-01-16 12:07:08.902690,2023-01-16 13:02:44.549972,55.59412136666666
7,39.96667350692881,116.41202667505854,2023-01-16 13:14:14.549972,2023-01-16 13:54:44.549972,40.5
7,39.966664129356495,116.41199647309286,2023-01-16 13:55:44.549972,2023-01-16 17:05:30.972198,189.77370376666667
7,40.00148233637769,116.41023338414328,2023-01-16 17:16:45.972198,2023-01-17 08:21:56.710274,905.1789679333334
7,39.966672627450976,116.4120112079832,2023-01-17 08:27:26.710274,2023-01-17 13:48:35.124337,321.14023438333334
7,40.03104280881888,116.25414497950989,2023-01-17 16:24:50.124337,2023-01-17 17:16:36.067419,51.76571803333333
7,39.96668527464749,116.4119913625386,2023-01-17 18:12:21.067419,2023-01-17 22:30:27.766358,258.11164898333334
7,39.885815972707185,116.39158207118629,2023-01-17 22:57:27.766358,2023-01-17 23:23:42.894002,26.2521274
7,40.0014821321824,116.41024249592682,2023-01-18 00:01:57.894002,2023-01-18 08:32:40.261784,510.7061297
7,39.966689024213224,116.4120009075953,2023-01-18 08:40:10.261784,2023-01-18 11:39:55.216076,179.7492382
7,39.88580183319236,116.39158416507085,2023-01-18 12:09:55.216076,2023-01-18 13:07:56.032941,58.01361441666666
7,39.96660069175896,116.41199344180724,2023-01-18 14:22:26.032941,2023-01-18 15:01:11.032941,38.75
7,39.96667205986402,116.41200803621797,2023-01-18 15:02:11.032941,2023-01-18 18:17:19.355881,195.13871566666666
7,40.00149519129233,116.41023846907541,2023-01-18 18:28:19.355881,2023-01-19 07:42:03.370995,793.7335852333333
7,39.96666864605787,116.41202002580665,2023-01-19 07:52:18.370995,2023-01-19 11:23:56.489835,211.635314
7,40.03105176424546,116.25416872476582,2023-01-19 12:10:41.489835,2023-01-19 13:36:04.362713,85.38121463333333
7,39.96666435722477,116.4120307696615,2023-01-19 15:44:34.362713,2023-01-19 19:15:59.421274,211.41764268333333
7,40.00149767508177,116.4102297793077,2023-01-19 19:26:59.421274,2023-01-20 08:09:00.546380,762.0187517666667
7,39.96666405464091,116.4120017015254,2023-01-20 08:18:00.546380,2023-01-20 11:47:32.915872,209.53949153333332
7,40.03101782454209,116.25426457536027,2023-01-20 12:45:02.915872,2023-01-20 13:29:28.116653,44.420013016666665
7,39.96665599072837,116.41198689815435,2023-01-20 15:55:58.116653,2023-01-20 19:06:11.579135,190.22437470000003
7,39.885806438514926,116.39156796057505,2023-01-20 19:33:11.579135,2023-01-20 20:44:45.026090,71.55744925
7,40.00143065702778,116.41022811333897,2023-01-20 21:23:00.026090,2023-01-20 21:41:15.026090,18.25
7,40.00149300225586,116.41023252328519,2023-01-20 21:42:15.026090,2023-01-21 07:53:33.530201,611.30840185
7,39.97799443043216,116.21461297679188,2023-01-21 08:43:18.530201,2023-01-21 10:34:40.001084,111.35784805
7,40.00149923834975,116.41022890069246,2023-01-21 11:24:25.001084,2023-01-22 08:43:49.983844,1279.4163793333332
7,39.88580763978032,116.39157722797552,2023-01-22 09:22:04.983844,2023-01-22 11:59:11.213253,157.10382348333331
7,40.00149510108653,116.41023553693108,2023-01-22 12:37:41.213253,2023-01-23 07:39:53.556778,1142.2057254166668
7,39.96665561053839,116.41199470187173,2023-01-23 07:47:53.556778,2023-01-23 12:15:03.303117,267.16243898333335
7,40.03103291918005,116.2541566266381,2023-01-23 14:16:18.303117,2023-01-23 15:07:38.444382,51.335687750000005
7,39.966677597871495,116.41197357351655,2023-01-23 15:56:38.444382,2023-01-23 16:41:53.444382,45.25
7,39.96668632652399,116.41199348396516,2023-01-23 16:42:53.444382,2023-01-23 20:33:36.389302,230.71574866666666
7,40.001503096927465,116.41022937788742,2023-01-23 20:44:36.389302,2023-01-24 06:43:21.919760,598.7588409666666
7,39.966670351212684,116.41201371124568,2023-01-24 06:50:06.919760,2023-01-24 11:06:05.457982,255.97563703333333
7,39.965054124634534,116.43291833659357,2023-01-24 11:12:35.457982,2023-01-24 12:04:28.086914,51.877148866666666
7,39.96667014701318,116.4120157409634,2023-01-24 12:12:13.086914,2023-01-24 16:22:23.229429,250.16904191666666
7,39.97796162646442,116.21475286682963,2023-01-24 17:12:23.229429,2023-01-24 17:19:38.229429,7.25
7,39.97798610175558,116.21460706246206,2023-01-24 17:20:38.229429,2023-01-24 17:56:14.474899,35.60409116666666
7,40.00143292812781,116.41019007735342,2023-01-24 18:45:59.474899,2023-01-24 18:51:14.474899,5.25
7,40.00148512110006,116.41023835572918,2023-01-24 18:52:14.474899,2023-01-25 08:10:46.449886,798.53291645
7,39.96668065364138,116.41201251772291,2023-01-25 08:21:16.449886,2023-01-25 12:39:15.023148,257.97622103333333
7,39.96502173952342,116.43294234821792,2023-01-25 12:45:30.023148,2023-01-25 14:01:05.269679,75.58744218333332
7,39.96668763371426,116.41201392545528,2023-01-25 14:06:50.269679,2023-01-25 15:52:05.269679,105.25
7,39.966661001677174,116.41199503426348,2023-01-25 15:53:05.269679,2023-01-25 17:52:10.347768,119.08463481666666
7,40.001494223291395,116.41024034424693,2023-01-25 18:03:25.347768,2023-01-26 07:55:41.530206,832.2697073
7,39.96663789464262,116.41201195563697,2023-01-26 08:04:41.530206,2023-01-26 11:48:45.177640,224.06079056666667
7,39.885836359758265,116.39156656068161,2023-01-26 12:45:30.177640,2023-01-26 14:03:28.622796,77.97408593333333
7,39.96666011433408,116.41199923230239,2023-01-26 15:14:43.622796,2023-01-26 16:01:13.622796,46.5
7,39.966682282104344,116.41199019336243,2023-01-26 16:02:13.622796,2023-01-26 19:49:40.384060,227.44602106666667
7,40.001441535476076,116.41021506452336,2023-01-26 20:00:25.384060,2023-01-26 20:24:40.384060,24.25
7,40.001488829866496,116.4102255972473,2023-01-26 20:25:40.384060,2023-01-27 07:37:10.048187,671.4944021166666
7,39.966683096724736,116.41201005320757,2023-01-27 07:47:10.048187,2023-01-27 12:40:34.005354,293.3992861166667
7,40.03105866398696,116.25412573342199,2023-01-27 13:40:04.005354,2023-01-27 14:19:19.005354,39.25
7,40.03108380317755,116.25414537862785,2023-01-27 14:20:19.005354,2023-01-27 14:36:33.898209,16.24821425
7,39.96665887519875,116.41199698285988,2023-01-27 15:47:03.898209,2023-01-27 19:18:49.610068,211.76186431666665
7,40.00149465154949,116.41023747240227,2023-01-27 19:29:49.610068,2023-01-28 08:17:15.067232,767.4242860666667
7,39.885784732636665,116.39156902942398,2023-01-28 08:55:45.067232,2023-01-28 11:44:30.278832,168.7535266666667
7,40.001398453410644,116.41019539800678,2023-01-28 12:22:30.278832,2023-01-28 12:29:45.278832,7.25
7,40.00149264556464,116.41023545854154,2023-01-28 12:30:45.278832,2023-01-29 08:24:28.108950,1193.7138353
7,40.03107868294753,116.254213270293,2023-01-29 09:04:58.108950,2023-01-29 09:11:13.108950,6.25
7,40.03108244881123,116.25411687387468,2023-01-29 09:12:13.108950,2023-01-29 11:43:50.512104,151.6233859
7,40.00149000850743,116.41023512391959,2023-01-29 12:24:35.512104,2023-01-30 07:20:45.002181,1136.15816795
7,39.966678757908774,116.41200741614068,2023-01-30 07:26:45.002181,2023-01-30 10:55:56.278805,209.18794373333333
7,40.03105062295143,116.25418749261621,2023-01-30 11:56:11.278805,2023-01-30 13:01:18.792047,65.1252207
7,39.966676478046296,116.41200707835041,2023-01-30 14:16:33.792047,2023-01-30 17:36:11.252422,199.62433958333335
7,40.00148728143892,116.41023727041073,2023-01-30 17:47:11.252422,2023-01-31 08:28:55.976224,881.7453967
7,39.966663794332746,116.41200570005905,2023-01-31 08:36:10.976224,2023-01-31 12:26:45.146458,230.5695039
7,40.03105635926561,116.25418004048478,2023-01-31 13:58:30.146458,2023-01-31 14:45:18.898911,46.812540883333334
7,39.9666612899436,116.41200508501329,2023-01-31 16:29:03.898911,2023-01-31 20:00:33.898911,211.5
7,39.966578606946435,116.41201969332639,2023-01-31 20:01:33.898911,2023-01-31 20:25:20.894192,23.783254683333332
7,39.88579847930712,116.39153387391511,2023-01-31 20:52:05.894192,2023-01-31 21:29:51.448013,37.75923035
7,40.001493347349225,116.41023023093325,2023-01-31 22:08:21.448013,2023-02-01 08:06:08.012596,597.7760763833334
7,39.96666581032338,116.41199539299237,2023-02-01 08:12:53.012596,2023-02-01 11:52:03.358682,219.17243476666667
7,39.8858875075992,116.39159176695642,2023-02-01 13:14:18.358682,2023-02-01 13:33:03.358682,18.75
7,39.88576471003887,116.3915529459706,2023-02-01 13:34:03.358682,2023-02-01 13:57:57.355064,23.8999397
7,39.9666425905461,116.41201796371216,2023-02-01 14:27:12.355064,2023-02-01 16:19:27.355064,112.25
7,39.966661070037446,116.41198426871715,2023-02-01 16:20:27.355064,2023-02-01 17:41:50.665649,81.38850975
7,40.03101396902176,116.25415160545296,2023-02-01 18:26:35.665649,2023-02-01 18:32:50.665649,6.25
7,40.031036918493086,116.25411991800136,2023-02-01 18:33:50.665649,2023-02-01 18:59:35.681461,25.750263533333335
7,40.00147035930229,116.41004773671865,2023-02-01 19:40:05.681461,2023-02-01 19:46:20.681461,6.25
7,40.00149138223614,116.4102379710348,2023-02-01 19:47:20.681461,2023-02-02 07:56:39.052356,729.3061815833333
7,39.966666002090314,116.41200189846096,2023-02-02 08:04:39.052356,2023-02-02 12:12:03.919397,247.4144506833333
7,39.96503108520807,116.43296400006211,2023-02-02 12:17:33.919397,2023-02-02 13:30:20.124268,72.77008118333333
7,39.96672354991183,116.41215103142409,2023-02-02 13:40:50.124268,2023-02-02 13:48:20.124268,7.5
7,39.966663510905846,116.4119954644944,2023-02-02 13:49:20.124268,2023-02-02 16:50:43.596751,181.39120805
7,39.97801547656042,116.2145716483192,2023-02-02 17:40:43.596751,2023-02-02 18:36:48.603290,56.08344231666667
7,40.001469769883926,116.41021154866674,2023-02-02 19:26:33.603290,2023-02-02 19:55:48.603290,29.25
7,40.00147807783495,116.41022629360279,2023-02-02 19:56:48.603290,2023-02-03 06:32:24.258318,635.5942504666667
7,39.966667622416296,116.41201256258918,2023-02-03 06:40:39.258318,2023-02-03 10:29:22.673338,228.72358366666668
7,40.03103393962774,116.25421559643337,2023-02-03 12:41:52.673338,2023-02-03 13:47:37.023184,65.7391641
7,39.96672249834005,116.41180629241944,2023-02-03 16:39:22.023184,2023-02-03 16:44:22.023184,5.0
7,39.96665981941924,116.41201772120974,2023-02-03 16:45:22.023184,2023-02-03 21:18:45.233392,273.3868368
7,40.00146075529531,116.41019545751759,2023-02-03 21:29:30.233392,2023-02-03 21:51:45.233392,22.25
7,40.001488020815444,116.41023292916815,2023-02-03 21:52:45.233392,2023-02-04 08:28:08.481413,635.3874670166666
7,39.97802047496561,116.21461772983238,2023-02-04 09:18:08.481413,2023-02-04 09:41:23.481413,23.25
7,39.977967695268504,116.21459645500586,2023-02-04 09:42:23.481413,2023-02-04 10:03:03.476366,20.666582549999998
7,40.001505724157376,116.41018582929352,2023-02-04 10:53:03.476366,2023-02-04 11:24:18.476366,31.25
7,40.001490366118745,116.41023453258862,2023-02-04 11:25:18.476366,2023-02-05 08:28:22.363142,1263.0647796
7,39.978008331630924,116.21455839527081,2023-02-05 09:18:37.363142,2023-02-05 12:23:14.061856,184.61164523333335
7,40.00149712212506,116.41022914352907,2023-02-05 13:13:14.061856,2023-02-06 08:06:27.232811,1133.2195159166665
7,39.96667463277942,116.41200005642823,2023-02-06 08:13:42.232811,2023-02-06 12:36:55.853639,263.2270138
7,40.031058619101536,116.25409785912203,2023-02-06 13:28:55.853639,2023-02-06 14:31:08.994226,62.219009783333334
7,39.96667476390207,116.41201284905844,2023-02-06 16:13:23.994226,2023-02-06 19:53:16.180083,219.86976428333335
7,40.00148822209119,116.41023115392584,2023-02-06 20:04:16.180083,2023-02-07 08:41:01.466550,756.75477445
7,39.966669979693236,116.41201166234475,2023-02-07 08:47:01.466550,2023-02-07 13:03:36.248181,256.57969385
7,39.96511589418229,116.4328630611144,2023-02-07 13:08:36.248181,2023-02-07 13:17:51.248181,9.25
7,39.9649858034954,116.43297276634169,2023-02-07 13:18:51.248181,2023-02-07 14:38:35.270131,79.73369916666667
7,39.96668054346251,116.41203102237894,2023-02-07 14:51:50.270131,2023-02-07 16:50:20.270131,118.5
7,39.966670021263845,116.41199915523708,2023-02-07 16:51:20.270131,2023-02-07 18:19:33.623169,88.22255063333334
7,39.978025139131354,116.21476309042411,2023-02-07 19:09:18.623169,2023-02-07 19:15:33.623169,6.25
7,39.97801402740676,116.21455879933733,2023-02-07 19:16:33.623169,2023-02-07 20:00:50.323699,44.27834216666667
7,40.00143233093476,116.41003270891878,2023-02-07 20:50:50.323699,2023-02-07 20:56:05.323699,5.25
7,40.00149449318721,116.41023093002474,2023-02-07 20:57:05.323699,2023-02-08 07:43:17.503619,646.2029986666668
7,39.96665880952834,116.41199920336163,2023-02-08 07:50:32.503619,2023-02-08 11:38:50.786689,228.3047178333333
7,39.88587807211855,116.3916019917096,2023-02-08 12:31:35.786689,2023-02-08 13:33:07.891394,61.53507841666667
7,39.96665705616177,116.41200846513448,2023-02-08 15:17:37.891394,2023-02-08 17:31:22.891394,133.75
7,39.96669242167262,116.41199796958752,2023-02-08 17:32:22.891394,2023-02-08 18:56:04.494845,83.69339085
7,39.88578272843919,116.39155694327398,2023-02-08 19:23:04.494845,2023-02-08 20:27:54.175823,64.8280163
7,40.00149530326009,116.41023145682178,2023-02-08 21:06:09.175823,2023-02-09 08:55:36.487522,709.4551949833333
7,39.96667435209554,116.4119735665501,2023-02-09 09:04:36.487522,2023-02-09 12:10:58.585372,186.3682975
7,40.031048232049415,116.25423940868936,2023-02-09 14:22:13.585372,2023-02-09 14:30:58.585372,8.75
7,40.03109063888247,116.254128439369,2023-02-09 14:31:58.585372,2023-02-09 15:05:41.094482,33.70848516666667
7,39.96666748010998,116.41199805741941,2023-02-09 16:25:11.094482,2023-02-09 19:45:37.280926,200.43644073333334
7,40.001475951264275,116.4102601612515,2023-02-09 19:56:22.280926,2023-02-09 20:11:37.280926,15.25
7,40.00150260306543,116.41023868648386,2023-02-09 20:12:37.280926,2023-02-10 07:33:13.426289,680.6024227166668
7,39.96666889273958,116.41200951180119,2023-02-10 07:41:43.426289,2023-02-10 10:44:31.743466,182.80528628333334
7,40.03105462957641,116.25411597199322,2023-02-10 11:42:46.743466,2023-02-10 12:08:01.743466,25.25
7,40.03108688583721,116.25409528558635,2023-02-10 12:09:01.743466,2023-02-10 12:47:33.645308,38.53169736666667
7,39.96668744529401,116.4119954509924,2023-02-10 13:45:48.645308,2023-02-10 17:18:00.494492,212.1974864
7,40.00149382660475,116.41023677727026,2023-02-10 17:29:00.494492,2023-02-12 07:54:09.375933,2305.1480240166666
7,39.97807290768455,116.21468999528612,2023-02-12 08:43:54.375933,2023-02-12 08:49:09.375933,5.25
7,39.977994831059824,116.21456698381041,2023-02-12 08:50:09.375933,2023-02-12 11:49:46.214139,179.61397010000002
7,40.001493188128556,116.41024453809433,2023-02-12 12:39:46.214139,2023-02-13 07:56:58.401633,1157.2031249
7,39.96666005939109,116.41201280047446,2023-02-13 08:05:13.401633,2023-02-13 11:45:28.983386,220.25969588333334
7,40.031034976430476,116.25419557961071,2023-02-13 13:15:58.983386,2023-02-13 14:06:16.242050,50.2876444
7,39.9666645459304,116.41201956425041,2023-02-13 15:19:46.242050,2023-02-13 19:17:31.650606,237.75680926666666
7,40.001491159739814,116.41024161153696,2023-02-13 19:28:31.650606,2023-02-14 08:17:12.385358,768.6789125333332
7,39.96665583749023,116.41200639048944,2023-02-14 08:25:27.385358,2023-02-14 12:24:13.306378,238.76535033333332
7,39.96503116079023,116.43290239552083,2023-02-14 12:32:43.306378,2023-02-14 13:52:11.314591,79.46680355
7,39.96666249838622,116.41201888325783,2023-02-14 14:10:26.314591,2023-02-14 18:25:00.679506,254.57274858333332
7,40.03097653261245,116.2542220514268,2023-02-14 19:10:00.679506,2023-02-14 19:16:15.679506,6.25
7,40.03108745405864,116.25411093079803,2023-02-14 19:17:15.679506,2023-02-14 20:09:33.400825,52.29535531666667
7,40.001542858989865,116.41015256685695,2023-02-14 20:49:48.400825,2023-02-14 21:00:03.400825,10.25
7,40.001484144511224,116.41023580863106,2023-02-14 21:01:03.400825,2023-02-15 08:18:16.445753,677.2174154666667
7,39.96665472523253,116.41200490595325,2023-02-15 08:27:31.445753,2023-02-15 12:35:57.483016,248.43395438333334
7,40.03105661036501,116.25417195077502,2023-02-15 15:22:57.483016,2023-02-15 16:41:54.249418,78.9461067
7,39.96668101641831,116.41199170829184,2023-02-15 17:32:24.249418,2023-02-15 18:27:39.249418,55.25
7,39.96667113484667,116.41202344794222,2023-02-15 18:28:39.249418,2023-02-15 22:22:25.813088,233.77606116666666
7,40.031075010843374,116.25415204820207,2023-02-15 23:07:25.813088,2023-02-16 00:00:19.474513,52.89435708333333
7,40.00149135441338,116.41024961991104,2023-02-16 00:40:49.474513,2023-02-16 08:00:09.090178,439.32692775000004
7,39.966672500029276,116.41200978247824,2023-02-16 08:09:39.090178,2023-02-16 12:27:49.426050,258.1722645333333
7,39.96500628032555,116.43291143932946,2023-02-16 12:37:04.426050,2023-02-16 13:40:08.809572,63.073058700000004
7,39.96667426419274,116.41201451483512,2023-02-16 13:50:38.809572,2023-02-16 18:12:19.392182,261.67637683333334
7,39.977966852158474,116.21473022588165,2023-02-16 19:02:19.392182,2023-02-16 19:15:34.392182,13.25
7,39.978011167999405,116.21458767523431,2023-02-16 19:16:34.392182,2023-02-16 20:04:32.233701,47.96402531666667
7,40.0014871901393,116.4101628870279,2023-02-16 20:54:32.233701,2023-02-16 21:01:47.233701,7.25
7,40.00150061266116,116.41023636694642,2023-02-16 21:02:47.233701,2023-02-17 08:34:23.376324,691.60237705
7,39.96667943941397,116.4120040536178,2023-02-17 08:40:53.376324,2023-02-17 12:35:50.459454,234.95138550000001
7,40.03110496809765,116.25420696855605,2023-02-17 14:22:35.459454,2023-02-17 14:28:05.459454,5.5
7,40.031086397433555,116.25409033172228,2023-02-17 14:29:05.459454,2023-02-17 15:20:45.720424,51.67101616666666
7,39.966698128912114,116.41193884598779,2023-02-17 17:20:30.720424,2023-02-17 17:45:00.720424,24.5
7,39.966671663909814,116.41201768218322,2023-02-17 17:46:00.720424,2023-02-17 20:59:42.455793,193.69558948333332
7,40.0014289916564,116.41028257796638,2023-02-17 21:10:42.455793,2023-02-17 21:22:57.455793,12.25
7,40.00148883886142,116.41023554970691,2023-02-17 21:23:57.455793,2023-02-19 08:00:50.245353,2076.879826
7,39.88588523400495,116.39156599801476,2023-02-19 08:39:05.245353,2023-02-19 08:47:20.245353,8.25
7,39.885769119909305,116.3915572131276,2023-02-19 08:48:20.245353,2023-02-19 09:49:58.960943,61.64525983333333
7,40.00146903884514,116.41023525906306,2023-02-19 10:28:13.960943,2023-02-19 10:45:28.960943,17.25
7,40.00148923196218,116.41022920585678,2023-02-19 10:46:28.960943,2023-02-20 07:28:27.815583,1241.9809106666667
7,39.96666498031387,116.41201933226114,2023-02-20 07:33:57.815583,2023-02-20 11:41:21.417363,247.39336300000002
7,39.96502048746527,116.43293079034993,2023-02-20 11:48:06.417363,2023-02-20 12:47:15.913043,59.158261333333336
7,39.96667801746479,116.41201084212044,2023-02-20 12:54:45.913043,2023-02-20 15:07:00.913043,132.25
7,39.96664891217113,116.41199078438865,2023-02-20 15:08:00.913043,2023-02-20 16:52:47.814017,104.7816829
7,40.001491351274936,116.41023713178248,2023-02-20 17:03:47.814017,2023-02-21 07:51:08.089574,887.33792595
7,39.966700027097126,116.41200896388847,2023-02-21 08:01:23.089574,2023-02-21 08:49:38.089574,48.25
7,39.966658570479915,116.4120046629186,2023-02-21 08:50:38.089574,2023-02-21 12:23:03.192751,212.41838628333335
7,40.03106725647732,116.25412091457243,2023-02-21 13:13:18.192751,2023-02-21 14:23:56.957283,70.64607553333333
7,39.966682495664294,116.41197145307719,2023-02-21 15:10:56.957283,2023-02-21 18:48:03.884583,217.115455
7,40.031064053136696,116.2541323891618,2023-02-21 19:32:48.884583,2023-02-21 20:27:58.084680,55.15333495
7,40.00148927533357,116.41022244825643,2023-02-21 21:08:13.084680,2023-02-21 22:56:28.084680,108.25
7,40.00148846752519,116.41024256517362,2023-02-21 22:57:28.084680,2023-02-22 08:37:13.911281,579.7637766833334
7,39.966770779913,116.411947008661,2023-02-22 08:47:13.911281,2023-02-22 08:55:28.911281,8.25
7,39.966655221449436,116.41202251704277,2023-02-22 08:56:28.911281,2023-02-22 12:34:09.046615,217.66892223333335
7,40.03111165985929,116.254172243352,2023-02-22 13:26:09.046615,2023-02-22 13:54:24.046615,28.25
7,40.03108292178678,116.2540932935666,2023-02-22 13:55:24.046615,2023-02-22 14:29:25.967504,34.03201481666667
7,39.966689085268094,116.41197583561983,2023-02-22 15:21:55.967504,2023-02-22 15:40:10.967504,18.25
7,39.966664549656336,116.41202498113977,2023-02-22 15:41:10.967504,2023-02-22 19:08:05.154881,206.90312295
7,40.031062265388904,116.25427552302922,2023-02-22 19:53:05.154881,2023-02-22 20:09:50.252996,16.75163525
7,40.001487870511255,116.41022893382039,2023-02-22 20:50:05.252996,2023-02-23 07:37:34.519165,647.4877694833334
7,39.96666268042465,116.41200977641275,2023-02-23 07:43:34.519165,2023-02-23 11:05:46.328454,202.19682148333334
7,40.03104569936532,116.25418158330876,2023-02-23 12:06:01.328454,2023-02-23 13:12:28.743801,66.45692245000001
7,39.96672336128552,116.41186909256848,2023-02-23 15:21:13.743801,2023-02-23 15:31:58.743801,10.75
7,39.96667492807137,116.41201350434248,2023-02-23 15:32:58.743801,2023-02-23 19:33:45.538039,240.77990396666667
7,39.96504803311273,116.43296730238113,2023-02-23 19:38:30.538039,2023-02-23 20:30:22.629718,51.86819465
7,40.00142067085447,116.41022782843751,2023-02-23 20:42:52.629718,2023-02-23 20:57:07.629718,14.25
7,40.00148576097985,116.41023744334963,2023-02-23 20:58:07.629718,2023-02-24 07:45:45.133203,647.6250580833333
7,39.966664343028555,116.41200627091001,2023-02-24 07:53:30.133203,2023-02-24 10:55:41.650010,182.19194678333332
7,39.88587955864459,116.39156818441204,2023-02-24 11:46:56.650010,2023-02-24 12:23:10.182593,36.225543050000006
7,39.966537173583376,116.41198243885495,2023-02-24 13:30:10.182593,2023-02-24 13:35:55.182593,5.75
7,39.966663247171645,116.41200571331247,2023-02-24 13:36:55.182593,2023-02-24 17:29:10.170510,232.24979861666668
7,40.03109999511586,116.25413546992502,2023-02-24 18:14:10.170510,2023-02-24 18:44:08.398308,29.9704633
7,40.00149102368365,116.41023600077497,2023-02-24 19:24:38.398308,2023-02-24 23:58:38.398308,274.0
8,39.91863196685722,116.3250548229888,2023-01-01 00:00:00.000000,2023-01-01 08:20:09.005488,500.15009146666665
8,40.018507845513184,116.2282058406036,2023-01-01 09:00:54.005488,2023-01-01 12:11:53.019157,190.98356114999999
8,39.918627297751705,116.32504906626616,2023-01-01 12:52:38.019157,2023-01-02 08:25:49.891695,1173.1978756333333
8,39.8611590226422,116.33882053981182,2023-01-02 08:35:19.891695,2023-01-02 13:16:37.960459,281.30114606666666
8,39.99566208029336,116.25663227195476,2023-01-02 16:09:22.960459,2023-01-02 16:46:07.960459,36.75
8,39.9957296642562,116.2565622253616,2023-01-02 16:47:07.960459,2023-01-02 17:28:45.574714,41.62690425
8,39.86120252778627,116.33882888826321,2023-01-02 18:29:00.574714,2023-01-02 18:59:15.574714,30.25
8,39.86114031343356,116.3388171403328,2023-01-02 19:00:15.574714,2023-01-02 21:55:00.822319,174.75412675
8,39.91854715661737,116.32508769442317,2023-01-02 22:13:45.822319,2023-01-02 22:23:00.822319,9.25
8,39.91863449981239,116.32505443031239,2023-01-02 22:24:00.822319,2023-01-03 08:23:16.447208,599.2604148166666
8,39.86114624545255,116.33883041851718,2023-01-03 08:35:16.447208,2023-01-03 13:13:21.981116,278.09223180000004
8,39.90319475300378,116.32303562356545,2023-01-03 13:53:51.981116,2023-01-03 14:35:28.584934,41.61006363333333
8,39.86115902944134,116.33882611946488,2023-01-03 15:24:13.584934,2023-01-03 19:12:37.388403,228.39672448333334
8,39.91861918553314,116.32504837304872,2023-01-03 19:31:07.388403,2023-01-03 20:56:22.388403,85.25
8,39.91864710905654,116.32504615754894,2023-01-03 20:57:22.388403,2023-01-04 08:45:03.592212,707.68673015
8,39.86115548204164,116.3388128863599,2023-01-04 08:58:18.592212,2023-01-04 13:20:22.218809,262.0604432833333
8,40.01844583191815,116.22823152498572,2023-01-04 14:43:52.218809,2023-01-04 15:49:02.046842,65.16380054999999
8,39.861152598110586,116.3388268387852,2023-01-04 17:31:47.046842,2023-01-04 22:13:40.977843,281.8988500166667
8,39.91863551044036,116.32504391336113,2023-01-04 22:32:25.977843,2023-01-05 08:13:49.236883,581.3876506666667
8,39.861159372107764,116.33882170773673,2023-01-05 08:23:19.236883,2023-01-05 12:31:15.293902,247.93428365
8,39.99563945229084,116.25660664766316,2023-01-05 15:19:00.293902,2023-01-05 16:15:03.702043,56.05680235
8,39.861136125918335,116.33881768696517,2023-01-05 17:32:48.702043,2023-01-05 21:23:25.184504,230.60804101666665
8,40.018388150155374,116.2281875503865,2023-01-05 22:22:10.184504,2023-01-05 22:33:25.184504,11.25
8,40.018526932356856,116.22814651970852,2023-01-05 22:34:25.184504,2023-01-05 22:46:41.411540,12.2704506
8,39.918625354825,116.32505576029294,2023-01-05 23:27:41.411540,2023-01-06 08:13:27.077388,525.7610974666667
8,39.861153780084514,116.3388218153241,2023-01-06 08:25:42.077388,2023-01-06 12:03:44.888883,218.04685824999999
8,39.99567881442846,116.25660506974896,2023-01-06 13:24:29.888883,2023-01-06 14:25:18.225746,60.805614383333335
8,39.86118206454655,116.3388021038049,2023-01-06 15:28:33.225746,2023-01-06 16:05:48.225746,37.25
8,39.861132992925434,116.33882975678446,2023-01-06 16:06:48.225746,2023-01-06 19:30:59.322249,204.18494171666669
8,39.91863529161053,116.3250537564628,2023-01-06 19:49:59.322249,2023-01-07 08:03:47.760751,733.8073083666666
8,39.995646959158606,116.25662432691773,2023-01-07 08:34:02.760751,2023-01-07 08:50:17.760751,16.25
8,39.99571858789222,116.25657778805497,2023-01-07 08:51:17.760751,2023-01-07 12:17:19.146255,206.02309173333333
8,39.91863068086341,116.32505491883418,2023-01-07 12:48:04.146255,2023-01-08 08:55:32.813191,1207.4777822666665
8,39.995702965480525,116.25660270798835,2023-01-08 09:26:02.813191,2023-01-08 12:38:44.975382,192.7027031833333
8,39.918712119435185,116.32498446194796,2023-01-08 13:08:59.975382,2023-01-08 13:14:14.975382,5.25
8,39.91862577680116,116.32504609996984,2023-01-08 13:15:14.975382,2023-01-09 08:04:53.361898,1129.6397752666667
8,39.86113713674612,116.33882899017314,2023-01-09 08:14:38.361898,2023-01-09 12:03:55.111812,229.27916523333334
8,40.012504508945085,116.30504208245969,2023-01-09 13:22:10.111812,2023-01-09 14:23:54.361896,61.7375014
8,39.86114508192993,116.33882098079539,2023-01-09 16:20:54.361896,2023-01-09 19:45:12.513398,204.30252503333335
8,39.90111946175427,116.44431466958441,2023-01-09 20:14:42.513398,2023-01-09 20:57:44.263040,43.029160700000006
8,39.9186149561374,116.3251553885751,2023-01-09 21:27:59.263040,2023-01-09 21:36:14.263040,8.25
8,39.91862934568318,116.32504593016051,2023-01-09 21:37:14.263040,2023-01-10 08:12:11.046166,634.9463854333334
8,39.861157040865315,116.33883441714856,2023-01-10 08:29:41.046166,2023-01-10 13:16:44.193547,287.05245635
8,39.90319423478597,116.32304235973,2023-01-10 13:31:29.193547,2023-01-10 14:28:20.665210,56.85786105
8,39.861137534314224,116.33883911866589,2023-01-10 14:48:05.665210,2023-01-10 17:05:20.665210,137.25
8,39.86114510886955,116.33882838098357,2023-01-10 17:06:20.665210,2023-01-10 18:38:34.686960,92.23369583333333
8,40.01250429992058,116.30502103838273,2023-01-10 19:29:04.686960,2023-01-10 20:01:19.686960,32.25
8,40.012536764717666,116.30504557956583,2023-01-10 20:02:19.686960,2023-01-10 20:17:18.399947,14.978549783333333
8,39.91863037102974,116.32505917591986,2023-01-10 20:48:33.399947,2023-01-11 08:37:32.638220,708.9873045500001
8,39.861132286481876,116.33881160094302,2023-01-11 08:50:17.638220,2023-01-11 12:53:53.015562,243.58962236666667
8,39.99571455909064,116.2565903982353,2023-01-11 13:47:38.015562,2023-01-11 14:50:44.917637,63.11503458333333
8,39.86117647602764,116.33881231984087,2023-01-11 16:11:59.917637,2023-01-11 17:02:14.917637,50.25
8,39.86114528261571,116.33880018067053,2023-01-11 17:03:14.917637,2023-01-11 20:22:04.878795,198.83268596666667
8,39.918639855915686,116.32505423983963,2023-01-11 20:41:04.878795,2023-01-12 08:13:47.688265,692.7134911666667
8,39.8611541831676,116.33883554919154,2023-01-12 08:29:17.688265,2023-01-12 12:20:41.722959,231.40057823333333
8,40.0184958049038,116.22821504224062,2023-01-12 13:29:56.722959,2023-01-12 14:09:11.722959,39.25
8,40.01852601054019,116.22820467263229,2023-01-12 14:10:11.722959,2023-01-12 14:40:34.364330,30.377356183333333
8,39.86126340453281,116.33870544625967,2023-01-12 15:40:19.364330,2023-01-12 15:45:34.364330,5.25
8,39.86114861287473,116.33881271142374,2023-01-12 15:46:34.364330,2023-01-12 19:54:12.345432,247.63301836666668
8,39.91863669770377,116.32505373610906,2023-01-12 20:13:12.345432,2023-01-13 08:22:56.468378,729.7353824333334
8,39.86113404435914,116.33882199790419,2023-01-13 08:32:41.468378,2023-01-13 12:58:28.875212,265.7901139
8,40.0125500306148,116.30507790948947,2023-01-13 14:53:58.875212,2023-01-13 15:44:02.558503,50.06138818333333
8,39.86115641367205,116.3388171202387,2023-01-13 16:49:32.558503,2023-01-13 20:56:14.517006,246.69930838333332
8,39.91854743207057,116.32502458728572,2023-01-13 21:14:44.517006,2023-01-13 21:24:59.517006,10.25
8,39.91863634550484,116.32506332725373,2023-01-13 21:25:59.517006,2023-01-14 08:05:47.548244,639.8005206333333
8,40.01849492114313,116.22822069013087,2023-01-14 08:46:32.548244,2023-01-14 10:20:52.944855,94.33994351666666
8,39.91867936808488,116.32496377138675,2023-01-14 11:01:22.944855,2023-01-14 11:08:37.944855,7.25
8,39.918630815231865,116.3250550856555,2023-01-14 11:09:37.944855,2023-01-15 07:42:22.745826,1232.74668285
8,39.90114008687717,116.44433285314311,2023-01-15 08:12:52.745826,2023-01-15 11:38:04.039842,205.1882336
8,39.91865461224259,116.32512814141478,2023-01-15 12:08:19.039842,2023-01-15 12:23:34.039842,15.25
8,39.918640897298104,116.32505441696516,2023-01-15 12:24:34.039842,2023-01-16 07:47:44.188719,1163.16914795
8,39.86114945199935,116.33881158088583,2023-01-16 08:03:44.188719,2023-01-16 12:29:17.681303,265.55820973333334
8,40.01841676530237,116.22820317966348,2023-01-16 13:51:02.681303,2023-01-16 14:53:14.730755,62.20082420000001
8,39.86118018380408,116.33882180131917,2023-01-16 18:10:14.730755,2023-01-16 19:07:59.730755,57.75
8,39.86113554572936,116.33882648254647,2023-01-16 19:08:59.730755,2023-01-16 22:33:50.354658,204.84373171666667
8,39.918635930211636,116.3250512252859,2023-01-16 22:52:50.354658,2023-01-17 08:58:04.426649,605.2345331833333
8,39.861144458263055,116.33882344106732,2023-01-17 09:08:19.426649,2023-01-17 11:49:04.802934,160.75627141666666
8,39.995656717713814,116.25660929415409,2023-01-17 12:48:49.802934,2023-01-17 13:41:59.521452,53.1619753
8,39.86117963819591,116.33882520047516,2023-01-17 16:01:29.521452,2023-01-17 16:58:14.521452,56.75
8,39.86115173082369,116.33882162670439,2023-01-17 16:59:14.521452,2023-01-17 20:30:12.852043,210.97217651666668
8,39.91863704107204,116.32505504317156,2023-01-17 20:49:12.852043,2023-01-18 07:32:30.017604,643.2860926833333
8,39.86114256156194,116.33882245820871,2023-01-18 07:48:00.017604,2023-01-18 12:02:38.407521,254.63983195
8,39.99567182585961,116.25663691101306,2023-01-18 13:00:38.407521,2023-01-18 14:13:35.505348,72.95163045
8,39.8611806234108,116.33882957751823,2023-01-18 15:57:20.505348,2023-01-18 16:14:50.505348,17.5
8,39.86113950257026,116.33882175948544,2023-01-18 16:15:50.505348,2023-01-18 19:44:00.089116,208.15972946666668
8,39.91862678211409,116.32505135246315,2023-01-18 20:03:00.089116,2023-01-19 07:51:01.119569,708.0171742166666
8,39.86114984549946,116.3388372849239,2023-01-19 08:02:31.119569,2023-01-19 12:05:15.154742,242.73391955
8,40.01251388793811,116.30506910136636,2023-01-19 14:04:15.154742,2023-01-19 15:39:33.582227,95.30712475
8,39.86128457333785,116.33881596845352,2023-01-19 17:38:33.582227,2023-01-19 17:46:18.582227,7.75
8,39.86113146124466,116.33882767702461,2023-01-19 17:47:18.582227,2023-01-19 21:45:34.908429,238.27210336666667
8,39.91860434248696,116.32507754154236,2023-01-19 22:04:19.908429,2023-01-19 23:36:34.908429,92.25
8,39.91863737584821,116.32504953918935,2023-01-19 23:37:34.908429,2023-01-20 07:59:26.615700,501.86178785
8,39.86114743894287,116.33883548371513,2023-01-20 08:11:26.615700,2023-01-20 13:03:36.132937,292.15862061666667
8,39.90325663294823,116.32300537861876,2023-01-20 13:18:36.132937,2023-01-20 14:18:41.064951,60.08220023333333
8,39.86113740854069,116.33883206002415,2023-01-20 14:41:41.064951,2023-01-20 18:23:54.807695,222.22904573333332
8,39.91863422687388,116.32506740515855,2023-01-20 18:42:39.807695,2023-01-21 08:36:15.607271,833.5966596
8,40.01255177513239,116.305043864414,2023-01-21 09:07:15.607271,2023-01-21 11:29:55.768032,142.66934601666665
8,39.918633160769154,116.32505326167399,2023-01-21 12:01:10.768032,2023-01-22 07:41:18.646688,1180.1313109333335
8,40.01254969343276,116.30505438070654,2023-01-22 08:12:18.646688,2023-01-22 12:08:48.697144,236.50084093333334
8,39.91863040768155,116.32505876441728,2023-01-22 12:39:48.697144,2023-01-23 09:10:59.427832,1231.1788448
8,39.86113093808495,116.33883114387758,2023-01-23 09:24:29.427832,2023-01-23 12:46:58.244895,202.48028438333333
8,39.99564097749274,116.25659599528515,2023-01-23 13:54:43.244895,2023-01-23 14:40:16.953472,45.561809616666665
8,39.86114440748685,116.33883083130347,2023-01-23 16:03:01.953472,2023-01-23 19:02:16.953472,179.25
8,39.86115281537971,116.33883303311362,2023-01-23 19:03:16.953472,2023-01-23 19:38:27.292673,35.17232001666666
8,39.918632295882034,116.32504393005108,2023-01-23 19:57:27.292673,2023-01-24 08:09:58.548020,732.52092245
8,39.861140345676915,116.33882531486786,2023-01-24 08:20:13.548020,2023-01-24 12:01:53.603758,221.66759563333332
8,40.018444508277355,116.22824596324843,2023-01-24 13:54:38.603758,2023-01-24 14:12:08.603758,17.5
8,40.01849220713927,116.2281813474352,2023-01-24 14:13:08.603758,2023-01-24 14:57:28.258828,44.32758449999999
8,39.86113968898037,116.33881644506123,2023-01-24 17:12:58.258828,2023-01-24 20:44:17.615453,211.32261041666666
8,40.012507924855434,116.3051193091144,2023-01-24 21:34:47.615453,2023-01-24 21:53:32.991498,18.756267416666667
8,39.91862929109688,116.32505727182036,2023-01-24 22:24:32.991498,2023-01-25 07:42:58.064026,558.4178754666666
8,39.8611410058978,116.33883542329377,2023-01-25 07:56:13.064026,2023-01-25 11:58:21.949607,242.14809301666668
8,39.903218605759506,116.32299194175377,2023-01-25 12:29:21.949607,2023-01-25 13:20:44.037613,51.368133433333334
8,39.86114877113651,116.33881644063803,2023-01-25 13:40:29.037613,2023-01-25 18:01:14.586495,260.7591480333333
8,39.918602709382476,116.3250662657416,2023-01-25 18:19:44.586495,2023-01-25 18:49:59.586495,30.25
8,39.91863732907259,116.32505958398751,2023-01-25 18:50:59.586495,2023-01-26 07:50:03.346214,779.0626619833333
8,39.861238467488754,116.33882111429755,2023-01-26 08:08:33.346214,2023-01-26 08:14:48.346214,6.25
8,39.8611380009653,116.3388344969312,2023-01-26 08:15:48.346214,2023-01-26 12:08:24.876560,232.60883909999998
8,40.01844233991362,116.22824450934907,2023-01-26 13:58:24.876560,2023-01-26 14:50:20.313122,51.9239427
8,39.861164455762236,116.33881858071092,2023-01-26 18:03:20.313122,2023-01-26 22:04:58.010462,241.62828900000002
8,40.01245262138031,116.30508455895537,2023-01-26 22:55:13.010462,2023-01-26 23:09:28.010462,14.25
8,39.91862713579789,116.32506785076967,2023-01-26 23:45:59.036091,2023-01-27 07:03:12.536501,437.22500683333334
8,39.86113734687799,116.33882922622325,2023-01-27 07:17:12.536501,2023-01-27 11:03:15.585980,226.05082464999998
8,39.903251940209856,116.32304469741392,2023-01-27 11:18:45.585980,2023-01-27 12:00:29.396631,41.730177516666664
8,39.86114416124113,116.33883035110006,2023-01-27 12:37:44.396631,2023-01-27 17:01:59.281269,264.2480773
8,39.91860156749283,116.32508906578184,2023-01-27 17:20:29.281269,2023-01-27 18:24:44.281269,64.25
8,39.91863966412918,116.3250578402463,2023-01-27 18:25:44.281269,2023-01-28 07:47:30.090665,801.7634899333333
8,40.012546667285406,116.30502285383794,2023-01-28 08:18:15.090665,2023-01-28 08:31:30.090665,13.25
8,40.01256117108918,116.3050470524453,2023-01-28 08:32:30.090665,2023-01-28 10:35:44.241412,123.23584578333333
8,39.918634443375666,116.32505825657954,2023-01-28 11:06:59.241412,2023-01-29 08:05:09.453953,1258.1702090166666
8,39.90112953483614,116.44426055667373,2023-01-29 08:35:24.453953,2023-01-29 08:58:39.453953,23.25
8,39.90113792924748,116.4443263256087,2023-01-29 08:59:39.453953,2023-01-29 11:17:06.994620,137.45901111666666
8,39.91864512222656,116.32512844271336,2023-01-29 11:47:36.994620,2023-01-29 12:13:51.994620,26.25
8,39.91863788514095,116.32505942685215,2023-01-29 12:14:51.994620,2023-01-30 08:15:52.807501,1201.0135480166668
8,39.861160012209105,116.33881502923313,2023-01-30 08:29:37.807501,2023-01-30 12:22:50.970603,233.21938503333334
8,40.012490902713886,116.30505410124167,2023-01-30 15:09:50.970603,2023-01-30 15:31:35.970603,21.75
8,40.01250286181635,116.30503692021516,2023-01-30 15:32:35.970603,2023-01-30 16:08:31.668031,35.92829046666667
8,39.86114984428815,116.33882786957312,2023-01-30 18:17:31.668031,2023-01-30 19:39:01.668031,81.5
8,39.86114388929645,116.33882740912738,2023-01-30 19:40:01.668031,2023-01-30 22:22:18.027419,162.2726564666667
8,39.91864157151153,116.32505069887816,2023-01-30 22:41:18.027419,2023-01-31 07:29:53.461819,528.5905733333333
8,39.86114216809443,116.3388287996078,2023-01-31 07:40:08.461819,2023-01-31 12:42:34.132255,302.4278406
8,39.90322522109178,116.32303150539256,2023-01-31 13:14:19.132255,2023-01-31 14:19:52.372390,65.55400225
8,39.86114740795974,116.33881592040011,2023-01-31 15:00:52.372390,2023-01-31 18:35:02.315162,214.16571286666667
8,39.91863551520831,116.3250537834754,2023-01-31 18:53:47.315162,2023-02-01 07:08:02.185821,734.2478443166667
8,39.8612060366332,116.33878408852544,2023-02-01 07:25:17.185821,2023-02-01 07:35:32.185821,10.25
8,39.86111881571119,116.33881599952137,2023-02-01 07:36:32.185821,2023-02-01 11:29:00.554951,232.47281883333332
8,39.99568716671957,116.25660614951043,2023-02-01 13:00:00.554951,2023-02-01 13:58:53.724789,58.886163966666665
8,39.86114718282179,116.33883696612625,2023-02-01 14:54:08.724789,2023-02-01 18:22:56.472030,208.79578734999998
8,39.90325548476158,116.32298077217712,2023-02-01 18:36:56.472030,2023-02-01 19:06:03.442979,29.116182483333333
8,39.91862969295146,116.32505282259052,2023-02-01 19:10:48.442979,2023-02-02 07:55:02.873698,764.2405119833334
8,39.86115914454705,116.33882599451022,2023-02-02 08:08:02.873698,2023-02-02 12:19:19.372336,251.2749773
8,39.90324770029115,116.32305212145953,2023-02-02 13:02:04.372336,2023-02-02 13:47:20.568073,45.26992895
8,39.86119557010585,116.33881995140814,2023-02-02 14:03:05.568073,2023-02-02 14:12:20.568073,9.25
8,39.86114372891584,116.33882587807372,2023-02-02 14:13:20.568073,2023-02-02 17:31:37.817887,198.2874969
8,39.91851036259652,116.32508043974563,2023-02-02 17:50:22.817887,2023-02-02 17:58:37.817887,8.25
8,39.91863481637949,116.32505204207558,2023-02-02 17:59:37.817887,2023-02-03 07:49:01.778536,829.39934415
8,39.86113449878753,116.3388149083333,2023-02-03 08:07:16.778536,2023-02-03 11:39:40.137746,212.38932016666666
8,40.01847295591259,116.22823364229244,2023-02-03 13:00:40.137746,2023-02-03 13:44:14.903083,43.57942228333333
8,39.86114986746687,116.33881672672499,2023-02-03 15:41:59.903083,2023-02-03 20:01:23.244286,259.38902005
8,39.918634307792914,116.32505635445689,2023-02-03 20:20:08.244286,2023-02-04 08:14:41.486365,714.5540346500001
8,39.903389934863675,116.3229897898137,2023-02-04 08:18:56.486365,2023-02-04 08:27:11.486365,8.25
8,39.903294115768745,116.32300368794118,2023-02-04 08:28:11.486365,2023-02-04 12:45:42.437726,257.51585601666665
8,39.9186324858709,116.325056201671,2023-02-04 12:50:12.437726,2023-02-05 07:49:05.092937,1138.8775868500002
8,40.01843974301563,116.2283205726754,2023-02-05 08:29:35.092937,2023-02-05 08:36:50.092937,7.25
8,40.018499734896345,116.22818214144603,2023-02-05 08:37:50.092937,2023-02-05 11:20:53.576543,163.0580601
8,39.91863804888705,116.32505640574999,2023-02-05 12:01:53.576543,2023-02-06 08:28:05.273989,1226.1949574333335
8,39.86114299647724,116.3388297806344,2023-02-06 08:37:50.273989,2023-02-06 12:24:26.333846,226.60099761666666
8,40.01839558398989,116.22824893656284,2023-02-06 15:50:41.333846,2023-02-06 15:57:26.333846,6.75
8,40.01850796518307,116.22816282656625,2023-02-06 15:58:26.333846,2023-02-06 17:04:52.133575,66.42999548333333
8,39.86124048728964,116.33879401114388,2023-02-06 18:11:22.133575,2023-02-06 18:17:37.133575,6.25
8,39.86112923502325,116.33883042032055,2023-02-06 18:18:37.133575,2023-02-06 22:23:42.424206,245.08817718333333
8,39.99569243347108,116.25658621606081,2023-02-06 23:12:42.424206,2023-02-06 23:41:50.978407,29.142570016666664
8,39.91863517520797,116.325046892436,2023-02-07 00:12:00.000000,2023-02-07 08:32:47.786194,500.79643656666667
8,39.86114332185185,116.33881877507348,2023-02-07 08:45:47.786194,2023-02-07 12:32:51.929969,227.06906291666667
8,40.01849371609262,116.22825863178858,2023-02-07 14:25:21.929969,2023-02-07 15:31:01.841952,65.66519971666666
8,39.86115188465327,116.33882502923828,2023-02-07 16:58:31.841952,2023-02-07 18:12:46.841952,74.25
8,39.861130729966334,116.33881861247993,2023-02-07 18:13:46.841952,2023-02-07 21:03:46.841952,170.0
8,39.86131716197155,116.33877695060167,2023-02-07 21:04:46.841952,2023-02-07 21:13:49.119529,9.037959616666665
8,39.91864892144781,116.32505092332035,2023-02-07 21:32:34.119529,2023-02-07 23:58:34.119529,146.0
9,39.96235315140335,116.52768055089341,2023-01-01 00:00:00.000000,2023-01-01 08:51:47.848594,531.7974765666667
9,39.927138285472054,116.21772050887836,2023-01-01 10:11:17.848594,2023-01-01 12:47:00.885209,155.7172769166667
9,39.962356826412964,116.52767251042954,2023-01-01 14:06:30.885209,2023-01-02 08:19:36.301083,1093.0902645666667
9,39.94759958515633,116.46737459747479,2023-01-02 08:28:06.301083,2023-01-02 12:19:36.450545,231.5024910333333
9,39.927131327469304,116.21773529629594,2023-01-02 13:42:51.450545,2023-01-02 14:44:19.539332,61.46814645
9,39.94760165624657,116.46736040719516,2023-01-02 15:55:49.539332,2023-01-02 20:14:05.245921,258.26177648333334
9,40.02309222205659,116.43604797084534,2023-01-02 20:40:05.245921,2023-01-02 21:33:06.400512,53.01924318333333
9,39.96242213713083,116.52758181770074,2023-01-02 22:03:06.400512,2023-01-02 22:10:21.400512,7.25
9,39.96235752579441,116.52767102149703,2023-01-02 22:11:21.400512,2023-01-03 08:12:30.123500,601.1453831333333
9,39.94760382769792,116.46736440128375,2023-01-03 08:21:15.123500,2023-01-03 12:24:59.276683,243.73588638333334
9,39.92712240412131,116.2177790596888,2023-01-03 13:37:14.276683,2023-01-03 14:35:43.802031,58.49208913333334
9,39.947607299796545,116.46735569580878,2023-01-03 16:22:58.802031,2023-01-03 19:27:41.917203,184.7185862
9,39.9623106885142,116.52757842132496,2023-01-03 19:43:11.917203,2023-01-03 19:49:26.917203,6.25
9,39.962369152544206,116.52767627520751,2023-01-03 19:50:26.917203,2023-01-04 07:30:35.701809,700.1464101
9,39.94761699912185,116.46737347317155,2023-01-04 07:42:05.701809,2023-01-04 11:31:35.057613,229.4892634
9,40.03709332559485,116.21893596469201,2023-01-04 13:02:20.057613,2023-01-04 14:15:10.590331,72.84221196666667
9,39.94764365257041,116.4673047665008,2023-01-04 15:29:10.590331,2023-01-04 15:47:25.590331,18.25
9,39.9476120897951,116.4673714939484,2023-01-04 15:48:25.590331,2023-01-04 18:56:09.292955,187.72837706666667
9,39.96235827361799,116.52766605662801,2023-01-04 19:11:54.292955,2023-01-05 07:58:41.393593,766.7850106333334
9,39.94761622421883,116.4673601829532,2023-01-05 08:08:26.393593,2023-01-05 12:42:48.137911,274.36240530000003
9,40.023760307019344,116.21092462013407,2023-01-05 14:52:03.137911,2023-01-05 15:19:33.137911,27.5
9,40.0237786579532,116.21086897156245,2023-01-05 15:20:33.137911,2023-01-05 16:07:52.445393,47.321791366666666
9,39.94762669365721,116.46733277168163,2023-01-05 17:20:37.445393,2023-01-05 17:36:52.445393,16.25
9,39.947603825605796,116.467394779112,2023-01-05 17:37:52.445393,2023-01-05 20:34:34.724287,176.70464823333333
9,39.962436934209535,116.52749441376365,2023-01-05 20:49:49.724287,2023-01-05 20:55:04.724287,5.25
9,39.96235433079273,116.52767250231831,2023-01-05 20:56:04.724287,2023-01-06 08:15:00.695019,678.9328455333333
9,39.947595477732065,116.46735944244752,2023-01-06 08:27:30.695019,2023-01-06 13:07:08.108414,279.6235565833333
9,39.91687329952948,116.3826899374791,2023-01-06 13:54:23.108414,2023-01-06 15:12:42.600864,78.32487416666666
9,39.94755333071869,116.46729183870643,2023-01-06 15:35:42.600864,2023-01-06 15:47:57.600864,12.25
9,39.947621312267195,116.46736640356268,2023-01-06 15:48:57.600864,2023-01-06 19:22:09.558080,213.19928693333335
9,39.962334959250214,116.52765413123589,2023-01-06 19:37:24.558080,2023-01-06 20:08:39.558080,31.25
9,39.96235737552186,116.52767476367167,2023-01-06 20:09:39.558080,2023-01-07 08:19:26.497496,729.7823236
9,40.02313692318007,116.43605202525912,2023-01-07 08:49:56.497496,2023-01-07 12:38:04.881623,228.13973545
9,39.962370485684275,116.52765735158609,2023-01-07 13:08:04.881623,2023-01-07 14:32:19.881623,84.25
9,39.96235696058904,116.52766615692889,2023-01-07 14:33:19.881623,2023-01-08 07:41:19.238919,1027.9892882666668
9,39.91686020199749,116.38265561885275,2023-01-08 08:20:49.238919,2023-01-08 10:33:33.515148,132.73793715
9,39.96235884731361,116.52766831018194,2023-01-08 11:12:48.515148,2023-01-08 17:41:03.515148,388.25
9,39.962356923633905,116.52766791575249,2023-01-08 17:42:03.515148,2023-01-09 09:11:16.365821,929.2141778833334
9,39.94761937217965,116.4673618612549,2023-01-09 09:21:31.365821,2023-01-09 12:39:41.141128,198.16292178333333
9,39.927131687421785,116.21774175976317,2023-01-09 14:32:56.141128,2023-01-09 15:22:19.211571,49.384507383333336
9,39.947581057745516,116.46735884064071,2023-01-09 17:01:49.211571,2023-01-09 20:42:42.589073,220.88962503333332
9,39.962362278405664,116.52763663408221,2023-01-09 20:58:12.589073,2023-01-09 22:04:27.589073,66.25
9,39.962355093880724,116.52766287455944,2023-01-09 22:05:27.589073,2023-01-10 07:26:23.328219,560.9289857666666
9,39.94760516570098,116.46735840772466,2023-01-10 07:35:53.328219,2023-01-10 11:40:24.204541,244.51460536666667
9,39.91691196781829,116.38269944463657,2023-01-10 12:13:54.204541,2023-01-10 12:31:09.204541,17.25
9,39.916874555601474,116.38268625455494,2023-01-10 12:32:09.204541,2023-01-10 13:15:10.001725,43.0132864
9,39.94759879055697,116.46716158852499,2023-01-10 14:31:10.001725,2023-01-10 14:36:55.001725,5.75
9,39.9476109868753,116.46736121146485,2023-01-10 14:37:55.001725,2023-01-10 19:16:21.867022,278.44775495
9,39.962357034115,116.52767578314514,2023-01-10 19:31:51.867022,2023-01-11 08:00:09.659090,748.2965344666667
9,39.94759884043802,116.46735942679533,2023-01-11 08:08:39.659090,2023-01-11 11:16:53.167253,188.22513605
9,39.92717138229476,116.21776892497019,2023-01-11 12:40:08.167253,2023-01-11 13:29:36.592360,49.473751783333334
9,39.94761330202704,116.46732600227611,2023-01-11 15:25:06.592360,2023-01-11 16:14:36.592360,49.5
9,39.9476147843886,116.46739139454975,2023-01-11 16:15:36.592360,2023-01-11 18:23:59.276311,128.37806585
9,39.96238450011518,116.52745980013238,2023-01-11 18:39:14.276311,2023-01-11 18:44:29.276311,5.25
9,39.9623649483663,116.52767302842541,2023-01-11 18:45:29.276311,2023-01-12 08:25:26.081900,819.9467598166667
9,39.94760867603441,116.46734596299757,2023-01-12 08:33:41.081900,2023-01-12 12:03:05.543094,209.40768656666665
9,40.03705492590104,116.21896213945377,2023-01-12 14:13:05.543094,2023-01-12 15:10:38.529005,57.549765183333335
9,39.94760215785604,116.46736514350168,2023-01-12 16:29:53.529005,2023-01-12 20:35:34.186971,245.67763276666668
9,39.96235838180708,116.52767335482662,2023-01-12 20:51:19.186971,2023-01-13 07:59:45.615668,668.4404782833334
9,39.947601222070716,116.46734821129724,2023-01-13 08:08:15.615668,2023-01-13 11:25:20.947786,197.08886863333333
9,39.91686101988344,116.38269662344068,2023-01-13 11:53:05.947786,2023-01-13 13:06:40.633280,73.57809156666667
9,39.94753730007281,116.4672974730528,2023-01-13 13:37:10.633280,2023-01-13 13:56:25.633280,19.25
9,39.94762387111924,116.46735936035931,2023-01-13 13:57:25.633280,2023-01-13 17:29:36.693744,212.18434106666666
9,39.91693125719166,116.38276193415487,2023-01-13 17:52:51.693744,2023-01-13 18:02:26.617503,9.582062650000001
9,39.962336908604904,116.52757770918632,2023-01-13 18:41:41.617503,2023-01-13 18:48:56.617503,7.25
9,39.962358379127046,116.52766877555788,2023-01-13 18:49:56.617503,2023-01-15 08:02:53.891823,2232.954572
9,39.91685178053393,116.38265901822255,2023-01-15 08:42:23.891823,2023-01-15 13:16:12.974850,273.81805045
9,39.962353863894144,116.5276688583233,2023-01-15 13:55:42.974850,2023-01-16 07:29:55.958713,1054.2163977166667
9,39.94759626152868,116.46735458311629,2023-01-16 07:43:25.958713,2023-01-16 10:48:02.744797,184.61310139999998
9,39.92711560373702,116.21775174295925,2023-01-16 14:17:47.744797,2023-01-16 15:02:57.542061,45.16328773333333
9,39.94759890567442,116.46736968155477,2023-01-16 16:22:42.542061,2023-01-16 20:46:57.542061,264.25
9,39.947687035912665,116.4675326249563,2023-01-16 20:47:57.542061,2023-01-16 20:54:40.923616,6.723025916666667
9,39.9623505333637,116.52767040809296,2023-01-16 21:10:10.923616,2023-01-17 07:54:32.050156,644.3521089999999
9,39.94760599227434,116.4673634162762,2023-01-17 08:02:32.050156,2023-01-17 12:31:13.802689,268.69587555000004
9,40.03707464179916,116.21900273215898,2023-01-17 14:35:28.802689,2023-01-17 15:25:42.958401,50.235928533333336
9,39.94760541960676,116.4673491314844,2023-01-17 19:39:27.958401,2023-01-17 23:00:28.223603,201.00442003333333
9,39.916881803761285,116.38276435389668,2023-01-17 23:23:28.223603,2023-01-17 23:33:43.223603,10.25
9,39.91687194874589,116.38273805215226,2023-01-17 23:34:43.223603,2023-01-17 23:49:53.473877,15.1708379
9,39.9623557988519,116.52766431302148,2023-01-18 00:29:00.000000,2023-01-18 08:20:42.959297,471.71598828333333
9,39.947602017617264,116.46735947166125,2023-01-18 08:33:27.959297,2023-01-18 12:26:29.496973,233.02562793333334
9,39.92710183526859,116.21774922172744,2023-01-18 13:33:14.496973,2023-01-18 14:06:29.496973,33.25
9,39.927120749044036,116.2176864202919,2023-01-18 14:07:29.496973,2023-01-18 14:37:05.194214,29.59495401666667
9,39.94760471293393,116.467361889062,2023-01-18 16:32:35.194214,2023-01-18 19:42:55.737964,190.34239583333334
9,39.9622622292117,116.52755219327786,2023-01-18 19:58:25.737964,2023-01-18 20:06:40.737964,8.25
9,39.96236367749732,116.52767678514893,2023-01-18 20:07:40.737964,2023-01-19 07:38:55.054833,691.2386144833333
9,39.947599962478506,116.46735039234507,2023-01-19 07:46:55.054833,2023-01-19 12:17:38.575358,270.7253420833333
9,39.91691355573053,116.38260576423691,2023-01-19 12:45:53.575358,2023-01-19 12:56:08.575358,10.25
9,39.916855473942036,116.38266300403181,2023-01-19 12:57:08.575358,2023-01-19 13:57:31.429195,60.38089728333333
9,39.94761424981357,116.46736392343307,2023-01-19 15:09:46.429195,2023-01-19 19:55:03.163012,285.27889695
9,39.96230435202211,116.52760231497605,2023-01-19 20:10:33.163012,2023-01-19 20:23:48.163012,13.25
9,39.96237697967681,116.52766534318079,2023-01-19 20:24:48.163012,2023-01-20 07:28:43.208410,663.9174233
9,39.947593168031275,116.4673473429015,2023-01-20 07:37:58.208410,2023-01-20 11:03:32.964793,205.57927305
9,40.023759797950405,116.21098437636851,2023-01-20 12:40:17.964793,2023-01-20 13:26:46.165896,46.47001838333333
9,39.94762573581266,116.46735478954584,2023-01-20 17:22:31.165896,2023-01-20 21:11:13.641381,228.70792475000002
9,39.962365737920244,116.52767028159319,2023-01-20 21:26:58.641381,2023-01-21 08:04:36.368673,637.6287882
9,39.91687311366897,116.3826676082046,2023-01-21 08:43:51.368673,2023-01-21 10:59:11.046209,135.32795893333335
9,39.96233527607354,116.52767155974237,2023-01-21 11:38:26.046209,2023-01-21 12:12:41.046209,34.25
9,39.96238103817985,116.52766891747487,2023-01-21 12:13:41.046209,2023-01-21 13:32:41.046209,79.0
9,39.9623639780812,116.52766169938131,2023-01-21 13:33:41.046209,2023-01-21 17:51:41.046209,258.0
9,39.96235818299964,116.52767847454163,2023-01-21 17:52:41.046209,2023-01-22 08:14:30.111834,861.8177604166667
9,39.92714432468375,116.21769783306367,2023-01-22 09:33:30.111834,2023-01-22 10:44:45.111834,71.25
9,39.92711656112166,116.21771076001474,2023-01-22 10:45:45.111834,2023-01-22 12:41:51.010415,116.09830968333334
9,39.962312891701224,116.52759095957124,2023-01-22 14:01:21.010415,2023-01-22 14:10:36.010415,9.25
9,39.96235709871757,116.52766762854698,2023-01-22 14:11:36.010415,2023-01-23 07:47:34.557580,1055.9757860833333
9,39.94762015481317,116.46737870479936,2023-01-23 08:03:04.557580,2023-01-23 10:46:20.295202,163.26229370000001
9,40.02377146411649,116.21090450054322,2023-01-23 12:22:50.295202,2023-01-23 13:17:30.584957,54.671495916666665
9,39.94765463158764,116.4673097069476,2023-01-23 14:31:45.584957,2023-01-23 14:43:00.584957,11.25
9,39.94760990781943,116.46736668462925,2023-01-23 14:44:00.584957,2023-01-23 17:59:54.513389,195.89880720000002
9,40.02376553632847,116.21094735719817,2023-01-23 19:09:24.513389,2023-01-23 19:20:39.513389,11.25
9,40.02380427899516,116.21084967648555,2023-01-23 19:21:39.513389,2023-01-23 19:31:17.702873,9.6364914
9,39.962362249987066,116.52766497107105,2023-01-23 20:54:17.702873,2023-01-24 07:00:49.929539,606.5371111000001
9,39.94760191076494,116.46734653781986,2023-01-24 07:15:19.929539,2023-01-24 11:15:22.826887,240.04828913333333
9,40.03707172541605,116.21891201683646,2023-01-24 13:33:37.826887,2023-01-24 14:40:23.628654,66.76336278333333
9,39.94768718757444,116.46723808610318,2023-01-24 16:08:53.628654,2023-01-24 16:17:08.628654,8.25
9,39.947615374218685,116.46737162135935,2023-01-24 16:18:08.628654,2023-01-24 19:37:14.929553,199.10501498333332
9,39.96235908459152,116.52767436409212,2023-01-24 19:52:44.929553,2023-01-25 07:59:59.263367,727.2388969
9,39.94760950894414,116.46734840142977,2023-01-25 08:12:59.263367,2023-01-25 12:10:52.995308,237.89553235
9,39.91688963410048,116.38267485407461,2023-01-25 13:07:22.995308,2023-01-25 13:53:52.995308,46.5
9,39.947608607486075,116.46734433356738,2023-01-25 14:23:15.788836,2023-01-25 17:17:50.833207,174.58407285
9,40.0231342161981,116.43607246529244,2023-01-25 17:43:35.833207,2023-01-25 18:49:50.216265,66.23971763333333
9,39.962417984427816,116.52760690318935,2023-01-25 19:19:50.216265,2023-01-25 19:30:05.216265,10.25
9,39.962352144803766,116.52767091518156,2023-01-25 19:31:05.216265,2023-01-26 07:43:38.617963,732.5566949666667
9,39.94760394448451,116.46736398127769,2023-01-26 07:55:23.617963,2023-01-26 11:51:42.433365,236.31359003333333
9,40.02376932908873,116.21093412335401,2023-01-26 13:44:42.433365,2023-01-26 14:56:53.279890,72.18077541666666
9,39.9475930993872,116.46734246993408,2023-01-26 16:44:23.279890,2023-01-26 19:29:12.265219,164.81642215
9,39.96229528055842,116.52756339103024,2023-01-26 19:44:42.265219,2023-01-26 19:49:57.265219,5.25
9,39.96236134233752,116.52767211863659,2023-01-26 19:50:57.265219,2023-01-27 07:45:23.165714,714.4316749166667
9,39.94760395780739,116.46736051515437,2023-01-27 07:54:08.165714,2023-01-27 12:41:42.854083,287.5781394833333
9,40.03707263956268,116.21890900315971,2023-01-27 14:40:42.854083,2023-01-27 15:35:34.812421,54.865972299999996
9,39.94761285162175,116.46737043938897,2023-01-27 16:48:34.812421,2023-01-27 19:58:29.146209,189.90556313333335
9,39.96230121310014,116.52759549954389,2023-01-27 20:13:44.146209,2023-01-27 20:29:59.146209,16.25
9,39.96236386885421,116.52767216705088,2023-01-27 20:30:59.146209,2023-01-28 08:57:03.438964,746.0715459166667
9,39.92711986160421,116.21772354517947,2023-01-28 10:16:18.438964,2023-01-28 13:42:43.930765,206.42486335
9,39.962387303842924,116.5276687378859,2023-01-28 15:01:58.930765,2023-01-28 15:42:13.930765,40.25
9,39.962361038843106,116.52767087447916,2023-01-28 15:43:13.930765,2023-01-29 08:07:48.470604,984.5756639833332
9,39.927119416710504,116.21771446761457,2023-01-29 09:27:18.470604,2023-01-29 13:03:37.549427,216.31798038333332
9,39.9623548741015,116.5276695820838,2023-01-29 14:23:07.549427,2023-01-30 07:50:11.173653,1047.0604037666667
9,39.947628457567376,116.46736476593482,2023-01-30 08:03:56.173653,2023-01-30 12:23:12.902948,259.2788215833333
9,39.91686673947042,116.38269088670378,2023-01-30 12:47:12.902948,2023-01-30 13:57:32.606764,70.32839693333334
9,39.94759590979572,116.46736269916713,2023-01-30 14:21:47.606764,2023-01-30 16:03:02.606764,101.25
9,39.947616650057384,116.46736059154973,2023-01-30 16:04:02.606764,2023-01-30 18:11:43.964036,127.68928786666667
9,39.962357494988915,116.5276706977299,2023-01-30 18:27:13.964036,2023-01-31 07:26:58.601382,779.7439557666668
9,39.94761890626805,116.46737542232032,2023-01-31 07:39:43.601382,2023-01-31 12:26:04.241452,286.3440011666667
9,40.0237994122553,116.21091172749115,2023-01-31 14:07:19.241452,2023-01-31 15:15:22.417506,68.05293423333333
9,39.94763309776923,116.46736923858015,2023-01-31 17:32:52.417506,2023-01-31 21:07:12.608739,214.33652055
9,39.96238616978209,116.52766596473276,2023-01-31 21:22:57.608739,2023-01-31 23:58:57.608739,156.0
10,40.00831364093112,116.53486059919108,2023-01-01 00:00:00.000000,2023-01-02 07:59:55.703822,1919.9283970333333
10,39.98397111601145,116.4901079940058,2023-01-02 08:07:10.703822,2023-01-02 10:46:50.312082,159.66013766666669
10,39.86627034038041,116.45686719537844,2023-01-02 12:10:35.312082,2023-01-02 13:40:44.512623,90.15334235
10,39.9840028400064,116.49011100472144,2023-01-02 14:49:44.512623,2023-01-02 18:54:24.074547,244.65936539999998
10,40.008314253212625,116.53486206895751,2023-01-02 19:08:09.074547,2023-01-03 08:59:45.165098,831.6015091833334
10,39.983989445361004,116.49010095851767,2023-01-03 09:10:15.165098,2023-01-03 14:03:05.141834,292.8329456
10,39.87619702867757,116.3774702766332,2023-01-03 16:10:20.141834,2023-01-03 17:19:44.328666,69.40311386666667
10,39.98399606321138,116.49013628599803,2023-01-03 18:16:29.328666,2023-01-03 21:39:57.561411,203.47054574999999
10,40.00829037133781,116.53481789122408,2023-01-03 21:53:27.561411,2023-01-03 22:19:42.561411,26.25
10,40.008304130277466,116.53485143579168,2023-01-03 22:20:42.561411,2023-01-04 07:46:15.600087,565.5506445999999
10,39.983985541548414,116.49010944529921,2023-01-04 07:57:15.600087,2023-01-04 11:34:19.589598,217.06649185
10,39.91861990182897,116.4312860336007,2023-01-04 12:13:04.589598,2023-01-04 12:47:05.963782,34.022903066666665
10,39.98390606579698,116.48998218976453,2023-01-04 14:27:20.963782,2023-01-04 14:37:20.963782,10.0
10,39.98398408627194,116.49010793302169,2023-01-04 14:38:20.963782,2023-01-04 19:16:12.580097,277.86027191666665
10,40.008316505961695,116.5348301742329,2023-01-04 19:29:27.580097,2023-01-04 19:54:42.580097,25.25
10,40.00831204139843,116.53485869839685,2023-01-04 19:55:42.580097,2023-01-05 08:37:29.821127,761.7873505
10,39.98397798936199,116.49009056216761,2023-01-05 08:45:29.821127,2023-01-05 13:03:26.707345,257.94810363333335
10,39.91849405214734,116.4311987400764,2023-01-05 14:04:41.707345,2023-01-05 15:21:48.025898,77.10530921666667
10,39.98395529708295,116.49006340881324,2023-01-05 16:32:03.025898,2023-01-05 16:45:33.025898,13.5
10,39.98400391183545,116.4901133154132,2023-01-05 16:46:33.025898,2023-01-05 20:34:54.223043,228.35328575
10,40.00830416633499,116.53483315594686,2023-01-05 20:48:09.223043,2023-01-05 21:59:24.223043,71.25
10,40.00831703938057,116.53485701787196,2023-01-05 22:00:24.223043,2023-01-06 08:27:06.356974,626.7022321833333
10,39.983987197813136,116.49010818774511,2023-01-06 08:33:51.356974,2023-01-06 11:59:57.420709,206.10106224999998
10,39.9185294492484,116.43118425628616,2023-01-06 12:32:57.420709,2023-01-06 13:24:40.831597,51.7235148
10,39.983980007616786,116.49009325202417,2023-01-06 14:08:25.831597,2023-01-06 17:44:40.831597,216.25
10,39.984008004070766,116.49011129109424,2023-01-06 17:45:40.831597,2023-01-06 18:26:42.521990,41.028173216666666
10,40.00821176100633,116.53474794648997,2023-01-06 18:39:57.521990,2023-01-06 18:45:12.521990,5.25
10,40.00831468375451,116.53485613646464,2023-01-06 18:46:12.521990,2023-01-07 08:25:07.967265,818.9240879166666
10,39.87621170456268,116.37751332396098,2023-01-07 09:24:07.967265,2023-01-07 09:37:22.967265,13.25
10,39.87618442158544,116.3774689966769,2023-01-07 09:38:22.967265,2023-01-07 12:08:50.283076,150.45526351666666
10,40.00822689423663,116.5347609829301,2023-01-07 13:07:35.283076,2023-01-07 13:12:50.283076,5.25
10,40.00831652503439,116.53485524032526,2023-01-07 13:13:50.283076,2023-01-08 08:01:05.818990,1127.2589318999999
10,39.95713166310038,116.53023701558475,2023-01-08 08:17:20.818990,2023-01-08 08:29:35.818990,12.25
10,39.95712748389487,116.53029427696713,2023-01-08 08:30:35.818990,2023-01-08 10:47:13.869229,136.63417065000002
10,40.00831571123637,116.53485989693618,2023-01-08 11:03:58.869229,2023-01-09 07:59:03.551284,1255.07803425
10,39.98398762745369,116.49010120792431,2023-01-09 08:08:03.551284,2023-01-09 12:46:40.366380,278.6135849333333
10,39.86629044599097,116.45685880467937,2023-01-09 13:47:55.366380,2023-01-09 14:21:10.366380,33.25
10,39.86625326652294,116.45685984531656,2023-01-09 14:22:10.366380,2023-01-09 14:51:47.102255,29.612264583333335
10,39.984001380756794,116.49010019883518,2023-01-09 15:33:32.102255,2023-01-09 18:53:42.080477,200.1663037
10,40.00831692346215,116.53483729089274,2023-01-09 19:06:57.080477,2023-01-09 20:15:12.080477,68.25
10,40.00831061794973,116.53486152906935,2023-01-09 20:16:12.080477,2023-01-10 07:33:28.327683,677.2707867666667
10,39.98399539660962,116.49011714084777,2023-01-10 07:41:58.327683,2023-01-10 11:51:08.375742,249.16746765000002
10,39.86627542116956,116.45686182303096,2023-01-10 13:00:38.375742,2023-01-10 14:01:32.847679,60.90786561666666
10,39.98397695331668,116.49008605450759,2023-01-10 14:59:17.847679,2023-01-10 19:04:34.423970,245.27627151666667
10,40.00831254736791,116.53485759017498,2023-01-10 19:18:19.423970,2023-01-11 08:07:46.175583,769.4458602166667
10,39.983994896693844,116.49010496487183,2023-01-11 08:14:31.175583,2023-01-11 12:29:19.948757,254.81288623333333
10,39.876218519975914,116.37748412631785,2023-01-11 13:17:04.948757,2023-01-11 13:42:19.948757,25.25
10,39.8761861605996,116.37744719977918,2023-01-11 13:43:19.948757,2023-01-11 14:21:36.584801,38.2772674
10,39.98388119022252,116.49003315887384,2023-01-11 16:20:06.584801,2023-01-11 16:30:51.584801,10.75
10,39.98400056558115,116.49011482276259,2023-01-11 16:31:51.584801,2023-01-11 21:50:04.625339,318.21734230000004
10,40.0083129479973,116.53485551245103,2023-01-11 22:03:34.625339,2023-01-12 07:54:33.885697,590.9876726333333
10,39.98410576693745,116.49018375173293,2023-01-12 08:07:33.885697,2023-01-12 08:19:48.885697,12.25
10,39.98398296152274,116.49009489409605,2023-01-12 08:20:48.885697,2023-01-12 11:52:49.220284,212.00557644999998
10,39.876518965226715,116.37787093633922,2023-01-12 12:50:49.220284,2023-01-12 12:57:06.790246,6.2928327
10,39.98394460889541,116.49007652146126,2023-01-12 15:11:21.790246,2023-01-12 15:37:06.790246,25.75
10,39.98399052882795,116.49011070524939,2023-01-12 15:38:06.790246,2023-01-12 18:56:59.319230,198.87548306666667
10,40.00824160192268,116.53474810336851,2023-01-12 19:10:14.319230,2023-01-12 19:22:29.319230,12.25
10,40.00832012979176,116.5348658814757,2023-01-12 19:23:29.319230,2023-01-13 07:34:47.879720,731.3093415000001
10,39.98398105029489,116.49011107475364,2023-01-13 07:42:02.879720,2023-01-13 12:16:07.098155,274.07030725
10,39.866287262267335,116.45687911950752,2023-01-13 14:04:37.098155,2023-01-13 14:59:37.837655,55.012325000000004
10,39.98399319122086,116.49009759358202,2023-01-13 16:03:37.837655,2023-01-13 19:44:13.586896,220.59582068333333
10,40.008315047733014,116.53486451849147,2023-01-13 19:57:58.586896,2023-01-15 07:36:53.000026,2138.9068855
10,39.86624769022038,116.45685852109857,2023-01-15 08:27:38.000026,2023-01-15 12:10:19.708318,222.6951382
10,40.008317069516416,116.53486737205621,2023-01-15 13:01:19.708318,2023-01-16 07:50:38.758249,1129.31749885
10,39.98399103341753,116.49011781057006,2023-01-16 08:00:38.758249,2023-01-16 12:01:00.331432,240.35955305000002
10,39.918518403216694,116.4311791493581,2023-01-16 12:41:15.331432,2023-01-16 13:48:56.631865,67.68834054999999
10,39.983944069896545,116.4900686016104,2023-01-16 14:22:11.631865,2023-01-16 15:05:26.631865,43.25
10,39.9839706133842,116.49010074584284,2023-01-16 15:07:26.631865,2023-01-16 19:34:51.915494,267.42139381666664
10,40.00831739221874,116.53485623716399,2023-01-16 19:48:21.915494,2023-01-17 08:24:02.248885,755.6722231833334
10,39.98396650489367,116.49008650818782,2023-01-17 08:32:32.248885,2023-01-17 11:28:41.995892,176.16245011666666
10,39.91861167161194,116.43133487780801,2023-01-17 13:10:56.995892,2023-01-17 13:15:56.995892,5.0
10,39.91847227179667,116.43116155990091,2023-01-17 13:16:56.995892,2023-01-17 13:45:12.307286,28.2551899
10,39.98394545724409,116.49003246133238,2023-01-17 14:17:27.307286,2023-01-17 14:22:42.307286,5.25
10,39.983992013756904,116.49010286801357,2023-01-17 14:23:42.307286,2023-01-17 19:12:15.250507,288.54905368333334
10,40.00830525661004,116.53484053410125,2023-01-17 19:25:30.250507,2023-01-17 20:23:45.250507,58.25
10,40.008310678043905,116.53486472276377,2023-01-17 20:24:45.250507,2023-01-18 08:13:47.365192,709.0352447500001
10,39.9839944348783,116.4901149886924,2023-01-18 08:26:32.365192,2023-01-18 12:28:42.642784,242.1712932
10,39.91850527162541,116.43120828081639,2023-01-18 13:03:42.642784,2023-01-18 13:55:16.361847,51.56198438333333
10,39.983988218227985,116.4901088294394,2023-01-18 14:37:16.361847,2023-01-18 18:40:30.989908,243.24380101666665
10,40.00828746976803,116.53483980280852,2023-01-18 18:54:00.989908,2023-01-18 20:16:15.989908,82.25
10,40.008308657825964,116.53486004443687,2023-01-18 20:17:15.989908,2023-01-19 06:25:26.326253,608.1722724166667
10,39.98398698546905,116.49009613098491,2023-01-19 06:33:26.326253,2023-01-19 10:49:15.180207,255.81423256666667
10,39.87621281550181,116.37746357314695,2023-01-19 11:45:30.180207,2023-01-19 13:08:54.268154,83.40146578333334
10,39.98399123833014,116.4900876159965,2023-01-19 14:27:09.268154,2023-01-19 17:43:24.268154,196.25
10,39.983972873715075,116.49010380750398,2023-01-19 17:44:24.268154,2023-01-19 18:53:10.287100,68.76698243333334
10,39.876177176796006,116.37744120759936,2023-01-19 19:38:25.287100,2023-01-19 20:37:04.064123,58.646283716666666
10,40.0083240868978,116.53487398582254,2023-01-19 21:36:04.064123,2023-01-20 07:27:55.563521,591.8583233
10,39.98397585786142,116.49010317023452,2023-01-20 07:34:40.563521,2023-01-20 10:42:10.484597,187.49868460000002
10,39.8761943256219,116.37746881454812,2023-01-20 11:54:40.484597,2023-01-20 12:22:55.484597,28.25
10,39.87616132584943,116.37741890286928,2023-01-20 12:23:55.484597,2023-01-20 13:07:32.737203,43.62087676666667
10,39.98398144013901,116.49011852503729,2023-01-20 14:10:02.737203,2023-01-20 18:21:33.781304,251.51740168333333
10,40.00830996218588,116.5348542337709,2023-01-20 18:35:18.781304,2023-01-21 07:49:24.143472,794.0893694666667
10,39.91847305875759,116.43115106585091,2023-01-21 08:28:39.143472,2023-01-21 12:24:47.006471,236.13104998333336
10,40.00832011697509,116.53484712563194,2023-01-21 13:03:47.006471,2023-01-21 14:01:02.006471,57.25
10,40.00831546417208,116.53485818529234,2023-01-21 14:02:02.006471,2023-01-22 07:47:10.542044,1065.14225955
10,39.942750869240406,116.27983313344389,2023-01-22 08:55:25.542044,2023-01-22 12:48:27.843892,233.03836413333332
10,40.00831477120519,116.53485940108527,2023-01-22 13:56:27.843892,2023-01-23 08:04:02.015542,1087.5695275
10,39.9839797279063,116.49010873120424,2023-01-23 08:13:47.015542,2023-01-23 12:03:46.641133,229.99375985
10,39.91858906958318,116.43120632963367,2023-01-23 13:37:46.641133,2023-01-23 14:13:55.953656,36.15520871666667
10,39.98397242450977,116.49011910981915,2023-01-23 15:01:25.953656,2023-01-23 16:59:55.953656,118.5
10,39.98402037194448,116.49011761752683,2023-01-23 17:00:55.953656,2023-01-23 19:39:13.213334,158.2876613
10,40.00832064655954,116.53485925764474,2023-01-23 19:52:43.213334,2023-01-24 07:40:35.406145,707.8698801833333
10,39.98398802493581,116.49009984569317,2023-01-24 07:52:20.406145,2023-01-24 11:54:05.589321,241.75305293333335
10,39.86630391291996,116.45690804759454,2023-01-24 13:45:05.589321,2023-01-24 14:13:35.589321,28.5
10,39.86628756660584,116.45691522084732,2023-01-24 14:14:35.589321,2023-01-24 14:41:15.854853,26.671092199999997
10,39.98398387919692,116.49011049065177,2023-01-24 15:57:15.854853,2023-01-24 20:39:56.875432,282.68367631666666
10,40.008265999878645,116.5348073257397,2023-01-24 20:53:26.875432,2023-01-24 21:06:41.875432,13.25
10,40.00831588903293,116.53485498621863,2023-01-24 21:07:41.875432,2023-01-25 07:02:39.762656,594.9647870666666
10,39.983967778722075,116.49009943300656,2023-01-25 07:14:54.762656,2023-01-25 10:39:34.670090,204.6651239
10,39.87625741562932,116.37760188439418,2023-01-25 13:21:04.670090,2023-01-25 13:29:04.670090,8.0
10,39.876221512563944,116.37741117673957,2023-01-25 13:30:04.670090,2023-01-25 13:56:18.852952,26.23638103333333
10,39.98398511705823,116.49010136326999,2023-01-25 15:02:18.852952,2023-01-25 19:51:50.453999,289.5266841166667
10,39.876170232723254,116.37747243043172,2023-01-25 20:37:05.453999,2023-01-25 21:44:32.425582,67.44952638333334
10,40.0082741220393,116.53480717958347,2023-01-25 22:43:17.425582,2023-01-25 23:29:32.425582,46.25
10,40.00831902205628,116.53486040425867,2023-01-25 23:30:32.425582,2023-01-26 07:57:23.933182,506.85846000000004
10,39.98399979748516,116.49009870916106,2023-01-26 08:05:23.933182,2023-01-26 11:37:53.866669,212.49889145
10,39.9427640139104,116.27987937499284,2023-01-26 13:40:38.866669,2023-01-26 14:16:08.866669,35.5
10,39.94271738278294,116.27983868070189,2023-01-26 14:17:08.866669,2023-01-26 14:51:56.964317,34.801627466666666
10,39.98399080077312,116.49010029810793,2023-01-26 16:10:11.964317,2023-01-26 19:53:05.371620,222.89012171666667
10,40.008317693209136,116.53485959805306,2023-01-26 20:06:50.371620,2023-01-27 07:41:03.729340,694.2226286666667
10,39.98399443547127,116.49011456567746,2023-01-27 07:49:33.729340,2023-01-27 11:51:25.581963,241.86421038333336
10,39.87623936437021,116.37754051976013,2023-01-27 13:43:40.581963,2023-01-27 14:25:48.785483,42.13672533333333
10,39.98399991503548,116.49011319426657,2023-01-27 15:59:33.785483,2023-01-27 19:32:57.779297,213.3998969
10,40.00831385452545,116.53485765614963,2023-01-27 19:46:42.779297,2023-01-29 08:15:37.011399,2188.9038683666668
10,39.866259582709716,116.4568825976045,2023-01-29 09:06:22.011399,2023-01-29 12:50:23.712009,224.0283435
10,40.00830903971059,116.53485831923845,2023-01-29 13:41:08.712009,2023-01-30 08:20:28.531859,1119.3303308333334
10,39.983981658028725,116.49007813502182,2023-01-30 08:29:13.531859,2023-01-30 12:28:17.325203,239.0632224
10,39.86636328576561,116.45691557765521,2023-01-30 13:53:32.325203,2023-01-30 14:03:02.325203,9.5
10,39.866263453391774,116.45686326887885,2023-01-30 14:04:02.325203,2023-01-30 15:18:38.672549,74.6057891
10,39.98396238350378,116.49008995901667,2023-01-30 16:06:53.672549,2023-01-30 16:12:08.672549,5.25
10,39.983978802141245,116.49010775881077,2023-01-30 16:13:08.672549,2023-01-30 20:32:41.532542,259.54766655
10,40.00827443556207,116.53484263161478,2023-01-30 20:45:56.532542,2023-01-30 21:58:11.532542,72.25
10,40.00831470700391,116.53486169357046,2023-01-30 21:59:11.532542,2023-01-31 08:41:02.602450,641.8511651333333
10,39.98397391755918,116.49009769829681,2023-01-31 08:47:47.602450,2023-01-31 12:38:15.132251,230.45883001666667
10,39.876238375345245,116.37747705387959,2023-01-31 13:59:45.132251,2023-01-31 14:40:35.473502,40.83902085
10,39.98398488150199,116.49010732890329,2023-01-31 16:21:20.473502,2023-01-31 20:21:30.069501,240.15993331666667
10,40.00831597663612,116.5348076496503,2023-01-31 20:35:00.069501,2023-01-31 21:15:15.069501,40.25
10,40.00831544685951,116.53486536413592,2023-01-31 21:16:15.069501,2023-02-01 07:39:31.087387,623.2669647666667
10,39.98398323647741,116.49009254246951,2023-02-01 07:47:01.087387,2023-02-01 11:28:24.731961,221.39407623333332
10,39.86631307913813,116.45687892205989,2023-02-01 12:36:09.731961,2023-02-01 13:11:13.571824,35.06399771666667
10,39.98398636594723,116.49009599812946,2023-02-01 14:03:58.571824,2023-02-01 17:58:02.955896,234.0730678666667
10,40.00831984858497,116.53483169661602,2023-02-01 18:11:32.955896,2023-02-01 18:53:47.955896,42.25
10,40.00831721946129,116.53485573472678,2023-02-01 18:54:47.955896,2023-02-02 08:03:47.562920,788.9934503999999
10,39.98398773166515,116.49010157529366,2023-02-02 08:14:47.562920,2023-02-02 12:31:03.321541,256.26264368333335
10,39.87618940282899,116.3774635148252,2023-02-02 13:35:48.321541,2023-02-02 14:45:23.925577,69.5934006
10,39.98398695656641,116.49012193390668,2023-02-02 15:41:08.925577,2023-02-02 18:32:43.047060,171.56869138333334
10,40.008308126246675,116.53484266130245,2023-02-02 18:46:13.047060,2023-02-02 20:53:28.047060,127.25
10,40.00831942957183,116.53486380929249,2023-02-02 20:54:28.047060,2023-02-03 07:42:41.456920,648.2234976666666
10,39.98398694279009,116.4900961809264,2023-02-03 07:50:56.456920,2023-02-03 11:49:45.218174,238.81268756666665
10,39.87623347896944,116.37749764125935,2023-02-03 12:52:30.218174,2023-02-03 13:43:06.448904,50.603845500000006
10,39.983964224927504,116.49007598448716,2023-02-03 15:16:21.448904,2023-02-03 15:40:51.448904,24.5
10,39.98398274286888,116.49011551212116,2023-02-03 15:41:51.448904,2023-02-03 18:32:22.072272,170.51038946666668
10,40.00831073324814,116.53485846877057,2023-02-03 18:45:52.072272,2023-02-04 08:07:06.241492,801.2361536666667
10,39.942769619470795,116.27985758922848,2023-02-04 09:14:51.241492,2023-02-04 10:04:06.241492,49.25
10,39.94273969732111,116.2798270965655,2023-02-04 10:05:06.241492,2023-02-04 11:52:43.651094,107.62349336666666
10,40.008284560557655,116.53482347964626,2023-02-04 13:00:28.651094,2023-02-04 13:47:43.651094,47.25
10,40.00831395482081,116.53486752945679,2023-02-04 13:48:43.651094,2023-02-05 05:47:00.000000,958.2724817666666
10,40.008298989837314,116.53486718084747,2023-02-05 05:48:00.000000,2023-02-05 08:10:00.000000,142.0
10,40.00828451600674,116.53489534489846,2023-02-05 08:11:00.000000,2023-02-05 08:53:35.050321,42.58417201666667
10,39.86637511542834,116.45694734318315,2023-02-05 09:44:20.050321,2023-02-05 10:00:58.139217,16.634814933333335
10,40.00826555037981,116.53487172876439,2023-02-05 10:51:13.139217,2023-02-05 11:20:28.139217,29.25
10,40.008309211224805,116.53485695520591,2023-02-05 11:21:28.139217,2023-02-06 08:49:49.523215,1288.3563999666667
10,39.98398231478816,116.49009499047975,2023-02-06 08:57:49.523215,2023-02-06 11:40:38.911070,162.82313091666668
10,39.91849773792679,116.43120078573402,2023-02-06 12:09:53.911070,2023-02-06 12:47:08.911070,37.25
10,39.91844143388522,116.43110923542496,2023-02-06 12:48:08.911070,2023-02-06 13:08:34.037922,20.41878086666667
10,39.98399538204607,116.49010764222307,2023-02-06 13:42:34.037922,2023-02-06 17:50:12.547914,247.64183319999998
10,40.00830814151059,116.53472933620753,2023-02-06 18:03:42.547914,2023-02-06 18:10:57.547914,7.25
10,40.00831464233516,116.53485849290642,2023-02-06 18:11:57.547914,2023-02-07 08:10:22.873865,838.4220991833333
10,39.983988081757936,116.49009044363378,2023-02-07 08:17:07.873865,2023-02-07 11:52:29.821501,215.36579393333335
10,39.876203144200076,116.37745758963301,2023-02-07 13:13:44.821501,2023-02-07 14:14:05.606446,60.34641575
10,39.98390913548998,116.49012986782458,2023-02-07 15:03:35.606446,2023-02-07 15:11:50.606446,8.25
10,39.98399824647519,116.49010100237078,2023-02-07 15:12:50.606446,2023-02-07 19:11:05.960134,238.2558948
10,40.00832000688364,116.53485579387873,2023-02-07 19:24:35.960134,2023-02-08 08:02:52.333942,758.2728967999999
10,39.98398648163036,116.49009276654124,2023-02-08 08:12:37.333942,2023-02-08 12:02:43.812205,230.10797105
10,39.94273541653808,116.27988497417095,2023-02-08 15:28:43.812205,2023-02-08 16:12:10.379333,43.44278546666667
10,39.98399267990666,116.49008040916483,2023-02-08 17:22:55.379333,2023-02-08 19:00:10.379333,97.25
10,39.98401346613935,116.49010156733561,2023-02-08 19:01:10.379333,2023-02-08 22:26:47.507591,205.61880430000002
10,40.008316899605255,116.53485306782277,2023-02-08 22:40:17.507591,2023-02-09 07:44:11.894603,543.9064502
10,39.98398844806703,116.4901068019376,2023-02-09 07:51:26.894603,2023-02-09 11:16:48.310348,205.35692908333334
10,39.866390930398396,116.4569004502221,2023-02-09 12:16:18.310348,2023-02-09 12:54:14.153027,37.93071131666667
10,39.98397270498448,116.49012022472188,2023-02-09 14:58:29.153027,2023-02-09 18:39:45.543104,221.27316795
10,40.00830796581598,116.5348722184036,2023-02-09 18:53:30.543104,2023-02-10 07:45:48.709382,772.3027712999999
10,39.983976754947115,116.4900852398345,2023-02-10 07:57:48.709382,2023-02-10 11:37:32.416456,219.72845123333335
10,39.94273367722689,116.27984944982948,2023-02-10 14:24:17.416456,2023-02-10 15:46:46.771980,82.48925873333333
10,39.98395700975483,116.48992005381837,2023-02-10 17:46:46.771980,2023-02-10 17:52:16.771980,5.5
10,39.984000905002574,116.49010988320285,2023-02-10 17:53:16.771980,2023-02-10 21:46:16.224695,232.9908785833333
10,40.00821557213911,116.53483616568323,2023-02-10 21:59:31.224695,2023-02-10 22:04:46.224695,5.25
10,40.00831635299665,116.53485885237193,2023-02-10 22:05:46.224695,2023-02-11 07:24:49.101650,559.04794925
10,39.866265472901745,116.45685925444629,2023-02-11 08:15:49.101650,2023-02-11 12:20:56.733893,245.12720405
10,40.00830965721039,116.53486597188937,2023-02-11 13:11:41.733893,2023-02-12 08:43:14.721922,1171.5498004833332
10,39.91849300870172,116.43114018624743,2023-02-12 09:22:29.721922,2023-02-12 12:05:31.213909,163.02486645
10,40.00824980130316,116.53475363512095,2023-02-12 12:44:31.213909,2023-02-12 12:49:46.213909,5.25
10,40.008313772124396,116.53485543571576,2023-02-12 12:50:46.213909,2023-02-13 07:56:02.941051,1145.2787857
10,39.9839924529447,116.490102813546,2023-02-13 08:04:02.941051,2023-02-13 12:26:48.734295,262.76322073333336
10,39.918517386066156,116.43116177514752,2023-02-13 13:07:03.734295,2023-02-13 14:07:26.687551,60.382554266666666
10,39.983933785814145,116.49008259247104,2023-02-13 14:58:41.687551,2023-02-13 15:32:11.687551,33.5
10,39.9839913411246,116.49009184091517,2023-02-13 15:33:11.687551,2023-02-13 19:26:03.911944,232.87040655
10,40.00830764856148,116.53485852308523,2023-02-13 19:39:33.911944,2023-02-14 08:04:28.381412,744.9078244666667
10,39.9839971154668,116.49009915354041,2023-02-14 08:15:28.381412,2023-02-14 11:46:47.723927,211.32237525
10,39.91851164991622,116.43123345330203,2023-02-14 12:47:47.723927,2023-02-14 13:56:51.842200,69.06863788333334
10,39.98398489450171,116.4901158685257,2023-02-14 14:52:51.842200,2023-02-14 18:19:30.970809,206.65214348333333
10,39.942731286173185,116.27987600570916,2023-02-14 19:14:15.970809,2023-02-14 19:39:06.718345,24.845792266666667
10,40.008311992480564,116.53486604173851,2023-02-14 20:47:06.718345,2023-02-15 08:23:10.495537,696.0629532
10,39.98397896049233,116.49009446349545,2023-02-15 08:30:55.495537,2023-02-15 12:33:06.367424,242.18119811666665
10,39.876196241214515,116.37748625402442,2023-02-15 13:57:06.367424,2023-02-15 15:07:30.243418,70.39793323333333
10,39.98389237195029,116.4900245816206,2023-02-15 16:09:45.243418,2023-02-15 16:21:00.243418,11.25
10,39.983996486826236,116.49009053840615,2023-02-15 16:22:00.243418,2023-02-15 20:00:50.661679,218.84030435000003
10,40.00831254856034,116.53486537244301,2023-02-15 20:14:20.661679,2023-02-16 08:17:46.941936,723.4380042833333
10,39.98398314236641,116.49009734170309,2023-02-16 08:29:46.941936,2023-02-16 11:31:36.299543,181.82262678333333
10,39.918525108918736,116.43118680853405,2023-02-16 11:57:51.299543,2023-02-16 13:06:57.031306,69.09552938333333
10,39.98398625417436,116.49010253197619,2023-02-16 13:52:57.031306,2023-02-16 17:44:10.250450,231.2203190666667
10,40.008309449083775,116.5348294403767,2023-02-16 17:57:40.250450,2023-02-16 18:31:55.250450,34.25
10,40.00831312093132,116.53486007783864,2023-02-16 18:32:55.250450,2023-02-17 08:36:49.123302,843.8978808666667
10,39.983985972249,116.4901030509205,2023-02-17 08:46:04.123302,2023-02-17 13:17:18.384017,271.2376785833333
10,39.91859817329691,116.4312877257129,2023-02-17 14:01:03.384017,2023-02-17 14:07:33.384017,6.5
10,39.918464886401445,116.43113665058904,2023-02-17 14:08:33.384017,2023-02-17 15:11:12.958331,62.659571899999996
10,39.98401513178507,116.4901042831056,2023-02-17 16:29:57.958331,2023-02-17 17:26:27.958331,56.5
10,39.98400386526304,116.49009973813031,2023-02-17 17:27:27.958331,2023-02-17 20:37:23.250135,189.92153006666666
10,39.866260421418566,116.45688444229596,2023-02-17 21:17:08.250135,2023-02-17 22:04:50.021114,47.69618298333333
10,40.00831385322017,116.53486553159344,2023-02-17 22:55:35.021114,2023-02-18 07:54:07.288751,538.53779395
10,39.94273618160528,116.27981912125787,2023-02-18 09:02:22.288751,2023-02-18 10:57:27.753966,115.09108691666667
10,40.00830523209635,116.53482455187823,2023-02-18 12:05:12.753966,2023-02-18 12:31:27.753966,26.25
10,40.00831972327831,116.53485621818578,2023-02-18 12:32:27.753966,2023-02-20 07:28:37.812711,2576.16764575
10,39.98398827244182,116.49009719972202,2023-02-20 07:37:07.812711,2023-02-20 10:37:17.043791,180.15385133333334
10,39.876213762517615,116.37748504617299,2023-02-20 11:53:47.043791,2023-02-20 12:29:02.043791,35.25
10,39.87623193194115,116.37753840119233,2023-02-20 12:30:02.043791,2023-02-20 12:41:30.366893,11.4720517
10,39.98391306626565,116.49007729599217,2023-02-20 13:38:00.366893,2023-02-20 13:49:15.366893,11.25
10,39.9840118607345,116.49010286485306,2023-02-20 13:50:15.366893,2023-02-20 17:24:09.650131,213.90472063333334
10,40.00832272850424,116.53486676506401,2023-02-20 17:37:39.650131,2023-02-21 07:57:09.277398,859.4937877833333
10,39.983982849469186,116.49011328408797,2023-02-21 08:06:39.277398,2023-02-21 12:26:36.928648,259.9608541666667
10,39.918636673936625,116.43120913232657,2023-02-21 14:09:36.928648,2023-02-21 14:16:36.928648,7.0
10,39.91849812614828,116.43115961062927,2023-02-21 14:17:36.928648,2023-02-21 15:15:42.575471,58.09411371666667
10,39.98389446353793,116.49000903069471,2023-02-21 15:45:12.575471,2023-02-21 15:51:27.575471,6.25
10,39.98398439587845,116.49010411172688,2023-02-21 15:52:27.575471,2023-02-21 19:51:56.796917,239.48702409999999
10,39.86632446650576,116.45686702431452,2023-02-21 20:31:11.796917,2023-02-21 20:51:26.796917,20.25
10,39.866182655364966,116.45689174311592,2023-02-21 20:52:26.796917,2023-02-21 21:08:07.854532,15.684293583333334
10,40.00831815551253,116.53485630812627,2023-02-21 21:59:07.854532,2023-02-22 08:33:14.442961,634.10980715
10,39.98399762670896,116.4901051873924,2023-02-22 08:41:44.442961,2023-02-22 12:27:36.436478,225.86655861666668
10,39.86630096085677,116.45685404447073,2023-02-22 13:31:36.436478,2023-02-22 13:39:51.436478,8.25
10,39.86627418049719,116.45688777748524,2023-02-22 13:40:51.436478,2023-02-22 14:40:32.629459,59.68654968333333
10,39.983951055903084,116.49012987436998,2023-02-22 15:31:47.629459,2023-02-22 16:13:02.629459,41.25
10,39.98397685651879,116.49009628093333,2023-02-22 16:14:02.629459,2023-02-22 19:41:39.538077,207.61514363333333
10,40.00830786507852,116.5348610225969,2023-02-22 19:55:09.538077,2023-02-22 23:58:09.538077,243.0
